a_true,algorithm,algorithm_key,amplification_factor_max,ci_high,ci_low,coverage,final_abs_error,final_estimate,final_normalized_abs_error,final_queries,k_max,objective_ry_offset,repetition,run_kind
0.3602728053304129,CABIQAE,cabiqae_latentt,23,0.36216231179641917,0.35970443381106115,1.0,0.0006605674733272671,0.36093337280374016,0.0018335202201050073,39168.0,11,0.3,299,hardware_replay
0.3602728053304129,CABIQAE,cabiqae_latentt,33,0.363732301051525,0.36085571169957525,0.0,0.0020212010451371998,0.3622940063755501,0.005610195982690169,71936.0,16,0.3,298,hardware_replay
0.3602728053304129,CABIQAE,cabiqae_latentt,23,0.36224386343753456,0.35932799045098657,1.0,0.0005131216138477002,0.3607859269442606,0.0014242585236959719,56320.0,11,0.3,297,hardware_replay
0.3602728053304129,BAE,bae,45,0.3613247067376306,0.35897352323979304,1.0,0.00012369034170106596,0.3601491149887118,0.00034332411403527183,69120.0,22,0.3,297,hardware_replay
0.3602728053304129,CABIQAE,cabiqae_latentt,21,0.36171829402736333,0.3587849569152187,1.0,2.117985912186704e-05,0.360251625471291,5.8788392597222534e-05,61696.0,10,0.3,296,hardware_replay
0.3602728053304129,CABIQAE,cabiqae_latentt,23,0.36138958674572835,0.358436270273658,1.0,0.00035987682071975113,0.35991292850969314,0.0009989008756564387,56832.0,11,0.3,295,hardware_replay
0.3602728053304129,BAE,bae,45,0.36242388357441097,0.36006735022772013,1.0,0.0009728115706526541,0.36124561690106555,0.0027002081651998975,73472.0,22,0.3,295,hardware_replay
0.3602728053304129,CABIQAE,cabiqae_latentt,23,0.36217238316409117,0.35917748076490663,1.0,0.00040212663408600857,0.3606749319644989,0.0011161726006968823,50944.0,11,0.3,294,hardware_replay
0.3602728053304129,CABIQAE,cabiqae_latentt,23,0.3611437060549174,0.35828079363696935,1.0,0.0005605554844694827,0.3597122498459434,0.0015559195037088264,62720.0,11,0.3,293,hardware_replay
0.3602728053304129,CABIQAE,cabiqae_latentt,23,0.3611201267313284,0.3582016912507806,1.0,0.0006118963393583754,0.3596609089910545,0.0016984249999030426,56832.0,11,0.3,292,hardware_replay
0.3602728053304129,CABIQAE,cabiqae_latentt,33,0.36091904021647414,0.35834958776612674,1.0,0.0006384913391124791,0.3596343139913004,0.0017722440596839022,57344.0,16,0.3,291,hardware_replay
0.3602728053304129,CABIQAE,cabiqae_latentt,23,0.36201321796302655,0.35915031277610393,1.0,0.0003089600391523173,0.3605817653695652,0.0008575724689210563,62720.0,11,0.3,290,hardware_replay
0.3602728053304129,CABIQAE,cabiqae_latentt,23,0.3625341070908824,0.3596319100843458,1.0,0.0008102032572012141,0.3610830085876141,0.0022488604335766105,56832.0,11,0.3,289,hardware_replay
0.3602728053304129,CABIQAE,cabiqae_latentt,23,0.36182515723580766,0.3591733294067661,1.0,0.00022643799087401772,0.3604992433212869,0.0006285181327143114,56832.0,11,0.3,288,hardware_replay
0.3602728053304129,BAE,bae,45,0.3619899286422705,0.35971090615558726,1.0,0.0005776120685159758,0.36085041739892887,0.0016032630272668985,68608.0,22,0.3,288,hardware_replay
0.3602728053304129,CABIQAE,cabiqae_latentt,23,0.36023850033705673,0.3573269471449574,0.0,0.001490081589405834,0.35878272374100706,0.004135981310160928,50944.0,11,0.3,287,hardware_replay
0.3602728053304129,BIQAE,biqae,51,0.35309403786102944,0.3501115671177236,0.0,0.008670002841036362,0.35160280248937653,0.024065104867087985,15104.0,25,0.3,287,hardware_replay
0.3602728053304129,CABIQAE,cabiqae_latentt,23,0.36081883199608356,0.3579325908249563,1.0,0.0008970939198929551,0.35937571141051994,0.002490040620940605,62720.0,11,0.3,286,hardware_replay
0.3602728053304129,CABIQAE,cabiqae_latentt,23,0.36151653583152377,0.3588895672705146,1.0,6.975377939372196e-05,0.36020305155101917,0.00019361377922974085,47872.0,11,0.3,285,hardware_replay
0.3602728053304129,CABIQAE,cabiqae_latentt,23,0.36145871078568237,0.3585789993679617,1.0,0.0002539502535908178,0.3600188550768221,0.0007048832158117383,62720.0,11,0.3,284,hardware_replay
0.3602728053304129,BAE,bae,47,0.36204462661961906,0.35955851600954475,1.0,0.0005287659841690107,0.3608015713145819,0.001467682201780591,69632.0,23,0.3,284,hardware_replay
0.3602728053304129,CABIQAE,cabiqae_latentt,23,0.362610420596108,0.3596369123198451,1.0,0.0008508611275636624,0.36112366645797656,0.0023617134431873697,45056.0,11,0.3,283,hardware_replay
0.3602728053304129,CABIQAE,cabiqae_latentt,15,0.38561670311586554,0.383287183579394,0.0,0.024179138017216883,0.3844519433476298,0.06711341422242999,5376.0,7,0.3,282,hardware_replay
0.3602728053304129,CABIQAE,cabiqae_latentt,23,0.3617705707105617,0.35882594164888715,1.0,2.5450849311547952e-05,0.36029825617972444,7.06432706965115e-05,45056.0,11,0.3,281,hardware_replay
0.3602728053304129,CABIQAE,cabiqae_latentt,33,0.3627322759161438,0.3597942056311966,1.0,0.0009904354432573315,0.3612632407736702,0.0027491262970819703,55040.0,16,0.3,280,hardware_replay
0.3602728053304129,CABIQAE,cabiqae_latentt,23,0.3634969447415427,0.3608081627407873,0.0,0.0018797484107521134,0.362152553741165,0.005217569527703211,50944.0,11,0.3,279,hardware_replay
0.3602728053304129,CABIQAE,cabiqae_latentt,21,0.3615676915907769,0.3585901417217902,1.0,0.00019388867412933886,0.36007891665628355,0.0005381718277390377,56320.0,10,0.3,278,hardware_replay
0.3602728053304129,CABIQAE,cabiqae_latentt,23,0.3615170622271791,0.35865927339814857,1.0,0.00018463751774905335,0.36008816781266384,0.0005124936298750578,56832.0,11,0.3,277,hardware_replay
0.3602728053304129,CABIQAE,cabiqae_latentt,23,0.3619682482124668,0.3591335889658779,1.0,0.00027811325875942705,0.3605509185891723,0.0007719518504994131,56832.0,11,0.3,276,hardware_replay
0.3602728053304129,CABIQAE,cabiqae_latentt,23,0.36135274692943553,0.358497691830897,1.0,0.00034758595024658723,0.3599252193801663,0.0009647854212249233,56832.0,11,0.3,275,hardware_replay
0.3602728053304129,CABIQAE,cabiqae_latentt,23,0.3610685899406504,0.35811081002567374,1.0,0.0006831053472508564,0.35958969998316204,0.0018960780196117433,56832.0,11,0.3,274,hardware_replay
0.3602728053304129,BAE,bae,45,0.3622248983183896,0.3600903344249569,1.0,0.0008848110412603694,0.36115761637167326,0.00245594734925633,69120.0,22,0.3,274,hardware_replay
0.3602728053304129,CABIQAE,cabiqae_latentt,23,0.3613999049676705,0.3585088885042394,1.0,0.0003184085944579196,0.359954396735955,0.000883798581927107,56832.0,11,0.3,273,hardware_replay
0.3602728053304129,CABIQAE,cabiqae_latentt,23,0.361006265742471,0.35814788243791257,1.0,0.000695731240221098,0.3595770740901918,0.0019311233874092439,49664.0,11,0.3,272,hardware_replay
0.3602728053304129,CABIQAE,cabiqae_latentt,33,0.36035148188676686,0.3573960083836125,1.0,0.001399060195223234,0.35887374513518966,0.003883335557176262,65792.0,16,0.3,271,hardware_replay
0.3602728053304129,CABIQAE,cabiqae_latentt,23,0.3612965639015529,0.3583321241789232,1.0,0.0004584612901748497,0.35981434404023804,0.001272539263002064,56832.0,11,0.3,270,hardware_replay
0.3602728053304129,CABIQAE,cabiqae_latentt,23,0.3617456263034377,0.3589542765589224,1.0,7.71461007672003e-05,0.3603499514311801,0.00021413245636580362,56832.0,11,0.3,269,hardware_replay
0.3602728053304129,CABIQAE,cabiqae_latentt,23,0.36323475740787875,0.3602789206324066,0.0,0.001484033689729769,0.36175683902014266,0.0041191943099028365,56832.0,11,0.3,268,hardware_replay
0.3602728053304129,CABIQAE,cabiqae_latentt,35,0.3622678816267601,0.35944712908467896,1.0,0.0005847000253066392,0.36085750535571953,0.001622936887424517,76032.0,17,0.3,267,hardware_replay
0.3602728053304129,CABIQAE,cabiqae_latentt,23,0.36157168116827176,0.3585982226702784,1.0,0.00018785341113780607,0.3600849519192751,0.000521419902802606,56832.0,11,0.3,266,hardware_replay
0.3602728053304129,CABIQAE,cabiqae_latentt,23,0.3614287756787181,0.3587880845322908,1.0,0.00016437522490847511,0.3601084301055044,0.0004562521025080523,62720.0,11,0.3,265,hardware_replay
0.3602728053304129,BAE,bae,45,0.3627853803411075,0.36009697346523317,1.0,0.001168371572757454,0.36144117690317035,0.003243019055201568,66048.0,22,0.3,265,hardware_replay
0.3602728053304129,CABIQAE,cabiqae_latentt,23,0.361581891276288,0.35903118496088376,1.0,3.3732788172979866e-05,0.3603065381185859,9.363123631283493e-05,43776.0,11,0.3,264,hardware_replay
0.3602728053304129,CABIQAE,cabiqae_latentt,23,0.3608627350326306,0.3579340438778438,1.0,0.0008744158751757269,0.35939838945523717,0.0024270937529514165,56832.0,11,0.3,263,hardware_replay
0.3602728053304129,CABIQAE,cabiqae_latentt,21,0.3629306789670076,0.3599833195600046,1.0,0.0011841939330932139,0.3614569992635061,0.00328693677561138,56576.0,10,0.3,262,hardware_replay
0.3602728053304129,CABIQAE,cabiqae_latentt,43,0.3585820441155835,0.3559768097105234,0.0,0.002993378417359416,0.3572794269130535,0.00830864381954706,39936.0,21,0.3,261,hardware_replay
0.3602728053304129,CABIQAE,cabiqae_latentt,33,0.3630545652622585,0.36016779557756606,1.0,0.0013383750894993551,0.36161118041991225,0.003714893463224088,71936.0,16,0.3,260,hardware_replay
0.3602728053304129,CABIQAE,cabiqae_latentt,23,0.36199628395763267,0.35913890740071003,1.0,0.0002947903487584558,0.36056759567917135,0.0008182420221479055,56832.0,11,0.3,259,hardware_replay
0.3602728053304129,CABIQAE,cabiqae_latentt,33,0.35948717342615477,0.3565245379654959,0.0,0.0022669496345875673,0.3580058556958253,0.0062923140493729626,29696.0,16,0.3,258,hardware_replay
0.3602728053304129,CABIQAE,cabiqae_latentt,33,0.36188654553983696,0.35907538079341456,1.0,0.00020815783621286332,0.36048096316662576,0.0005777783755339454,71936.0,16,0.3,257,hardware_replay
0.3602728053304129,CABIQAE,cabiqae_latentt,33,0.3626541986264319,0.359739961734488,1.0,0.0009242748500470355,0.36119708018045993,0.002565486032728354,63488.0,16,0.3,256,hardware_replay
0.3602728053304129,CABIQAE,cabiqae_latentt,23,0.36277192724407487,0.3599323471956153,1.0,0.0010793318894321557,0.36135213721984505,0.0029958738862964703,62720.0,11,0.3,255,hardware_replay
0.3602728053304129,CABIQAE,cabiqae_latentt,23,0.3608494262324277,0.35800325946142325,1.0,0.000846462483487409,0.3594263428469255,0.0023495042394640433,56832.0,11,0.3,254,hardware_replay
0.3602728053304129,CABIQAE,cabiqae_latentt,23,0.3612359247586331,0.3582769044693159,1.0,0.0005163907164383863,0.3597564146139745,0.0014333324880427619,56832.0,11,0.3,253,hardware_replay
0.3602728053304129,CABIQAE,cabiqae_latentt,21,0.3607572429566214,0.35807139997468057,1.0,0.0008584838647618942,0.359414321465651,0.002382871679627783,61952.0,10,0.3,252,hardware_replay
0.3602728053304129,CABIQAE,cabiqae_latentt,31,0.36181200748573256,0.358928932569263,1.0,9.766469708488712e-05,0.3603704700274978,0.0002710853987308784,75776.0,15,0.3,251,hardware_replay
0.3602728053304129,BAE,bae,45,0.361590141784227,0.35942227351675227,1.0,0.00023340232007673656,0.36050620765048963,0.0006478488429418894,68096.0,22,0.3,251,hardware_replay
0.3602728053304129,CABIQAE,cabiqae_latentt,33,0.36203100245203496,0.3591873999179289,1.0,0.0003363958545690715,0.36060920118498196,0.000933725359205385,63488.0,16,0.3,250,hardware_replay
0.3602728053304129,CABIQAE,cabiqae_latentt,23,0.3619454075503689,0.35896512695451244,1.0,0.00018246192202781009,0.3604552672524407,0.0005064548845435915,56832.0,11,0.3,249,hardware_replay
0.3602728053304129,CABIQAE,cabiqae_latentt,21,0.3590577234644275,0.3560796910002695,0.0,0.0027040980980644336,0.35756870723234846,0.007505695845081771,39680.0,10,0.3,248,hardware_replay
0.3602728053304129,BAE,bae,45,0.3619974628083194,0.35977903721868415,1.0,0.0006154446830888838,0.3608882500135018,0.0017082740467309154,73984.0,22,0.3,248,hardware_replay
0.3602728053304129,CABIQAE,cabiqae_latentt,23,0.3618543198969978,0.35897114330215646,1.0,0.00013992626916420337,0.3604127315995771,0.0003883897621300458,45056.0,11,0.3,247,hardware_replay
0.3602728053304129,BAE,bae,45,0.3621041191740176,0.35963555629991356,1.0,0.0005970324065526778,0.36086983773696557,0.0016571675622453052,76544.0,22,0.3,247,hardware_replay
0.3602728053304129,CABIQAE,cabiqae_latentt,23,0.3609122499238699,0.3579981623157701,1.0,0.0008175992105929342,0.35945520611981996,0.0022693891920126993,56832.0,11,0.3,246,hardware_replay
0.3602728053304129,BAE,bae,45,0.3610335737956462,0.35863560160611835,1.0,0.00043821762953061283,0.3598345877008823,0.0012163494525453157,70400.0,22,0.3,246,hardware_replay
0.3602728053304129,CABIQAE,cabiqae_latentt,21,0.36220229921548197,0.35928918683887295,1.0,0.00047293769676454156,0.36074574302717743,0.0013127210540656866,57088.0,10,0.3,245,hardware_replay
0.3602728053304129,CABIQAE,cabiqae_latentt,23,0.36041423707103515,0.357450623726668,1.0,0.0013403749315613056,0.3589324303988516,0.0037204443736241007,55552.0,11,0.3,244,hardware_replay
0.3602728053304129,CABIQAE,cabiqae_latentt,21,0.3611904332024254,0.35847979047776074,1.0,0.00043769349031980154,0.3598351118400931,0.0012148946127598632,55808.0,10,0.3,243,hardware_replay
0.3602728053304129,BAE,bae,45,0.3622704754360128,0.3597602248680603,1.0,0.0007425448216236696,0.36101535015203656,0.002061062646520511,69120.0,22,0.3,243,hardware_replay
0.3602728053304129,CABIQAE,cabiqae_latentt,23,0.36139895302835223,0.3584257161663187,1.0,0.0003604707330774337,0.35991233459733546,0.0010005493829789325,56832.0,11,0.3,242,hardware_replay
0.3602728053304129,CABIQAE,cabiqae_latentt,23,0.36279866248178794,0.36011322019883685,1.0,0.0011831360098994992,0.3614559413403124,0.0032840003252935595,56832.0,11,0.3,241,hardware_replay
0.3602728053304129,BAE,bae,45,0.3620669157503549,0.35963749547401735,1.0,0.0005794002817732236,0.3608522056121861,0.0016082265250130239,69632.0,22,0.3,241,hardware_replay
0.3602728053304129,CABIQAE,cabiqae_latentt,23,0.36296247741110305,0.3600087534898824,1.0,0.0012128101200798436,0.36148561545049274,0.0033663659930356186,50944.0,11,0.3,240,hardware_replay
0.3602728053304129,CABIQAE,cabiqae_latentt,23,0.360394370859781,0.3575475868692597,1.0,0.0013018264658925527,0.35897097886452034,0.0036134463846046426,56832.0,11,0.3,239,hardware_replay
0.3602728053304129,CABIQAE,cabiqae_latentt,31,0.35835104272953017,0.3556904699340744,0.0,0.0032520489986105905,0.3570207563318023,0.009026629127968946,35584.0,15,0.3,238,hardware_replay
0.3602728053304129,CABIQAE,cabiqae_latentt,23,0.36261238433789555,0.3597442974334995,1.0,0.0009055355552846645,0.36117834088569756,0.00251347185212656,56832.0,11,0.3,237,hardware_replay
0.3602728053304129,CABIQAE,cabiqae_latentt,23,0.36234588350487557,0.35954292291946527,1.0,0.0006715978817575241,0.3609444032121704,0.001864137042321552,62720.0,11,0.3,236,hardware_replay
0.3602728053304129,BAE,bae,45,0.3627336392995674,0.36042324429606004,0.0,0.0013056364674008392,0.36157844179781373,0.003624021708225842,71680.0,22,0.3,236,hardware_replay
0.3602728053304129,CABIQAE,cabiqae_latentt,23,0.36168941273781574,0.3590325120221944,1.0,8.815704959214132e-05,0.36036096238000503,0.0002446952650541882,56832.0,11,0.3,235,hardware_replay
0.3602728053304129,CABIQAE,cabiqae_latentt,23,0.3620843990983483,0.3593474906043746,1.0,0.00044313952094854336,0.36071594485136144,0.001230011020515778,43776.0,11,0.3,234,hardware_replay
0.3602728053304129,CABIQAE,cabiqae_latentt,23,0.36245952471423937,0.3598130226272199,1.0,0.0008634683403167531,0.36113627367072965,0.0023967069607844817,62720.0,11,0.3,233,hardware_replay
0.3602728053304129,BAE,bae,45,0.36221396484808477,0.36016735523888244,1.0,0.0009178547130707093,0.3611906600434836,0.002547665822928066,74496.0,22,0.3,233,hardware_replay
0.3602728053304129,CABIQAE,cabiqae_latentt,23,0.3608864553966543,0.3579298727925244,1.0,0.0008646412358235267,0.35940816409458937,0.002399962536807484,43776.0,11,0.3,232,hardware_replay
0.3602728053304129,CABIQAE,cabiqae_latentt,23,0.36237143272853317,0.3594270684704029,1.0,0.0006264452690551425,0.36089925059946804,0.0017388080914978246,59648.0,11,0.3,231,hardware_replay
0.3602728053304129,CABIQAE,cabiqae_latentt,33,0.36059604236693443,0.3577681446071691,1.0,0.0010907118433611251,0.35918209348705177,0.0030274609330027367,65792.0,16,0.3,230,hardware_replay
0.3602728053304129,CABIQAE,cabiqae_latentt,23,0.3616983227971359,0.3588258999236089,1.0,1.0693970040498435e-05,0.3602621113603724,2.9682978793502874e-05,62720.0,11,0.3,229,hardware_replay
0.3602728053304129,CABIQAE,cabiqae_latentt,21,0.36231657022929303,0.35939209951999995,1.0,0.0005815295442335722,0.36085433487464647,0.0016141366642987128,61952.0,10,0.3,228,hardware_replay
0.3602728053304129,CABIQAE,cabiqae_latentt,23,0.3616427071545158,0.35885217759970045,1.0,2.5362953304741698e-05,0.36024744237710815,7.03993000012334e-05,62720.0,11,0.3,227,hardware_replay
0.3602728053304129,BAE,bae,45,0.3611649842352937,0.3584446857228997,1.0,0.0004679703513161826,0.3598048349790967,0.0012989333205069371,72192.0,22,0.3,227,hardware_replay
0.3602728053304129,CABIQAE,cabiqae_latentt,23,0.3616077999307412,0.35869477408583955,1.0,0.00012151832212253799,0.36015128700829036,0.0003372952949115637,56832.0,11,0.3,226,hardware_replay
0.3602728053304129,CABIQAE,cabiqae_latentt,33,0.36221643349549915,0.3593329913205796,1.0,0.0005019070776264845,0.3607747124080394,0.0013931306226851515,63488.0,16,0.3,225,hardware_replay
0.3602728053304129,CABIQAE,cabiqae_latentt,23,0.36080427054053704,0.3579566483870911,1.0,0.0008923458665988093,0.3593804594638141,0.002476861570998739,50944.0,11,0.3,224,hardware_replay
0.3602728053304129,CABIQAE,cabiqae_latentt,21,0.36081745939278725,0.35786120958350104,1.0,0.0009334708422687465,0.35933933448814415,0.0025910111128500057,61184.0,10,0.3,223,hardware_replay
0.3602728053304129,CABIQAE,cabiqae_latentt,23,0.3628644938995059,0.35993778469537197,1.0,0.0011283339670260517,0.36140113929743894,0.0031318876982436563,56832.0,11,0.3,222,hardware_replay
0.3602728053304129,CABIQAE,cabiqae_latentt,23,0.3626837936077127,0.359699272606564,1.0,0.0009187277767254698,0.36119153310713836,0.002550089163357438,50944.0,11,0.3,221,hardware_replay
0.3602728053304129,CABIQAE,cabiqae_latentt,23,0.36245355559885656,0.35946192470720933,1.0,0.0006849348226200536,0.36095774015303295,0.001901156047545379,56832.0,11,0.3,220,hardware_replay
0.3602728053304129,CABIQAE,cabiqae_latentt,23,0.3619935260081276,0.3590521670120458,1.0,0.00025004117967381,0.3605228465100867,0.0006940328994426671,56832.0,11,0.3,219,hardware_replay
0.3602728053304129,CABIQAE,cabiqae_latentt,23,0.36201902347426573,0.3591364019272471,1.0,0.00030490737034355453,0.36057771270075645,0.0008463235798880748,56832.0,11,0.3,218,hardware_replay
0.3602728053304129,CABIQAE,cabiqae_latentt,23,0.361649348695071,0.3589583336185761,1.0,3.1035826410674705e-05,0.36030384115682357,8.614534861217508e-05,50944.0,11,0.3,217,hardware_replay
0.3602728053304129,CABIQAE,cabiqae_latentt,23,0.3608783362927461,0.3579619827381247,1.0,0.0008526458149775151,0.3594201595154354,0.002366667154340272,56832.0,11,0.3,216,hardware_replay
0.3602728053304129,CABIQAE,cabiqae_latentt,23,0.3605398007080146,0.35784618818493363,1.0,0.00107981088393877,0.3591929944464741,0.0029972034190825347,56320.0,11,0.3,215,hardware_replay
0.3602728053304129,CABIQAE,cabiqae_latentt,23,0.3620416814139901,0.35917496639847796,1.0,0.00033551857582114764,0.36060832390623404,0.0009312903190498581,50944.0,11,0.3,214,hardware_replay
0.3602728053304129,CABIQAE,cabiqae_latentt,21,0.36180444527347105,0.3588776329261007,1.0,6.823376937298287e-05,0.3603410390997859,0.00018939472633912628,46336.0,10,0.3,213,hardware_replay
0.3602728053304129,CABIQAE,cabiqae_latentt,23,0.36145048936822677,0.3587748419319534,1.0,0.00016013968032280168,0.3601126656500901,0.0004444956098641267,56832.0,11,0.3,212,hardware_replay
0.3602728053304129,CABIQAE,cabiqae_latentt,23,0.36192594153108226,0.35899003266303603,1.0,0.0001851817666462252,0.3604579870970591,0.0005140042876019787,50944.0,11,0.3,211,hardware_replay
0.3602728053304129,CABIQAE,cabiqae_latentt,23,0.36028994940460196,0.35748502898438017,1.0,0.0013853161359217991,0.3588874891944911,0.0038451865237269294,62720.0,11,0.3,210,hardware_replay
0.3602728053304129,CABIQAE,cabiqae_latentt,33,0.3616081696056047,0.3589746844508141,1.0,1.8621697796483705e-05,0.3602914270282094,5.168776971496752e-05,63488.0,16,0.3,209,hardware_replay
0.3602728053304129,CABIQAE,cabiqae_latentt,23,0.3617229213693262,0.35875772752570534,1.0,3.248088289714568e-05,0.36024032444751575,9.015635489710875e-05,50944.0,11,0.3,208,hardware_replay
0.3602728053304129,CABIQAE,cabiqae_latentt,21,0.3623753233132823,0.3594087098261713,1.0,0.0006192112393139104,0.3608920165697268,0.001718728780391904,51712.0,10,0.3,207,hardware_replay
0.3602728053304129,CABIQAE,cabiqae_latentt,35,0.3633472707222329,0.3603561394617657,0.0,0.001578899761586372,0.36185170509199927,0.004382511636253904,67072.0,17,0.3,206,hardware_replay
0.3602728053304129,BAE,bae,45,0.3615840799132462,0.3591602317437967,1.0,9.935049810855245e-05,0.36037215582852145,0.00027576463346279016,71680.0,22,0.3,206,hardware_replay
0.3602728053304129,CABIQAE,cabiqae_latentt,23,0.36063916231112453,0.3576587554838748,1.0,0.0011238464329132447,0.35914895889749965,0.0031194317647221365,60928.0,11,0.3,205,hardware_replay
0.3602728053304129,CABIQAE,cabiqae_latentt,23,0.3600189543139077,0.35708176632638516,0.0,0.0017224450102664712,0.3585503603201464,0.0047809465071525035,50944.0,11,0.3,204,hardware_replay
0.3602728053304129,CABIQAE,cabiqae_latentt,33,0.3621756921657362,0.3594197087529912,1.0,0.0005248951289507642,0.36079770045936366,0.0014569379680749788,74240.0,16,0.3,203,hardware_replay
0.3602728053304129,CABIQAE,cabiqae_latentt,23,0.36017163326700713,0.35722407968575354,0.0,0.0015749488540325873,0.3586978564763803,0.004371545203330494,45056.0,11,0.3,202,hardware_replay
0.3602728053304129,CABIQAE,cabiqae_latentt,23,0.3607218559098122,0.3578818476939255,1.0,0.0009709535285440385,0.35930185180186885,0.0026950508452991866,62720.0,11,0.3,201,hardware_replay
0.3602728053304129,CABIQAE,cabiqae_latentt,23,0.36071110508308507,0.35803588131765696,1.0,0.0008993121300418516,0.35937349320037104,0.0024961976500476515,56832.0,11,0.3,200,hardware_replay
0.3602728053304129,BAE,bae,43,0.3598099433152934,0.35741082985334344,0.0,0.0016624187460944628,0.35861038658431843,0.004614333142824443,71936.0,21,0.3,200,hardware_replay
0.3602728053304129,CABIQAE,cabiqae_latentt,23,0.36099813887283405,0.3580405009259428,1.0,0.0007534854310244365,0.35951931989938846,0.0020914302158704457,50944.0,11,0.3,199,hardware_replay
0.3602728053304129,CABIQAE,cabiqae_latentt,19,0.3497437977425617,0.34801617959268066,0.0,0.011392816662791738,0.34887998866762115,0.03162274946715219,11776.0,9,0.3,198,hardware_replay
0.3602728053304129,CABIQAE,cabiqae_latentt,33,0.36172436754017445,0.35896388987946987,1.0,7.132337940923827e-05,0.36034412870982213,0.00019797047779897313,71936.0,16,0.3,197,hardware_replay
0.3602728053304129,CABIQAE,cabiqae_latentt,23,0.36179539879785344,0.3588928214803101,1.0,7.130480866884836e-05,0.36034411013908174,0.0001979189314704267,50944.0,11,0.3,196,hardware_replay
0.3602728053304129,CABIQAE,cabiqae_latentt,21,0.36152717776415305,0.3586631465577063,1.0,0.00017764316948321035,0.3600951621609297,0.0004930795965026849,61952.0,10,0.3,195,hardware_replay
0.3602728053304129,CABIQAE,cabiqae_latentt,33,0.3615547620732008,0.3587446484501643,1.0,0.00012310006873034185,0.36014970526168255,0.0003416857084659623,71936.0,16,0.3,194,hardware_replay
0.3602728053304129,CABIQAE,cabiqae_latentt,23,0.3613957286255445,0.3585712093003571,1.0,0.0002893363674621452,0.35998346896295075,0.0008031035459276184,50944.0,11,0.3,193,hardware_replay
0.3602728053304129,CABIQAE,cabiqae_latentt,23,0.3620748674093883,0.35925226470307714,1.0,0.00039076072581983867,0.36066356605623273,0.0010846245401771714,50944.0,11,0.3,192,hardware_replay
0.3602728053304129,BAE,bae,45,0.3609515440167637,0.3583347394777701,1.0,0.0006296635831459785,0.3596431417472669,0.0017477410835061566,69632.0,22,0.3,192,hardware_replay
0.3602728053304129,CABIQAE,cabiqae_latentt,23,0.3626837920448394,0.36000462037839415,1.0,0.0010714008812038878,0.3613442062116168,0.002973859989852096,50944.0,11,0.3,191,hardware_replay
0.3602728053304129,CABIQAE,cabiqae_latentt,21,0.3616815809519651,0.35882633291388955,1.0,1.884839748556022e-05,0.36025395693292733,5.2317014236681015e-05,55808.0,10,0.3,190,hardware_replay
0.3602728053304129,CABIQAE,cabiqae_latentt,21,0.36171914711771747,0.3592570569922427,1.0,0.00021529672456715998,0.36048810205498005,0.0005975936051285008,56320.0,10,0.3,189,hardware_replay
0.3602728053304129,CABIQAE,cabiqae_latentt,23,0.3606097870753597,0.3577419777756333,1.0,0.0010969229049164197,0.3591758824254965,0.0030447008175108065,62720.0,11,0.3,188,hardware_replay
0.3602728053304129,BAE,bae,45,0.36189634422881356,0.3597193500054039,1.0,0.0005350417866958335,0.3608078471171087,0.0014851017861454647,74496.0,22,0.3,188,hardware_replay
0.3602728053304129,CABIQAE,cabiqae_latentt,23,0.36187045177388716,0.35905181738975767,1.0,0.00018832925140949142,0.3604611345818224,0.0005227406804595511,62720.0,11,0.3,187,hardware_replay
0.3602728053304129,CABIQAE,cabiqae_latentt,33,0.36014511390327547,0.35744905592992243,0.0,0.0014757204138139413,0.35879708491659895,0.004096119362827096,68608.0,16,0.3,186,hardware_replay
0.3602728053304129,CABIQAE,cabiqae_latentt,33,0.3604311927278909,0.35765693180835145,1.0,0.001228743062291704,0.3590440622681212,0.003410590652727177,68608.0,16,0.3,185,hardware_replay
0.3602728053304129,BAE,bae,45,0.3625407725490328,0.360273036262796,0.0,0.0011340990755014935,0.3614069044059144,0.0031478897622078082,69888.0,22,0.3,185,hardware_replay
0.3602728053304129,CABIQAE,cabiqae_latentt,23,0.36255745460288663,0.35973109328538,1.0,0.0008714686137203942,0.3611442739441333,0.002418913114802418,62720.0,11,0.3,184,hardware_replay
0.3602728053304129,CABIQAE,cabiqae_latentt,33,0.36305330758491056,0.3600588235148074,1.0,0.0012832602194460807,0.361556065549859,0.0035619125297819214,55040.0,16,0.3,183,hardware_replay
0.3602728053304129,CABIQAE,cabiqae_latentt,23,0.3612661501590835,0.3584713178245945,1.0,0.000404071338573897,0.359868733991839,0.0011215704671445174,56832.0,11,0.3,182,hardware_replay
0.3602728053304129,CABIQAE,cabiqae_latentt,23,0.36095458438529693,0.35840265823622164,1.0,0.0005941840196536097,0.3596786213107593,0.0016492613676701811,27392.0,11,0.3,181,hardware_replay
0.3602728053304129,CABIQAE,cabiqae_latentt,23,0.36072848304863014,0.35796672487713715,1.0,0.0009252013675292159,0.3593476039628837,0.002568057743577666,62720.0,11,0.3,180,hardware_replay
0.3602728053304129,BAE,bae,45,0.3623049962118601,0.35944888960302424,1.0,0.0006041375770292623,0.36087694290744216,0.001676889201990132,69120.0,22,0.3,180,hardware_replay
0.3602728053304129,CABIQAE,cabiqae_latentt,23,0.3607153376825909,0.35790527684104656,1.0,0.0009624980685941642,0.35931030726181873,0.002671581241641148,50944.0,11,0.3,179,hardware_replay
0.3602728053304129,CABIQAE,cabiqae_latentt,23,0.36233001637357354,0.359449302789874,1.0,0.0006168542513109165,0.3608896595817238,0.0017121865491490206,62720.0,11,0.3,178,hardware_replay
0.3602728053304129,CABIQAE,cabiqae_latentt,23,0.36062739630877955,0.35772693339373884,1.0,0.0010956404791537255,0.35917716485125917,0.0030411412211612623,56832.0,11,0.3,177,hardware_replay
0.3602728053304129,BAE,bae,45,0.36251565236454697,0.35992756684491944,1.0,0.000948804274320314,0.3612216096047332,0.002633571727541711,69120.0,22,0.3,177,hardware_replay
0.3602728053304129,CABIQAE,cabiqae_latentt,23,0.36120956995409165,0.3584177324825472,1.0,0.0004591541120934628,0.35981365121831943,0.0012744623110599869,62720.0,11,0.3,176,hardware_replay
0.3602728053304129,CABIQAE,cabiqae_latentt,23,0.3624714691794634,0.3595270057876479,1.0,0.0007264321531427753,0.36099923748355567,0.0020163391252263707,61440.0,11,0.3,175,hardware_replay
0.3602728053304129,CABIQAE,cabiqae_latentt,35,0.3641770070859886,0.3616165796901647,0.0,0.002623988057663784,0.3628967933880767,0.00728333645737506,22272.0,17,0.3,174,hardware_replay
0.3602728053304129,CABIQAE,cabiqae_latentt,23,0.3623979658603319,0.35964095357300624,1.0,0.0007466543862561514,0.36101945971666904,0.0020724694598344188,55552.0,11,0.3,173,hardware_replay
0.3602728053304129,CABIQAE,cabiqae_latentt,23,0.36376315317414254,0.36105735711218934,0.0,0.002137449812753045,0.36241025514316594,0.0059328647100986434,39168.0,11,0.3,172,hardware_replay
0.3602728053304129,CABIQAE,cabiqae_latentt,23,0.3622398568947851,0.35931261017927685,1.0,0.000503428206618084,0.360776233537031,0.001397352781474529,56832.0,11,0.3,171,hardware_replay
0.3602728053304129,CABIQAE,cabiqae_latentt,23,0.36030790800279183,0.35733579418996547,1.0,0.0014509542340342407,0.35882185109637865,0.0040273765118173255,45056.0,11,0.3,170,hardware_replay
0.3602728053304129,CABIQAE,cabiqae_latentt,23,0.36292221735874786,0.3600456722931395,1.0,0.0012111394955308108,0.3614839448259437,0.0033617288832557103,56832.0,11,0.3,169,hardware_replay
0.3602728053304129,CABIQAE,cabiqae_latentt,33,0.36274679496853546,0.3597896503133826,1.0,0.0009954173105461428,0.36126822264095904,0.0027629543385413926,55040.0,16,0.3,168,hardware_replay
0.3602728053304129,CABIQAE,cabiqae_latentt,23,0.3641100199477302,0.36127395898815196,0.0,0.002419184137528174,0.36269198946794107,0.006714867460810692,62720.0,11,0.3,167,hardware_replay
0.3602728053304129,CABIQAE,cabiqae_latentt,23,0.36126410774271817,0.35843466379955363,1.0,0.00042341955927699404,0.3598493857711359,0.0011752748278867956,62720.0,11,0.3,166,hardware_replay
0.3602728053304129,CABIQAE,cabiqae_latentt,23,0.36260799274018546,0.3597486093036351,1.0,0.0009054956914973933,0.3611783010219103,0.002513361203233051,50944.0,11,0.3,165,hardware_replay
0.3602728053304129,BAE,bae,45,0.36309859495166497,0.3608528225400187,0.0,0.0017029034154289469,0.36197570874584184,0.004726705402777161,66560.0,22,0.3,165,hardware_replay
0.3602728053304129,CABIQAE,cabiqae_latentt,33,0.3633661957989588,0.36037962920738703,0.0,0.0016001071727599903,0.3618729125031729,0.0044413765043756276,63488.0,16,0.3,164,hardware_replay
0.3602728053304129,CABIQAE,cabiqae_latentt,23,0.36189625839656514,0.35909071665733644,1.0,0.00022068219653786914,0.36049348752695076,0.0006125419217680818,62720.0,11,0.3,163,hardware_replay
0.3602728053304129,CABIQAE,cabiqae_latentt,23,0.3609236548231677,0.35795040862975097,1.0,0.000835773603953538,0.35943703172645936,0.00231983539025943,56832.0,11,0.3,162,hardware_replay
0.3602728053304129,CABIQAE,cabiqae_latentt,33,0.3612582177617561,0.35849108147116776,1.0,0.00039815571395096505,0.35987464961646193,0.0011051506193641483,65792.0,16,0.3,161,hardware_replay
0.3602728053304129,CABIQAE,cabiqae_latentt,23,0.3619453046410699,0.3590815067792402,1.0,0.00024060037974216186,0.36051340571015505,0.0006678283128295037,56832.0,11,0.3,160,hardware_replay
0.3602728053304129,CABIQAE,cabiqae_latentt,23,0.3616547805388809,0.358787626871168,1.0,5.160162538847546e-05,0.3602212037050244,0.00014322931019217686,56832.0,11,0.3,159,hardware_replay
0.3602728053304129,BAE,bae,45,0.3626270466156003,0.3601164331346721,1.0,0.0010989345447233179,0.3613717398751362,0.003050284474609358,66048.0,22,0.3,159,hardware_replay
0.3602728053304129,CABIQAE,cabiqae_latentt,23,0.36156853491915775,0.3586920165712009,1.0,0.00014252958523358616,0.3601302757451793,0.0003956157198789113,62720.0,11,0.3,158,hardware_replay
0.3602728053304129,CABIQAE,cabiqae_latentt,23,0.3613703875396624,0.3584655090703795,1.0,0.0003548570253919525,0.35991794830502094,0.000984967558310449,59648.0,11,0.3,157,hardware_replay
0.3602728053304129,CABIQAE,cabiqae_latentt,23,0.36315785509223103,0.36019666999415534,1.0,0.001404457212780319,0.3616772625431932,0.003898315920604291,50944.0,11,0.3,156,hardware_replay
0.3602728053304129,CABIQAE,cabiqae_latentt,23,0.36221101903983605,0.359221212473969,1.0,0.00044331042648965147,0.36071611575690254,0.0012304853986497349,50944.0,11,0.3,155,hardware_replay
0.3602728053304129,CABIQAE,cabiqae_latentt,23,0.3615343351422913,0.35857636268772786,1.0,0.0002174564154033276,0.36005534891500957,0.00060358820367775,47872.0,11,0.3,154,hardware_replay
0.3602728053304129,CABIQAE,cabiqae_latentt,23,0.36248162493190433,0.3596683055989437,1.0,0.0008021599350111486,0.36107496526542404,0.002226534790144576,62720.0,11,0.3,153,hardware_replay
0.3602728053304129,CABIQAE,cabiqae_latentt,23,0.36197455631787295,0.35924364998170677,1.0,0.0003362978193769961,0.3606091031497899,0.0009334532454331964,50944.0,11,0.3,152,hardware_replay
0.3602728053304129,CABIQAE,cabiqae_latentt,23,0.3627759185461372,0.3598204053008995,1.0,0.0010253565931054864,0.3612981619235184,0.0028460560384653867,55552.0,11,0.3,151,hardware_replay
0.3602728053304129,CABIQAE,cabiqae_latentt,23,0.36075574753140827,0.35782343168804925,1.0,0.0009832157206841052,0.3592895896097288,0.0027290866980159098,50944.0,11,0.3,150,hardware_replay
0.3602728053304129,CABIQAE,cabiqae_latentt,23,0.3605690137651592,0.3576133517910952,1.0,0.001181622552285655,0.35909118277812724,0.003279799459750971,56832.0,11,0.3,149,hardware_replay
0.3602728053304129,CABIQAE,cabiqae_latentt,21,0.3601298393379472,0.3572738524692575,0.0,0.0015709594268105698,0.3587018459036023,0.00436047185235037,61696.0,10,0.3,148,hardware_replay
0.3602728053304129,BAE,bae,45,0.3624016112394264,0.36006632651617365,1.0,0.0009611635473871227,0.3612339688778,0.0026678770453007735,73984.0,22,0.3,148,hardware_replay
0.3602728053304129,CABIQAE,cabiqae_latentt,23,0.36224420836726645,0.3594068961619179,1.0,0.0005527469341792823,0.3608255522645922,0.001534245510627281,56832.0,11,0.3,147,hardware_replay
0.3602728053304129,CABIQAE,cabiqae_latentt,35,0.3664124497084707,0.36369378470864466,0.0,0.004780311878144816,0.3650531172085577,0.013268589267404469,22784.0,17,0.3,146,hardware_replay
0.3602728053304129,BAE,bae,45,0.36214142780681513,0.35973783774973156,1.0,0.0006668274478604519,0.36093963277827334,0.0018508958711132583,72448.0,22,0.3,146,hardware_replay
0.3602728053304129,CABIQAE,cabiqae_latentt,35,0.3643763697722327,0.36168803591035315,0.0,0.0027593975108800017,0.3630322028412929,0.007659189009143521,25600.0,17,0.3,145,hardware_replay
0.3602728053304129,CABIQAE,cabiqae_latentt,23,0.36253585681555306,0.3596346630598585,1.0,0.0008124546072929006,0.3610852599377058,0.0022551094483742214,56320.0,11,0.3,144,hardware_replay
0.3602728053304129,CABIQAE,cabiqae_latentt,23,0.361455698350961,0.3584876721730954,1.0,0.0003011200683847304,0.35997168526202816,0.000835811262825035,56832.0,11,0.3,143,hardware_replay
0.3602728053304129,CABIQAE,cabiqae_latentt,23,0.3619691520341021,0.359092341178891,1.0,0.0002579412760836397,0.36053074660649653,0.0007159609947441827,50944.0,11,0.3,142,hardware_replay
0.3602728053304129,BAE,bae,45,0.3624307356194407,0.36020558690995097,1.0,0.0010453559342829544,0.36131816126469585,0.0029015676976346825,73472.0,22,0.3,142,hardware_replay
0.3602728053304129,CABIQAE,cabiqae_latentt,23,0.36119865961040537,0.3583286518853452,1.0,0.0005091495825376158,0.3597636557478753,0.0014132334581031317,62720.0,11,0.3,141,hardware_replay
0.3602728053304129,BAE,bae,45,0.3617317676751943,0.3591857851019141,1.0,0.00018597105814133208,0.3604587763885542,0.000516195103793012,66048.0,22,0.3,141,hardware_replay
0.3602728053304129,CABIQAE,cabiqae_latentt,21,0.3605299666106531,0.357597107957922,1.0,0.0012092680461253669,0.3590635372842875,0.0033565343490645225,56576.0,10,0.3,140,hardware_replay
0.3602728053304129,BAE,bae,45,0.3613921521772399,0.3588594324596203,1.0,0.00014701301198277728,0.3601257923184301,0.0004080602526964224,71168.0,22,0.3,140,hardware_replay
0.3602728053304129,CABIQAE,cabiqae_latentt,31,0.3612194604682126,0.35839580525581355,1.0,0.0004651724683997771,0.3598076328620131,0.001291167308543199,67328.0,15,0.3,139,hardware_replay
0.3602728053304129,CABIQAE,cabiqae_latentt,33,0.36271436005600577,0.35973527434916075,1.0,0.0009520118721703663,0.36122481720258326,0.002642474974754918,55040.0,16,0.3,138,hardware_replay
0.3602728053304129,CABIQAE,cabiqae_latentt,23,0.363291541854451,0.3606213822455769,0.0,0.0016836567196010788,0.36195646205001397,0.004673282842031237,56832.0,11,0.3,137,hardware_replay
0.3602728053304129,BAE,bae,45,0.3628587824435902,0.36070199841735456,0.0,0.0015075851000594942,0.3617803904304724,0.004184565356457754,73984.0,22,0.3,137,hardware_replay
0.3602728053304129,CABIQAE,cabiqae_latentt,23,0.3614359346605097,0.3584559384890203,1.0,0.0003268687556478578,0.35994593657476504,0.0009072812346968025,45056.0,11,0.3,136,hardware_replay
0.3602728053304129,BAE,bae,45,0.3616107964824016,0.35891114051789685,1.0,1.1836830263678433e-05,0.3602609685001492,3.2855186648969124e-05,65536.0,22,0.3,136,hardware_replay
0.3602728053304129,CABIQAE,cabiqae_latentt,23,0.36319472939240205,0.36019752640943853,1.0,0.0014233225705074237,0.3616961279009203,0.003950680010949115,56832.0,11,0.3,135,hardware_replay
0.3602728053304129,CABIQAE,cabiqae_latentt,33,0.3619592747383835,0.35912252937997363,1.0,0.0002680967287656544,0.36054090205917855,0.0007441492246959298,71936.0,16,0.3,134,hardware_replay
0.3602728053304129,BAE,bae,45,0.3631087112155553,0.3608015629920164,0.0,0.0016823317733729581,0.36195513710378585,0.00466960522271466,69120.0,22,0.3,134,hardware_replay
0.3602728053304129,CABIQAE,cabiqae_latentt,33,0.3631277242428197,0.3601377642291253,1.0,0.0013599389055595767,0.36163274423597247,0.0037747475952628496,63488.0,16,0.3,133,hardware_replay
0.3602728053304129,CABIQAE,cabiqae_latentt,23,0.3607190332031746,0.3578045305814994,1.0,0.0010110234380758532,0.35926178189233704,0.002806271867088677,43776.0,11,0.3,132,hardware_replay
0.3602728053304129,CABIQAE,cabiqae_latentt,23,0.3625093604763906,0.35972468020742254,1.0,0.0008442150114936764,0.36111702034190657,0.002343265989003614,62720.0,11,0.3,131,hardware_replay
0.3602728053304129,BAE,bae,45,0.3614797083215365,0.35894832298290263,1.0,5.878967819333836e-05,0.36021401565221955,0.0001631810042931807,66048.0,22,0.3,131,hardware_replay
0.3602728053304129,CABIQAE,cabiqae_latentt,33,0.3623573089348659,0.35944070114424853,1.0,0.0006261997091442928,0.3608990050395572,0.001738126497141502,65792.0,16,0.3,130,hardware_replay
0.3602728053304129,CABIQAE,cabiqae_latentt,21,0.36280482362285554,0.35997909863944894,1.0,0.0011191558007393465,0.36139196113115224,0.0031064120971133194,61696.0,10,0.3,129,hardware_replay
0.3602728053304129,CABIQAE,cabiqae_latentt,23,0.3606144745254409,0.358154132059561,1.0,0.0008885020379119646,0.35938430329250093,0.0024661923541442515,50944.0,11,0.3,128,hardware_replay
0.3602728053304129,CABIQAE,cabiqae_latentt,23,0.3631106441410273,0.360316266424458,0.0,0.0014406499523297867,0.3617134552827427,0.003998775180959162,62720.0,11,0.3,127,hardware_replay
0.3602728053304129,CABIQAE,cabiqae_latentt,33,0.36197928397465584,0.3591193870622662,1.0,0.0002765301880481297,0.360549335518461,0.0007675577616648548,71936.0,16,0.3,126,hardware_replay
0.3602728053304129,CABIQAE,cabiqae_latentt,33,0.36202103908202304,0.3591799795928706,1.0,0.0003277040070339132,0.3606005093374468,0.000909599620580215,65792.0,16,0.3,125,hardware_replay
0.3602728053304129,BAE,bae,45,0.3606513467620564,0.35810831797250436,1.0,0.0008929729631325101,0.3593798323672804,0.002478602186788836,66048.0,22,0.3,125,hardware_replay
0.3602728053304129,CABIQAE,cabiqae_latentt,23,0.36203735822996075,0.35915849484049933,1.0,0.000325121204817147,0.36059792653523004,0.000902430602606745,55808.0,11,0.3,124,hardware_replay
0.3602728053304129,CABIQAE,cabiqae_latentt,33,0.362242002559475,0.35926091636306123,1.0,0.0004786541308551828,0.3607514594612681,0.0013285880137863867,55040.0,16,0.3,123,hardware_replay
0.3602728053304129,CABIQAE,cabiqae_latentt,21,0.36145398826935926,0.35856759487332157,1.0,0.0002620137590724769,0.3600107915713404,0.0007272648814894015,50944.0,10,0.3,122,hardware_replay
0.3602728053304129,CABIQAE,cabiqae_latentt,23,0.36256724861182027,0.359744084942138,1.0,0.000882861446566241,0.36115566677697913,0.0024505359091884617,62720.0,11,0.3,121,hardware_replay
0.3602728053304129,CABIQAE,cabiqae_latentt,35,0.36242780661060814,0.35943272124867665,1.0,0.000657458599229499,0.3609302639296424,0.001824890997882928,22272.0,17,0.3,120,hardware_replay
0.3602728053304129,CABIQAE,cabiqae_latentt,23,0.3610435904954633,0.3581236323122393,1.0,0.0006891939265615821,0.3595836114038513,0.0019129779332900509,55808.0,11,0.3,119,hardware_replay
0.3602728053304129,BAE,bae,45,0.36109700471182765,0.35824016249774354,1.0,0.0006042217256272964,0.3596685836047856,0.0016771227710988437,65536.0,22,0.3,119,hardware_replay
0.3602728053304129,CABIQAE,cabiqae_latentt,23,0.36162629671385865,0.35898860075395955,1.0,3.464340349618178e-05,0.3603074487339091,9.615880794668825e-05,56832.0,11,0.3,118,hardware_replay
0.3602728053304129,CABIQAE,cabiqae_latentt,23,0.361972219675819,0.35910263242527873,1.0,0.00026462072013594407,0.36053742605054884,0.0007345009565550069,56832.0,11,0.3,117,hardware_replay
0.3602728053304129,CABIQAE,cabiqae_latentt,23,0.3625498629231983,0.359697425683942,1.0,0.0008508389731572419,0.36112364430357013,0.0023616519497687916,62720.0,11,0.3,116,hardware_replay
0.3602728053304129,CABIQAE,cabiqae_latentt,23,0.3620401551818202,0.3593744516416408,1.0,0.0004344980813176247,0.3607073034117305,0.0012060251978195757,59648.0,11,0.3,115,hardware_replay
0.3602728053304129,CABIQAE,cabiqae_latentt,23,0.36194749189154474,0.3590620296526658,1.0,0.00023195544169235527,0.36050476077210525,0.0006438327796615806,56832.0,11,0.3,114,hardware_replay
0.3602728053304129,CABIQAE,cabiqae_latentt,23,0.3617185240055704,0.35883432410258626,1.0,3.6187236654439126e-06,0.36027642405407834,1.0044398611005662e-05,56832.0,11,0.3,113,hardware_replay
0.3602728053304129,CABIQAE,cabiqae_latentt,33,0.36257749892195185,0.3598030422651548,1.0,0.0009174652631404601,0.36119027059355335,0.0025465848367295877,71936.0,16,0.3,112,hardware_replay
0.3602728053304129,CABIQAE,cabiqae_latentt,23,0.3620246943134617,0.3592437459559619,1.0,0.0003614148042989096,0.3606342201347118,0.0010031698172928965,45056.0,11,0.3,111,hardware_replay
0.3602728053304129,CABIQAE,cabiqae_latentt,23,0.36127223025353383,0.35845636158224536,1.0,0.00040850941252329465,0.3598642959178896,0.0011338891153570224,50944.0,11,0.3,110,hardware_replay
0.3602728053304129,BAE,bae,45,0.36281714926729747,0.36076173069827266,0.0,0.001516634652372173,0.36178943998278507,0.004209683967073893,73984.0,22,0.3,110,hardware_replay
0.3602728053304129,CABIQAE,cabiqae_latentt,23,0.3622963017648211,0.3593801425464396,1.0,0.0005654168252174352,0.36083822215563033,0.0015694130027351938,56832.0,11,0.3,109,hardware_replay
0.3602728053304129,CABIQAE,cabiqae_latentt,31,0.3604864462726635,0.3576629440178762,1.0,0.001198110185143042,0.35907469514526985,0.0033255637600629693,67328.0,15,0.3,108,hardware_replay
0.3602728053304129,CABIQAE,cabiqae_latentt,33,0.36172755448302035,0.3589721646619758,1.0,7.705424208520606e-05,0.3603498595724981,0.00021387748657448119,71936.0,16,0.3,107,hardware_replay
0.3602728053304129,CABIQAE,cabiqae_latentt,21,0.36083222894698896,0.3578745981211246,1.0,0.0009193917963560838,0.3593534135340568,0.0025519322656421223,45568.0,10,0.3,106,hardware_replay
0.3602728053304129,CABIQAE,cabiqae_latentt,23,0.3620899078558141,0.35919652454425394,1.0,0.00037041086962114056,0.36064321620003403,0.0010281399654393283,45056.0,11,0.3,105,hardware_replay
0.3602728053304129,CABIQAE,cabiqae_latentt,23,0.3631604445635958,0.3603416592705956,0.0,0.0014782465866827743,0.36175105191709567,0.004103131196169655,56832.0,11,0.3,104,hardware_replay
0.3602728053304129,CABIQAE,cabiqae_latentt,23,0.3619042123046705,0.3589209330897519,1.0,0.0001397673667983268,0.3604125726972112,0.00038794870090220535,56832.0,11,0.3,103,hardware_replay
0.3602728053304129,CABIQAE,cabiqae_latentt,35,0.3613846300111895,0.3585410532761509,1.0,0.00030996368674268693,0.3599628416436702,0.0008603582678365453,67072.0,17,0.3,102,hardware_replay
0.3602728053304129,CABIQAE,cabiqae_latentt,23,0.3634275297391747,0.3605562681474162,0.0,0.0017190936128825274,0.3619918989432954,0.004771644119255448,50944.0,11,0.3,101,hardware_replay
0.3602728053304129,BAE,bae,45,0.3609864376443666,0.35834140656571273,1.0,0.0006088832253732246,0.35966392210503967,0.0016900615765733592,70400.0,22,0.3,101,hardware_replay
0.3602728053304129,CABIQAE,cabiqae_latentt,21,0.35862329815209243,0.35578424544217535,0.0,0.0030690335332789753,0.3572037717971339,0.00851863778745195,24832.0,10,0.3,100,hardware_replay
0.3602728053304129,CABIQAE,cabiqae_latentt,23,0.36135844077420676,0.35847162462924237,1.0,0.0003577726286883576,0.35991503270172454,0.0009930603237184045,59648.0,11,0.3,99,hardware_replay
0.3602728053304129,CABIQAE,cabiqae_latentt,23,0.3609745264287155,0.35803421010793385,1.0,0.0007684370620882341,0.35950436826832466,0.002132931075337441,56832.0,11,0.3,98,hardware_replay
0.3602728053304129,CABIQAE,cabiqae_latentt,35,0.36327260425815944,0.3604243066486037,0.0,0.0015756501229686748,0.36184845545338157,0.004373491697558512,58112.0,17,0.3,97,hardware_replay
0.3602728053304129,BAE,bae,45,0.36202906889273906,0.3597197898170614,1.0,0.0006016240244873239,0.3608744293549002,0.0016699123985657572,70656.0,22,0.3,97,hardware_replay
0.3602728053304129,CABIQAE,cabiqae_latentt,35,0.3633551088726016,0.3604317576960948,0.0,0.0016206279539353052,0.3618934332843482,0.004498335511194072,58112.0,17,0.3,96,hardware_replay
0.3602728053304129,CABIQAE,cabiqae_latentt,23,0.36151716356324864,0.35857045170573676,1.0,0.0002289976959201634,0.36004380763449273,0.0006356230404627553,56832.0,11,0.3,95,hardware_replay
0.3602728053304129,CABIQAE,cabiqae_latentt,23,0.3631994160408251,0.36023824794142684,1.0,0.0014460266607130845,0.361718831991126,0.004013699172733581,50944.0,11,0.3,94,hardware_replay
0.3602728053304129,CABIQAE,cabiqae_latentt,21,0.35928643915933406,0.3565424429454143,0.0,0.002358364278038705,0.3579144410523742,0.006546051334282101,45056.0,10,0.3,93,hardware_replay
0.3602728053304129,CABIQAE,cabiqae_latentt,23,0.3613373500315792,0.35868417276432646,1.0,0.0002620439324600432,0.36001076139795285,0.0007273486329885983,56832.0,11,0.3,92,hardware_replay
0.3602728053304129,CABIQAE,cabiqae_latentt,21,0.3543129691493129,0.35247709119112813,0.0,0.00687777516019239,0.3533950301702205,0.019090464388186762,14080.0,10,0.3,91,hardware_replay
0.3602728053304129,CABIQAE,cabiqae_latentt,23,0.3596736830045031,0.3570313690727263,0.0,0.0019202792917982214,0.35835252603861467,0.005330070056320508,56832.0,11,0.3,90,hardware_replay
0.3602728053304129,CABIQAE,cabiqae_latentt,21,0.36059326643637585,0.357762257136435,1.0,0.001095043544007468,0.3591777617864054,0.003039484323561927,61696.0,10,0.3,89,hardware_replay
0.3602728053304129,CABIQAE,cabiqae_latentt,21,0.36224137802705,0.359671486793186,1.0,0.0006836270797050958,0.360956432410118,0.001897526179024611,40192.0,10,0.3,88,hardware_replay
0.3602728053304129,CABIQAE,cabiqae_latentt,23,0.3613769972072771,0.35845900018820365,1.0,0.0003548066326725108,0.3599179986977404,0.0009848276845295359,62720.0,11,0.3,87,hardware_replay
0.3602728053304129,CABIQAE,cabiqae_latentt,23,0.36165258770245273,0.3587232524368501,1.0,8.488526076150249e-05,0.3601879200696514,0.00023561384457995003,56832.0,11,0.3,86,hardware_replay
0.3602728053304129,CABIQAE,cabiqae_latentt,23,0.3602010075509278,0.357356871071566,0.0,0.001493866019165957,0.35877893931124694,0.004146485654935583,62720.0,11,0.3,85,hardware_replay
0.3602728053304129,CABIQAE,cabiqae_latentt,33,0.36309153854194315,0.3602504744338353,1.0,0.0013982011574762976,0.3616710064878892,0.003880951148100066,63488.0,16,0.3,84,hardware_replay
0.3602728053304129,BAE,bae,43,0.35972871990133565,0.35700656792296487,0.0,0.0019051614182626353,0.35836764391215026,0.005288107761881656,66048.0,21,0.3,84,hardware_replay
0.3602728053304129,CABIQAE,cabiqae_latentt,23,0.3622433572754444,0.35934262625041985,1.0,0.0005201864325192207,0.3607929917629321,0.0014438681599687993,62720.0,11,0.3,83,hardware_replay
0.3602728053304129,CABIQAE,cabiqae_latentt,33,0.360576554286722,0.35772851006169665,1.0,0.0011202731562036106,0.3591525321742093,0.0031095135120625807,51712.0,16,0.3,82,hardware_replay
0.3602728053304129,CABIQAE,cabiqae_latentt,23,0.36091849043758756,0.35801378670211953,1.0,0.0008066667605593492,0.35946613856985354,0.0022390442704093086,49664.0,11,0.3,81,hardware_replay
0.3602728053304129,CABIQAE,cabiqae_latentt,33,0.36122113677071116,0.35837584208644757,1.0,0.0004743159018334997,0.3597984894285794,0.0013165465025829406,65792.0,16,0.3,80,hardware_replay
0.3602728053304129,BAE,bae,45,0.36081110705342323,0.3593481879218985,1.0,0.00019315784275203418,0.36007964748766086,0.0005361432777999592,76800.0,22,0.3,80,hardware_replay
0.3602728053304129,CABIQAE,cabiqae_latentt,23,0.3623149064342447,0.35941751219247464,1.0,0.0005934039829467719,0.36086620931335966,0.0016470962397579524,62720.0,11,0.3,79,hardware_replay
0.3602728053304129,CABIQAE,cabiqae_latentt,23,0.36203676408192503,0.3592250835052303,1.0,0.00035811846316474716,0.36063092379357764,0.0009940202476184958,62720.0,11,0.3,78,hardware_replay
0.3602728053304129,BAE,bae,45,0.3628609338921979,0.36034303332181666,0.0,0.0013291782765944005,0.3616019836070073,0.0036893661051529726,72704.0,22,0.3,78,hardware_replay
0.3602728053304129,CABIQAE,cabiqae_latentt,35,0.36316704324894394,0.3603942314477341,0.0,0.0015078320179260918,0.361780637348339,0.004185250720057072,49664.0,17,0.3,77,hardware_replay
0.3602728053304129,CABIQAE,cabiqae_latentt,21,0.36084907685200873,0.35802578389058143,1.0,0.0008353749591178405,0.35943743037129505,0.002318728881997359,50432.0,10,0.3,76,hardware_replay
0.3602728053304129,BAE,bae,45,0.36241543661075337,0.360049540351417,1.0,0.0009596831506722969,0.3612324884810852,0.002663767946048977,68096.0,22,0.3,76,hardware_replay
0.3602728053304129,CABIQAE,cabiqae_latentt,23,0.3620925625817844,0.3591978414600822,1.0,0.0003723966905204157,0.3606452020209333,0.001033651957657153,56832.0,11,0.3,75,hardware_replay
0.3602728053304129,CABIQAE,cabiqae_latentt,23,0.36143248285244695,0.35860711579744037,1.0,0.00025300600546923624,0.36001979932494366,0.0007022622904806809,62720.0,11,0.3,74,hardware_replay
0.3602728053304129,CABIQAE,cabiqae_latentt,23,0.3596802429290223,0.35674744880424464,0.0,0.0020589594637794306,0.35821384586663346,0.005715001058409392,39168.0,11,0.3,73,hardware_replay
0.3602728053304129,CABIQAE,cabiqae_latentt,23,0.3615473521114302,0.3586329456363771,1.0,0.00018265645650922258,0.36009014887390367,0.0005069948489220688,53760.0,11,0.3,72,hardware_replay
0.3602728053304129,CABIQAE,cabiqae_latentt,21,0.3608828106110813,0.357957773004388,1.0,0.0008525135226782332,0.35942029180773466,0.002366299953992856,51712.0,10,0.3,71,hardware_replay
0.3602728053304129,CABIQAE,cabiqae_latentt,23,0.36323625155610434,0.36024602248481347,1.0,0.0014683316900460097,0.3617411370204589,0.0040756106714726235,45056.0,11,0.3,70,hardware_replay
0.3602728053304129,CABIQAE,cabiqae_latentt,23,0.3616369795083786,0.3588983841768129,1.0,5.123487817171313e-06,0.3602676818425957,1.4221133933416004e-05,49664.0,11,0.3,69,hardware_replay
0.3602728053304129,BAE,bae,45,0.36310228563213465,0.3607496930925267,0.0,0.001653184031917776,0.36192598936233067,0.0045887005831639445,66560.0,22,0.3,69,hardware_replay
0.3602728053304129,CABIQAE,cabiqae_latentt,21,0.36167393893539085,0.3587160120154237,1.0,7.78298550056511e-05,0.36019497547540724,0.00021603033549610242,57088.0,10,0.3,68,hardware_replay
0.3602728053304129,CABIQAE,cabiqae_latentt,23,0.3605712682746369,0.3576229563464913,1.0,0.001175693019848767,0.3590971123105641,0.003263341008407551,56832.0,11,0.3,67,hardware_replay
0.3602728053304129,CABIQAE,cabiqae_latentt,35,0.3638622347587164,0.3613783054553806,0.0,0.002347464776635555,0.36262027010704845,0.00651579786734847,25600.0,17,0.3,66,hardware_replay
0.3602728053304129,CABIQAE,cabiqae_latentt,23,0.36220538560796045,0.35933954488445113,1.0,0.0004996599157928716,0.36077246524620576,0.0013868932331282241,56832.0,11,0.3,65,hardware_replay
0.3602728053304129,BAE,bae,45,0.363869183056715,0.36147743705687796,0.0,0.00240050472638359,0.3626733100567965,0.006663019497633307,74496.0,22,0.3,65,hardware_replay
0.3602728053304129,CABIQAE,cabiqae_latentt,33,0.3626776654462018,0.3598159678099392,1.0,0.0009740112976575621,0.36124681662807046,0.002703538216725179,71936.0,16,0.3,64,hardware_replay
0.3602728053304129,CABIQAE,cabiqae_latentt,33,0.3620043304545247,0.35925395169256097,1.0,0.0003563357431299319,0.3606291410735428,0.0009890719972692075,63488.0,16,0.3,63,hardware_replay
0.3602728053304129,CABIQAE,cabiqae_latentt,21,0.36263427248301894,0.3597118891335128,1.0,0.0009002754778529853,0.3611730808082659,0.0024988715898979,51712.0,10,0.3,62,hardware_replay
0.3602728053304129,CABIQAE,cabiqae_latentt,23,0.36216136787241204,0.3593985610211432,1.0,0.0005071591163647304,0.3607799644467776,0.0014077085721183019,50944.0,11,0.3,61,hardware_replay
0.3602728053304129,BAE,bae,45,0.3615512102093773,0.3586798489864993,1.0,0.00015727573247459326,0.3601155295979383,0.0004365462231609537,66560.0,22,0.3,61,hardware_replay
0.3602728053304129,CABIQAE,cabiqae_latentt,23,0.36149654619032423,0.3588133900740439,1.0,0.00011783719822883176,0.36015496813218406,0.0003270776935848962,55552.0,11,0.3,60,hardware_replay
0.3602728053304129,CABIQAE,cabiqae_latentt,21,0.36193990680911314,0.3589496311372099,1.0,0.0001719636427486293,0.3604447689731615,0.000477315079585089,56320.0,10,0.3,59,hardware_replay
0.3602728053304129,CABIQAE,cabiqae_latentt,23,0.3613179891031091,0.3584561634341328,1.0,0.00038572906179196176,0.35988707626862093,0.0010706582791843043,62720.0,11,0.3,58,hardware_replay
0.3602728053304129,CABIQAE,cabiqae_latentt,23,0.3603286557417612,0.357385792651552,1.0,0.001415581133756283,0.3588572241966566,0.0039291923031993135,62720.0,11,0.3,57,hardware_replay
0.3602728053304129,CABIQAE,cabiqae_latentt,23,0.3624485360531766,0.3595482456273305,1.0,0.0007255855098406427,0.36099839084025354,0.002013989119093224,50944.0,11,0.3,56,hardware_replay
0.3602728053304129,CABIQAE,cabiqae_latentt,33,0.3618226411183572,0.35892097010967794,1.0,9.900028360471103e-05,0.3603718056140176,0.00027479255203266323,63488.0,16,0.3,55,hardware_replay
0.3602728053304129,CABIQAE,cabiqae_latentt,33,0.36177364172389187,0.35910505904005036,1.0,0.00016654505155822008,0.3604393503819711,0.0004622748347754933,65792.0,16,0.3,54,hardware_replay
0.3602728053304129,CABIQAE,cabiqae_latentt,21,0.3607795296293865,0.35791950123190513,1.0,0.000923289899767088,0.3593495154306458,0.0025627521314586085,39680.0,10,0.3,53,hardware_replay
0.3602728053304129,BAE,bae,45,0.36044328531694597,0.35821954625386215,1.0,0.0009413895450088305,0.35933141578540406,0.002612990853265943,71936.0,22,0.3,53,hardware_replay
0.3602728053304129,CABIQAE,cabiqae_latentt,23,0.3628951663131135,0.35990033255258824,1.0,0.0011249441024379636,0.36139774943285086,0.003122478537913114,49664.0,11,0.3,52,hardware_replay
0.3602728053304129,BAE,bae,45,0.3618765089953022,0.359380673694093,1.0,0.00035578601428470913,0.3606285913446976,0.0009875461289908106,68352.0,22,0.3,52,hardware_replay
0.3602728053304129,CABIQAE,cabiqae_latentt,23,0.361562806128483,0.3586942226161694,1.0,0.00014429095808671244,0.3601285143723262,0.0004005047174026375,61696.0,11,0.3,51,hardware_replay
0.3602728053304129,CABIQAE,cabiqae_latentt,23,0.3624191158595215,0.35948846951483426,1.0,0.0006809873567649727,0.36095379268717787,0.0018901991676569274,56832.0,11,0.3,50,hardware_replay
0.3602728053304129,CABIQAE,cabiqae_latentt,23,0.3614691577031353,0.3585850523254294,1.0,0.000245700316130526,0.36002710501428237,0.0006819840756650775,39168.0,11,0.3,49,hardware_replay
0.3602728053304129,CABIQAE,cabiqae_latentt,23,0.36126035725679195,0.35851705031182357,1.0,0.00038410154610513114,0.35988870378430776,0.0010661408255692917,56832.0,11,0.3,48,hardware_replay
0.3602728053304129,CABIQAE,cabiqae_latentt,33,0.36237254591842344,0.3597014878581596,1.0,0.0007642115578785913,0.3610370168882915,0.002121202451508153,71936.0,16,0.3,47,hardware_replay
0.3602728053304129,CABIQAE,cabiqae_latentt,33,0.36101022702932273,0.35825640130278064,1.0,0.0006394911643611834,0.3596333141660517,0.0017750192490235117,57344.0,16,0.3,46,hardware_replay
0.3602728053304129,CABIQAE,cabiqae_latentt,21,0.36019671745667814,0.3573477921258927,0.0,0.0015005505391275098,0.3587722547912854,0.004165039705817726,50944.0,10,0.3,45,hardware_replay
0.3602728053304129,CABIQAE,cabiqae_latentt,33,0.3612194112920472,0.3584406264585142,1.0,0.0004427864551321825,0.3598300188752807,0.0012290310247705064,74240.0,16,0.3,44,hardware_replay
0.3602728053304129,CABIQAE,cabiqae_latentt,23,0.3619737915396751,0.3593838585287259,1.0,0.000406019703787619,0.3606788250342005,0.0011269784945751062,45056.0,11,0.3,43,hardware_replay
0.3602728053304129,BAE,bae,45,0.3617226042934939,0.35923915805282525,1.0,0.00020807584274668,0.3604808811731596,0.000577550788369524,75008.0,22,0.3,43,hardware_replay
0.3602728053304129,CABIQAE,cabiqae_latentt,33,0.3625260043909566,0.359866340290131,1.0,0.0009233670101309044,0.3611961723405438,0.0025629661647208354,48896.0,16,0.3,42,hardware_replay
0.3602728053304129,CABIQAE,cabiqae_latentt,23,0.3607426035442444,0.35781236763283486,1.0,0.000995319741873224,0.35927748558853967,0.0027626835196744807,61440.0,11,0.3,41,hardware_replay
0.3602728053304129,CABIQAE,cabiqae_latentt,23,0.3630175556503867,0.3601406469394841,1.0,0.0013062959645225303,0.3615791012949354,0.0036258522574983197,39168.0,11,0.3,40,hardware_replay
0.3602728053304129,CABIQAE,cabiqae_latentt,21,0.3580212643492502,0.35536122415368143,0.0,0.003581561078947082,0.3566912442514658,0.00994124737131454,19456.0,10,0.3,39,hardware_replay
0.3602728053304129,CABIQAE,cabiqae_latentt,21,0.36096048227632954,0.35808634696252145,1.0,0.0007493907109873965,0.3595234146194255,0.00208006460631997,61184.0,10,0.3,38,hardware_replay
0.3602728053304129,CABIQAE,cabiqae_latentt,23,0.3613296178767764,0.3585040757718211,1.0,0.00035595850611414015,0.35991684682429875,0.0009880249101446444,50944.0,11,0.3,37,hardware_replay
0.3602728053304129,BAE,bae,45,0.3625464634011078,0.36025330472268585,1.0,0.0011270787314839326,0.3613998840618968,0.0031284035730930835,74496.0,22,0.3,37,hardware_replay
0.3602728053304129,CABIQAE,cabiqae_latentt,33,0.3625562231877767,0.35988326073190563,1.0,0.0009469366294282966,0.3612197419598412,0.0026283877534410164,55040.0,16,0.3,36,hardware_replay
0.3602728053304129,CABIQAE,cabiqae_latentt,23,0.36163281996058777,0.35883253838851037,1.0,4.012615586385104e-05,0.36023267917454904,0.00011137714329298487,56832.0,11,0.3,35,hardware_replay
0.3602728053304129,BAE,bae,45,0.36181550740664215,0.3590206262126916,1.0,0.00014526147925397748,0.36041806680966687,0.0004031985681538063,70656.0,22,0.3,35,hardware_replay
0.3602728053304129,CABIQAE,cabiqae_latentt,35,0.3614903480694463,0.3585088375754622,1.0,0.00027321250795864227,0.35999959282245425,0.0007583489619985999,49152.0,17,0.3,34,hardware_replay
0.3602728053304129,CABIQAE,cabiqae_latentt,33,0.36201858765537864,0.3591450368070459,1.0,0.0003090069007993801,0.3605818122312123,0.0008577025415947899,63488.0,16,0.3,33,hardware_replay
0.3602728053304129,CABIQAE,cabiqae_latentt,23,0.361848532967755,0.3588974228725197,1.0,0.00010017258972444543,0.36037297792013734,0.000278046492109154,50944.0,11,0.3,32,hardware_replay
0.3602728053304129,BAE,bae,45,0.36131028742312826,0.3584481166576467,1.0,0.0003936032900254127,0.3598792020403875,0.00109251457285107,68608.0,22,0.3,32,hardware_replay
0.3602728053304129,CABIQAE,cabiqae_latentt,23,0.36272076492214345,0.35991051201346425,1.0,0.0010428331373909527,0.36131563846780385,0.0028945652349045637,41984.0,11,0.3,31,hardware_replay
0.3602728053304129,CABIQAE,cabiqae_latentt,23,0.36109686160782156,0.3581383584621344,1.0,0.0006551952954349516,0.35961761003497794,0.0018186088034983928,50944.0,11,0.3,30,hardware_replay
0.3602728053304129,CABIQAE,cabiqae_latentt,21,0.3618880421694282,0.359011933324418,1.0,0.00017718241651021316,0.3604499877469231,0.0004918006962743576,51712.0,10,0.3,29,hardware_replay
0.3602728053304129,CABIQAE,cabiqae_latentt,23,0.36219738004148505,0.35943927987482316,1.0,0.0005455246277412118,0.3608183299581541,0.0015141987395937394,49664.0,11,0.3,28,hardware_replay
0.3602728053304129,CABIQAE,cabiqae_latentt,23,0.36188717785125013,0.35902259026224587,1.0,0.0001820787263350776,0.36045488405674797,0.0005053912580720318,62720.0,11,0.3,27,hardware_replay
0.3602728053304129,CABIQAE,cabiqae_latentt,23,0.362478400255742,0.359780208119212,1.0,0.0008564988570641252,0.361129304187477,0.0023773619445925545,45056.0,11,0.3,26,hardware_replay
0.3602728053304129,CABIQAE,cabiqae_latentt,33,0.36183594464501,0.3589990817087,1.0,0.00014470784644210477,0.360417513176855,0.00040166186373515067,71936.0,16,0.3,25,hardware_replay
0.3602728053304129,CABIQAE,cabiqae_latentt,23,0.36145035008803367,0.3586492172328581,1.0,0.00022302166996701622,0.3600497836604459,0.0006190355382568465,62720.0,11,0.3,24,hardware_replay
0.3602728053304129,CABIQAE,cabiqae_latentt,33,0.36223981839736885,0.35936446663875593,1.0,0.0005293371876495256,0.3608021425180624,0.0014692676766542528,71936.0,16,0.3,23,hardware_replay
0.3602728053304129,BAE,bae,45,0.3615002738753654,0.359007074216618,1.0,1.9131284421214367e-05,0.3602536740459917,5.310221625989425e-05,76032.0,22,0.3,23,hardware_replay
0.3602728053304129,CABIQAE,cabiqae_latentt,33,0.3604492073034399,0.35755924074412,1.0,0.0012685813066329321,0.35900422402377996,0.0035211686473795674,63488.0,16,0.3,22,hardware_replay
0.3602728053304129,CABIQAE,cabiqae_latentt,23,0.3615302066928971,0.358612433874517,1.0,0.00020148504670586265,0.36007132028370703,0.0005592568845741131,50432.0,11,0.3,21,hardware_replay
0.3602728053304129,CABIQAE,cabiqae_latentt,23,0.36215447611955215,0.3594867386105813,1.0,0.0005478020346538215,0.3608206073650667,0.0015205200796419315,56832.0,11,0.3,20,hardware_replay
0.3602728053304129,CABIQAE,cabiqae_latentt,23,0.36150383207300046,0.35851326571741793,1.0,0.00026425643520372466,0.36000854889520917,0.0007334898201971424,41984.0,11,0.3,19,hardware_replay
0.3602728053304129,CABIQAE,cabiqae_latentt,23,0.36038869479376073,0.3576713750495251,1.0,0.0012427704087699665,0.3590300349216429,0.0034495259991388985,62720.0,11,0.3,18,hardware_replay
0.3602728053304129,CABIQAE,cabiqae_latentt,33,0.3603419570026629,0.35755927963535,1.0,0.0013221870114064616,0.35895061831900643,0.0036699606294009874,63488.0,16,0.3,17,hardware_replay
0.3602728053304129,BAE,bae,45,0.36218942271056287,0.3597329355385055,1.0,0.0006883737941212886,0.3609611791245342,0.0019107015126772287,69120.0,22,0.3,17,hardware_replay
0.3602728053304129,CABIQAE,cabiqae_latentt,33,0.3632234222018463,0.36030817816797317,0.0,0.0014929948544968319,0.3617658001849097,0.004144067585472011,63488.0,16,0.3,16,hardware_replay
0.3602728053304129,CABIQAE,cabiqae_latentt,23,0.36298379909049683,0.360237874726407,1.0,0.0013380315780390228,0.3616108369084519,0.0037139399872601797,56832.0,11,0.3,15,hardware_replay
0.3602728053304129,CABIQAE,cabiqae_latentt,23,0.3623135324716954,0.3593294955729503,1.0,0.0005487086919099826,0.3608215140223229,0.0015230366649704567,50944.0,11,0.3,14,hardware_replay
0.3602728053304129,CABIQAE,cabiqae_latentt,31,0.3595905046514907,0.3568791877001796,0.0,0.0020379591545777176,0.3582348461758352,0.005656711037927682,59392.0,15,0.3,13,hardware_replay
0.3602728053304129,CABIQAE,cabiqae_latentt,23,0.3602205603723302,0.3573654753542138,0.0,0.0014797874671408917,0.358793017863272,0.004107408178598857,50944.0,11,0.3,12,hardware_replay
0.3602728053304129,CABIQAE,cabiqae_latentt,23,0.36364154249873365,0.360651391404772,0.0,0.0018736616213398949,0.3621464669517528,0.005200674582200355,56832.0,11,0.3,11,hardware_replay
0.3602728053304129,CABIQAE,cabiqae_latentt,33,0.3630591563519002,0.3602625449779036,1.0,0.001388045334489052,0.36166085066490194,0.0038527618903015726,71936.0,16,0.3,10,hardware_replay
0.3602728053304129,CABIQAE,cabiqae_latentt,33,0.3610539977807461,0.35814508080317387,1.0,0.0006732660384529132,0.35959953929196,0.0018687673021432977,55040.0,16,0.3,9,hardware_replay
0.3602728053304129,CABIQAE,cabiqae_latentt,33,0.3614123978767062,0.3584513436575514,1.0,0.000340934563284101,0.3599318707671288,0.00094632333675983,57344.0,16,0.3,8,hardware_replay
0.3602728053304129,CABIQAE,cabiqae_latentt,33,0.36041723279301635,0.3574411390002269,1.0,0.0013436194337912988,0.3589291858966216,0.0037294500553796735,26368.0,16,0.3,7,hardware_replay
0.3602728053304129,CABIQAE,cabiqae_latentt,33,0.36156641442177984,0.35863247942866283,1.0,0.00017335840519155932,0.36009944692522133,0.0004811864859812805,55040.0,16,0.3,6,hardware_replay
0.3602728053304129,CABIQAE,cabiqae_latentt,23,0.3620811721940908,0.35926311957595297,1.0,0.00039934055460899565,0.3606721458850219,0.0011084393512376073,56832.0,11,0.3,5,hardware_replay
0.3602728053304129,CABIQAE,cabiqae_latentt,23,0.36157440724476564,0.358715829119496,1.0,0.00012768714828209626,0.3601451181821308,0.00035441794771323915,62720.0,11,0.3,4,hardware_replay
0.3602728053304129,BAE,bae,45,0.3619901771115736,0.3594823206622711,1.0,0.00046344355650945745,0.36073624888692235,0.0012863684120826848,68352.0,22,0.3,4,hardware_replay
0.3602728053304129,CABIQAE,cabiqae_latentt,23,0.36252219913510286,0.359542763719972,1.0,0.0007596760971245176,0.3610324814275374,0.0021086134892357596,50944.0,11,0.3,3,hardware_replay
0.3602728053304129,BAE,bae,45,0.3625094568784514,0.35993746692195916,1.0,0.0009506565697923741,0.36122346190020527,0.002638713096650493,70912.0,22,0.3,3,hardware_replay
0.3602728053304129,CABIQAE,cabiqae_latentt,23,0.36173883646456917,0.3587906234561275,1.0,8.075370064586362e-06,0.3602647299603483,2.2414597896669694e-05,56832.0,11,0.3,2,hardware_replay
0.3602728053304129,CABIQAE,cabiqae_latentt,23,0.36110369175630397,0.3582758417747321,1.0,0.0005830385648948888,0.359689766765518,0.0016183252143057907,62720.0,11,0.3,1,hardware_replay
0.3602728053304129,CABIQAE,cabiqae_latentt,23,0.3612454746213108,0.35834751364134404,1.0,0.00047631119908547737,0.3597964941313274,0.0013220847980702944,56832.0,11,0.3,0,hardware_replay