run_kind,simulation_regime,noise_profile,noise_scale,noise_floor,instance_name,target_name,repetition,algorithm,algorithm_key,step_index,budget,query_budget,query_budget_actual,estimate,a_true,abs_error,normalized_abs_error,processed_true_value,processed_estimate,processed_abs_error,processed_relative_error,cva_true,cva_estimate,cva_abs_error,cva_relative_error,grover_power,k_max_budget,amplification_factor,t_eff,calibration_status,runtime_wall_seconds,time_to_budget_seconds,circuit_prepare_wall_seconds,construct_circuit_wall_seconds,construct_circuit_cache_hits,construct_circuit_cache_misses,construct_circuit_cache_size,n_shots,max_grover_power,transpile_backend_name,transpilation_strategy,aer_method,construct_circuit_mode,normalized_sq_error
simulated_noise,simulated_noise,realistic,1.0,0.125,6q_instance,cva,0,CABIQAE,cabiqae_latentt,0,128,128.0,128.0,0.18144867694360456,0.1328730942948926,0.04857558264871195,0.36557877203420486,0.5864946085782612,0.8009045873869836,0.21440997880872237,0.36557877203420486,0.5864946085782612,0.8009045873869836,0.21440997880872237,0.36557877203420486,0,0,1,11.706917752656707,ok,0.3003778249985771,0.3003778249985771,0.8812533000018448,0.8812533000018448,1,3,3,128,4,local_aer,aer_preset,density_matrix,full,0.13364783856203713
simulated_noise,simulated_noise,realistic,1.0,0.125,6q_instance,cva,0,CABIQAE,cabiqae_latentt,1,256,256.0,256.0,0.14611985348817721,0.1328730942948926,0.013246759193284607,0.09969481980968503,0.5864946085782612,0.6449650828998227,0.058470474321561494,0.09969481980968502,0.5864946085782612,0.6449650828998227,0.058470474321561494,0.09969481980968502,0,0,1,11.706917752656707,ok,0.6007556499971543,0.6007556499971543,0.8812533000018448,0.8812533000018448,1,3,3,128,4,local_aer,aer_preset,density_matrix,full,0.009939057096885567
simulated_noise,simulated_noise,realistic,1.0,0.125,6q_instance,cva,0,CABIQAE,cabiqae_latentt,2,640,640.0,640.0,0.1322249935150297,0.1328730942948926,0.000648100779862909,0.004877592286851867,0.5864946085782612,0.5836339269991796,0.002860681579081592,0.00487759228685197,0.5864946085782612,0.5836339269991796,0.002860681579081592,0.00487759228685197,1,1,3,11.706917752656707,ok,1.5018891249928856,1.5018891249928856,0.8812533000018448,0.8812533000018448,1,3,3,128,4,local_aer,aer_preset,density_matrix,full,2.3790906516756826e-05
simulated_noise,simulated_noise,realistic,1.0,0.125,6q_instance,cva,0,CABIQAE,cabiqae_latentt,3,1536,1536.0,1536.0,0.11026336497134637,0.1328730942948926,0.02260972932354624,0.1701603281200573,0.5864946085782612,0.48669649354193967,0.09979811503632152,0.17016032812005735,0.5864946085782612,0.48669649354193967,0.09979811503632152,0.17016032812005735,3,3,7,11.706917752656707,ok,3.6045338999829255,3.6045338999829255,0.8812533000018448,0.8812533000018448,1,3,3,128,4,local_aer,aer_preset,density_matrix,full,0.028954537265925562
simulated_noise,simulated_noise,realistic,1.0,0.125,6q_instance,cva,1,CABIQAE,cabiqae_latentt,0,128,128.0,128.0,0.14869092357818176,0.1328730942948926,0.015817829283289148,0.11904463704430458,0.5864946085782612,0.6563136463849017,0.06981903780664056,0.11904463704430454,0.5864946085782612,0.6563136463849017,0.06981903780664056,0.11904463704430454,0,0,1,11.706917752656707,ok,0.33399205454836856,0.33399205454836856,7.299997378140688e-06,7.299997378140688e-06,3,0,4,128,4,local_aer,aer_preset,density_matrix,full,0.014171625609010216
simulated_noise,simulated_noise,realistic,1.0,0.125,6q_instance,cva,1,CABIQAE,cabiqae_latentt,1,512,512.0,512.0,0.1292272440829798,0.1328730942948926,0.003645850211912799,0.027438588912676046,0.5864946085782612,0.5704020241139814,0.016092584464279747,0.027438588912676032,0.5864946085782612,0.5704020241139814,0.016092584464279747,0.027438588912676032,1,1,3,11.706917752656707,ok,1.3359682181934742,1.3359682181934742,7.299997378140688e-06,7.299997378140688e-06,3,0,4,128,4,local_aer,aer_preset,density_matrix,full,0.0007528761615188288
simulated_noise,simulated_noise,realistic,1.0,0.125,6q_instance,cva,1,CABIQAE,cabiqae_latentt,2,1408,1408.0,1408.0,0.10762527825863717,0.1328730942948926,0.025247816036255435,0.1900145109906266,0.5864946085782612,0.4750521223306239,0.1114424862476373,0.1900145109906267,0.5864946085782612,0.4750521223306239,0.1114424862476373,0.1900145109906267,3,3,7,11.706917752656707,ok,3.673912600032054,3.673912600032054,7.299997378140688e-06,7.299997378140688e-06,3,0,4,128,4,local_aer,aer_preset,density_matrix,full,0.03610551438700696
simulated_noise,simulated_noise,realistic,1.0,0.125,6q_instance,cva,1,BIQAE,biqae,0,128,128.0,128.0,0.17682636006810173,0.1328730942948926,0.04395326577320913,0.33079131637938086,0.5864946085782612,0.7805019321992739,0.1940073236210127,0.3307913163793808,0.5864946085782612,0.7805019321992739,0.1940073236210127,0.3307913163793808,0,0,1,11.706917752656707,ok,0.23624811111949384,0.23624811111949384,6.8999361246824265e-06,6.8999361246824265e-06,3,0,4,128,4,local_aer,aer_preset,density_matrix,full,0.10942289499200364
simulated_noise,simulated_noise,realistic,1.0,0.125,6q_instance,cva,1,BIQAE,biqae,1,256,256.0,256.0,0.13219963151584815,0.1328730942948926,0.0006734627790444536,0.005068466137695269,0.5864946085782612,0.5835219805147414,0.0029726280635198332,0.005068466137695397,0.5864946085782612,0.5835219805147414,0.0029726280635198332,0.005068466137695397,0,0,1,11.706917752656707,ok,0.4724962222389877,0.4724962222389877,6.8999361246824265e-06,6.8999361246824265e-06,3,0,4,128,4,local_aer,aer_preset,density_matrix,full,2.5689348988963597e-05
simulated_noise,simulated_noise,realistic,1.0,0.125,6q_instance,cva,1,BIQAE,biqae,2,1152,1152.0,1152.0,0.12163273101218046,0.1328730942948926,0.011240363282712149,0.08459472809270016,0.5864946085782612,0.5368802566377485,0.04961435194051267,0.08459472809270024,0.5864946085782612,0.5368802566377485,0.04961435194051267,0.08459472809270024,3,3,7,11.706917752656707,ok,2.1262330000754446,2.1262330000754446,6.8999361246824265e-06,6.8999361246824265e-06,3,0,4,128,4,local_aer,aer_preset,density_matrix,full,0.007156268021077874
simulated_noise,simulated_noise,realistic,1.0,0.125,6q_instance,cva,2,CABIQAE,cabiqae_latentt,0,128,128.0,128.0,0.1404996229845634,0.1328730942948926,0.007626528689670786,0.05739708802705241,0.5864946085782612,0.6201576912542193,0.03366308267595808,0.057397088027052366,0.5864946085782612,0.6201576912542193,0.03366308267595808,0.057397088027052366,0,0,1,11.706917752656707,ok,0.3561840909056958,0.3561840909056958,6.600050255656242e-06,6.600050255656242e-06,3,0,4,128,4,local_aer,aer_preset,density_matrix,full,0.0032944257139852027
simulated_noise,simulated_noise,realistic,1.0,0.125,6q_instance,cva,2,CABIQAE,cabiqae_latentt,1,512,512.0,512.0,0.12513340510201157,0.1328730942948926,0.0077396891928810385,0.05824873149792025,0.5864946085782612,0.5523320415982081,0.034162566980053044,0.05824873149792038,0.5864946085782612,0.5523320415982081,0.034162566980053044,0.05824873149792038,1,1,3,11.706917752656707,ok,1.4247363636227832,1.4247363636227832,6.600050255656242e-06,6.600050255656242e-06,3,0,4,128,4,local_aer,aer_preset,density_matrix,full,0.003392914721116807
simulated_noise,simulated_noise,realistic,1.0,0.125,6q_instance,cva,2,CABIQAE,cabiqae_latentt,2,1408,1408.0,1408.0,0.11821058108487792,0.1328730942948926,0.014662513210014688,0.11034975355863515,0.5864946085782612,0.5217750730581818,0.06471953552007936,0.11034975355863524,0.5864946085782612,0.5217750730581818,0.06471953552007936,0.11034975355863524,3,3,7,11.706917752656707,ok,3.918024999962654,3.918024999962654,6.600050255656242e-06,6.600050255656242e-06,3,0,4,128,4,local_aer,aer_preset,density_matrix,full,0.01217706811045151
simulated_noise,simulated_noise,realistic,1.0,0.125,6q_instance,cva,3,CABIQAE,cabiqae_latentt,0,128,128.0,128.0,0.17326044387179057,0.1328730942948926,0.04038734957689796,0.3039543091189258,0.5864946085782612,0.7647621721306413,0.17826756355238016,0.30395430911892574,0.5864946085782612,0.7647621721306413,0.17826756355238016,0.30395430911892574,0,0,1,11.706917752656707,ok,0.30039368333139765,0.30039368333139765,8.90000956133008e-06,8.90000956133008e-06,4,0,5,128,4,local_aer,aer_preset,density_matrix,full,0.0923882220319635
simulated_noise,simulated_noise,realistic,1.0,0.125,6q_instance,cva,3,CABIQAE,cabiqae_latentt,1,256,256.0,256.0,0.14073572296336825,0.1328730942948926,0.007862628668475646,0.059173971300959395,0.5864946085782612,0.6211998237144386,0.034705215136177414,0.05917397130095935,0.5864946085782612,0.6211998237144386,0.034705215136177414,0.05917397130095935,0,0,1,11.706917752656707,ok,0.6007873666627953,0.6007873666627953,8.90000956133008e-06,8.90000956133008e-06,4,0,5,128,4,local_aer,aer_preset,density_matrix,full,0.003501558879526766
simulated_noise,simulated_noise,realistic,1.0,0.125,6q_instance,cva,3,CABIQAE,cabiqae_latentt,2,640,640.0,640.0,0.12299977041437496,0.1328730942948926,0.009873323880517648,0.0743064194667224,0.5864946085782612,0.5429142941782737,0.04358031439998744,0.0743064194667224,0.5864946085782612,0.5429142941782737,0.04358031439998744,0.0743064194667224,1,1,3,11.706917752656707,ok,1.5019684166569884,1.5019684166569884,8.90000956133008e-06,8.90000956133008e-06,4,0,5,128,4,local_aer,aer_preset,density_matrix,full,0.005521443973964501
simulated_noise,simulated_noise,realistic,1.0,0.125,6q_instance,cva,3,CABIQAE,cabiqae_latentt,3,1536,1536.0,1536.0,0.11312839797023183,0.1328730942948926,0.019744696324660777,0.14859815246599345,0.5864946085782612,0.49934259331226555,0.08715201526599564,0.1485981524659935,0.5864946085782612,0.49934259331226555,0.08715201526599564,0.1485981524659935,3,3,7,11.706917752656707,ok,3.604724199976772,3.604724199976772,8.90000956133008e-06,8.90000956133008e-06,4,0,5,128,4,local_aer,aer_preset,density_matrix,full,0.022081410916306634
simulated_noise,simulated_noise,realistic,1.0,0.125,6q_instance,cva,4,CABIQAE,cabiqae_latentt,0,128,128.0,128.0,0.11592066957776136,0.1328730942948926,0.01695242471713125,0.12758357745103607,0.5864946085782612,0.5116675282601015,0.07482708031815966,0.12758357745103605,0.5864946085782612,0.5116675282601015,0.07482708031815966,0.12758357745103605,0,0,1,11.706917752656707,ok,0.3563097545358522,0.3563097545358522,6.800051778554916e-06,6.800051778554916e-06,3,0,6,128,4,local_aer,aer_preset,density_matrix,full,0.01627756923520452
simulated_noise,simulated_noise,realistic,1.0,0.125,6q_instance,cva,4,CABIQAE,cabiqae_latentt,1,512,512.0,512.0,0.14290456511002797,0.1328730942948926,0.010031470815135363,0.07549662983592423,0.5864946085782612,0.6307729749428594,0.044278366364598254,0.07549662983592423,0.5864946085782612,0.6307729749428594,0.044278366364598254,0.07549662983592423,1,1,3,11.706917752656707,ok,1.4252390181434087,1.4252390181434087,6.800051778554916e-06,6.800051778554916e-06,3,0,6,128,4,local_aer,aer_preset,density_matrix,full,0.005699741116582564
simulated_noise,simulated_noise,realistic,1.0,0.125,6q_instance,cva,4,CABIQAE,cabiqae_latentt,2,1408,1408.0,1408.0,0.11976402911113938,0.1328730942948926,0.013109065183753224,0.09865853770711135,0.5864946085782612,0.5286319081228252,0.057862700455435956,0.09865853770711146,0.5864946085782612,0.5286319081228252,0.057862700455435956,0.09865853770711146,3,3,7,11.706917752656707,ok,3.919407299894374,3.919407299894374,6.800051778554916e-06,6.800051778554916e-06,3,0,6,128,4,local_aer,aer_preset,density_matrix,full,0.009733507062505512
simulated_noise,simulated_noise,realistic,1.0,0.125,6q_instance,cva,5,CABIQAE,cabiqae_latentt,0,128,128.0,128.0,0.15688204356633384,0.1328730942948926,0.024008949271441232,0.18069082682876975,0.5864946085782612,0.6924688043328828,0.10597419575462164,0.18069082682876966,0.5864946085782612,0.6924688043328828,0.10597419575462164,0.18069082682876966,0,0,1,11.706917752656707,ok,0.30890857857385917,0.30890857857385917,9.199953638017178e-06,9.199953638017178e-06,4,0,6,128,4,local_aer,aer_preset,density_matrix,full,0.03264917490006446
simulated_noise,simulated_noise,realistic,1.0,0.125,6q_instance,cva,5,CABIQAE,cabiqae_latentt,1,512,512.0,512.0,0.1529569769274823,0.1328730942948926,0.0200838826325897,0.15115086119704887,0.5864946085782612,0.6751437737522914,0.08864916517403021,0.15115086119704876,0.5864946085782612,0.6751437737522914,0.08864916517403021,0.15115086119704876,1,1,3,11.706917752656707,ok,1.2356343142954367,1.2356343142954367,9.199953638017178e-06,9.199953638017178e-06,4,0,6,128,4,local_aer,aer_preset,density_matrix,full,0.022846582840609534
simulated_noise,simulated_noise,realistic,1.0,0.125,6q_instance,cva,5,CABIQAE,cabiqae_latentt,2,896,896.0,896.0,0.14639513338955104,0.1328730942948926,0.013522039094658433,0.10176657032347139,0.5864946085782612,0.6461801534064776,0.05968554482821642,0.10176657032347135,0.5864946085782612,0.6461801534064776,0.05968554482821642,0.10176657032347135,1,1,3,11.706917752656707,ok,2.162360050017014,2.162360050017014,9.199953638017178e-06,9.199953638017178e-06,4,0,6,128,4,local_aer,aer_preset,density_matrix,full,0.010356434835402047
simulated_noise,simulated_noise,realistic,1.0,0.125,6q_instance,cva,5,CABIQAE,cabiqae_latentt,3,1792,1792.0,1792.0,0.1291479122540251,0.1328730942948926,0.0037251820408674974,0.028035638521369834,0.5864946085782612,0.5700518577374287,0.016442750840832465,0.028035638521369907,0.5864946085782612,0.5700518577374287,0.016442750840832465,0.028035638521369907,3,3,7,11.706917752656707,ok,4.324720100034028,4.324720100034028,9.199953638017178e-06,9.199953638017178e-06,4,0,6,128,4,local_aer,aer_preset,density_matrix,full,0.0007859970273009162
simulated_noise,simulated_noise,realistic,1.0,0.125,6q_instance,cva,5,BIQAE,biqae,0,128,128.0,128.0,0.21441327150575895,0.1328730942948926,0.08154017721086634,0.613669589344399,0.5864946085782612,0.9464085141771866,0.35991390559892544,0.6136695893443987,0.5864946085782612,0.9464085141771866,0.35991390559892544,0.6136695893443987,0,0,1,11.706917752656707,ok,0.3056729666811103,0.3056729666811103,0.4391797999269329,0.4391797999269329,1,1,7,128,4,local_aer,aer_preset,density_matrix,full,0.37659036488612324
simulated_noise,simulated_noise,realistic,1.0,0.125,6q_instance,cva,5,BIQAE,biqae,1,768,768.0,768.0,0.17375239793810401,0.1328730942948926,0.040879303643211407,0.3076567446565646,0.5864946085782612,0.7669336306120751,0.1804390220338139,0.3076567446565646,0.5864946085782612,0.7669336306120751,0.1804390220338139,0.3076567446565646,2,2,5,11.706917752656707,ok,1.8340378000866622,1.8340378000866622,0.4391797999269329,0.4391797999269329,1,1,7,128,4,local_aer,aer_preset,density_matrix,full,0.0946526725326746
simulated_noise,simulated_noise,realistic,1.0,0.125,6q_instance,cva,6,CABIQAE,cabiqae_latentt,0,128,128.0,128.0,0.13230890200309425,0.1328730942948926,0.0005641922917983544,0.004246098841848382,0.5864946085782612,0.5840042945000267,0.0024903140782345234,0.0042460988418484644,0.5864946085782612,0.5840042945000267,0.0024903140782345234,0.0042460988418484644,0,0,1,11.706917752656707,ok,0.3768429999948818,0.3768429999948818,6.800051778554916e-06,6.800051778554916e-06,3,0,7,128,4,local_aer,aer_preset,density_matrix,full,1.802935537474617e-05
simulated_noise,simulated_noise,realistic,1.0,0.125,6q_instance,cva,6,CABIQAE,cabiqae_latentt,1,512,512.0,512.0,0.12550333690326515,0.1328730942948926,0.007369757391627457,0.05546463285690741,0.5864946085782612,0.5539649004409123,0.0325297081373489,0.055464632856907455,0.5864946085782612,0.5539649004409123,0.0325297081373489,0.055464632856907455,1,1,3,11.706917752656707,ok,1.5073719999795272,1.5073719999795272,6.800051778554916e-06,6.800051778554916e-06,3,0,7,128,4,local_aer,aer_preset,density_matrix,full,0.0030763254979515333
simulated_noise,simulated_noise,realistic,1.0,0.125,6q_instance,cva,6,CABIQAE,cabiqae_latentt,2,1408,1408.0,1408.0,0.10506321125148944,0.1328730942948926,0.027809883043403164,0.20929657122068032,0.5864946085782612,0.46374329796341607,0.12275131061484512,0.2092965712206804,0.5864946085782612,0.46374329796341607,0.12275131061484512,0.2092965712206804,3,3,7,11.706917752656707,ok,4.1452729999437,4.1452729999437,6.800051778554916e-06,6.800051778554916e-06,3,0,7,128,4,local_aer,aer_preset,density_matrix,full,0.04380505472473331
simulated_noise,simulated_noise,realistic,1.0,0.125,6q_instance,cva,7,CABIQAE,cabiqae_latentt,0,128,128.0,128.0,0.10772505929776366,0.1328730942948926,0.02514803499712895,0.1892635610736702,0.5864946085782612,0.47549255040823113,0.11100205817003006,0.18926356107367023,0.5864946085782612,0.47549255040823113,0.11100205817003006,0.18926356107367023,0,0,1,11.706917752656707,ok,0.3426898636389524,0.3426898636389524,5.89998671784997e-06,5.89998671784997e-06,3,0,7,128,4,local_aer,aer_preset,density_matrix,full,0.03582069555028689
simulated_noise,simulated_noise,realistic,1.0,0.125,6q_instance,cva,7,CABIQAE,cabiqae_latentt,1,512,512.0,512.0,0.14486577002518272,0.1328730942948926,0.011992675730290114,0.09025661511031048,0.5864946085782612,0.6394296267289815,0.052935018150720325,0.0902566151103105,0.5864946085782612,0.6394296267289815,0.052935018150720325,0.0902566151103105,1,1,3,11.706917752656707,ok,1.3707594545558095,1.3707594545558095,5.89998671784997e-06,5.89998671784997e-06,3,0,7,128,4,local_aer,aer_preset,density_matrix,full,0.008146256571170726
simulated_noise,simulated_noise,realistic,1.0,0.125,6q_instance,cva,7,CABIQAE,cabiqae_latentt,2,1408,1408.0,1408.0,0.13213609797183085,0.1328730942948926,0.0007369963230617615,0.005546618199664297,0.5864946085782612,0.583241546908316,0.003253061669945212,0.0055466181996643655,0.5864946085782612,0.583241546908316,0.003253061669945212,0.0055466181996643655,3,3,7,11.706917752656707,ok,3.769588500028476,3.769588500028476,5.89998671784997e-06,5.89998671784997e-06,3,0,7,128,4,local_aer,aer_preset,density_matrix,full,3.0764973452847206e-05
simulated_noise,simulated_noise,realistic,1.0,0.125,6q_instance,cva,8,CABIQAE,cabiqae_latentt,0,128,128.0,128.0,0.09952801054305421,0.1328730942948926,0.033345083751838395,0.2509543706255068,0.5864946085782612,0.43931122320725063,0.14718338537101056,0.2509543706255069,0.5864946085782612,0.43931122320725063,0.14718338537101056,0.2509543706255069,0,0,1,11.706917752656707,ok,0.3387708636371165,0.3387708636371165,7.499998901039362e-06,7.499998901039362e-06,3,0,7,128,4,local_aer,aer_preset,density_matrix,full,0.06297809613604423
simulated_noise,simulated_noise,realistic,1.0,0.125,6q_instance,cva,8,CABIQAE,cabiqae_latentt,1,512,512.0,512.0,0.12000370634028137,0.1328730942948926,0.012869387954611233,0.09685473212544812,0.5864946085782612,0.5296898303713942,0.056804778206867024,0.0968547321254481,0.5864946085782612,0.5296898303713942,0.056804778206867024,0.0968547321254481,1,1,3,11.706917752656707,ok,1.355083454548466,1.355083454548466,7.499998901039362e-06,7.499998901039362e-06,3,0,7,128,4,local_aer,aer_preset,density_matrix,full,0.009380839135092313
simulated_noise,simulated_noise,realistic,1.0,0.125,6q_instance,cva,8,CABIQAE,cabiqae_latentt,2,1408,1408.0,1408.0,0.11391300166750903,0.1328730942948926,0.018960092627383573,0.14269324220977642,0.5864946085782612,0.5028057913416754,0.08368881723658583,0.14269324220977642,0.5864946085782612,0.5028057913416754,0.08368881723658583,0.14269324220977642,3,3,7,11.706917752656707,ok,3.7264795000082813,3.7264795000082813,7.499998901039362e-06,7.499998901039362e-06,3,0,7,128,4,local_aer,aer_preset,density_matrix,full,0.02036136137233792
simulated_noise,simulated_noise,realistic,1.0,0.125,6q_instance,cva,9,CABIQAE,cabiqae_latentt,0,128,128.0,128.0,0.15688204356633384,0.1328730942948926,0.024008949271441232,0.18069082682876975,0.5864946085782612,0.6924688043328828,0.10597419575462164,0.18069082682876966,0.5864946085782612,0.6924688043328828,0.10597419575462164,0.18069082682876966,0,0,1,11.706917752656707,ok,0.2963469857183684,0.2963469857183684,8.599890861660242e-06,8.599890861660242e-06,4,0,8,128,4,local_aer,aer_preset,density_matrix,full,0.03264917490006446
simulated_noise,simulated_noise,realistic,1.0,0.125,6q_instance,cva,9,CABIQAE,cabiqae_latentt,1,512,512.0,512.0,0.15315866115353005,0.1328730942948926,0.020285566858637444,0.1526687322688261,0.5864946085782612,0.6760339969524056,0.08953938837414444,0.15266873226882596,0.5864946085782612,0.6760339969524056,0.08953938837414444,0.15266873226882596,1,1,3,11.706917752656707,ok,1.1853879428734737,1.1853879428734737,8.599890861660242e-06,8.599890861660242e-06,4,0,8,128,4,local_aer,aer_preset,density_matrix,full,0.023307741812570504
simulated_noise,simulated_noise,realistic,1.0,0.125,6q_instance,cva,9,CABIQAE,cabiqae_latentt,2,896,896.0,896.0,0.14504595443095977,0.1328730942948926,0.012172860136067165,0.09161267900521126,0.5864946085782612,0.6402249508922284,0.05373034231396723,0.0916126790052112,0.5864946085782612,0.6402249508922284,0.05373034231396723,0.0916126790052112,1,1,3,11.706917752656707,ok,2.074428900028579,2.074428900028579,8.599890861660242e-06,8.599890861660242e-06,4,0,8,128,4,local_aer,aer_preset,density_matrix,full,0.008392882954511877
simulated_noise,simulated_noise,realistic,1.0,0.125,6q_instance,cva,9,CABIQAE,cabiqae_latentt,3,1792,1792.0,1792.0,0.1265184184045496,0.1328730942948926,0.006354675890342998,0.04782515169128006,0.5864946085782612,0.5584454149568879,0.02804919362137326,0.04782515169128005,0.5864946085782612,0.5584454149568879,0.02804919362137326,0.04782515169128005,3,3,7,11.706917752656707,ok,4.148857800057158,4.148857800057158,8.599890861660242e-06,8.599890861660242e-06,4,0,8,128,4,local_aer,aer_preset,density_matrix,full,0.0022872451342939477
simulated_noise,simulated_noise,realistic,1.0,0.125,6q_instance,cva,10,CABIQAE,cabiqae_latentt,0,128,128.0,128.0,0.14869092357818176,0.1328730942948926,0.015817829283289148,0.11904463704430458,0.5864946085782612,0.6563136463849017,0.06981903780664056,0.11904463704430454,0.5864946085782612,0.6563136463849017,0.06981903780664056,0.11904463704430454,0,0,1,11.706917752656707,ok,0.33230894546299666,0.33230894546299666,6.299931555986404e-06,6.299931555986404e-06,3,0,8,128,4,local_aer,aer_preset,density_matrix,full,0.014171625609010216
simulated_noise,simulated_noise,realistic,1.0,0.125,6q_instance,cva,10,CABIQAE,cabiqae_latentt,1,512,512.0,512.0,0.12935383734095682,0.1328730942948926,0.00351925695393579,0.02648585082338271,0.5864946085782612,0.5709607998667391,0.015533808711522101,0.02648585082338278,0.5864946085782612,0.5709607998667391,0.015533808711522101,0.02648585082338278,1,1,3,11.706917752656707,ok,1.3292357818519867,1.3292357818519867,6.299931555986404e-06,6.299931555986404e-06,3,0,8,128,4,local_aer,aer_preset,density_matrix,full,0.0007015002938384826
simulated_noise,simulated_noise,realistic,1.0,0.125,6q_instance,cva,10,CABIQAE,cabiqae_latentt,2,1408,1408.0,1408.0,0.10909342275389239,0.1328730942948926,0.02377967154100022,0.17896528764675773,0.5864946085782612,0.4815324322507801,0.10496217632748112,0.17896528764675776,0.5864946085782612,0.4815324322507801,0.10496217632748112,0.17896528764675776,3,3,7,11.706917752656707,ok,3.655398400092963,3.655398400092963,6.299931555986404e-06,6.299931555986404e-06,3,0,8,128,4,local_aer,aer_preset,density_matrix,full,0.03202857418248674
simulated_noise,simulated_noise,realistic,1.0,0.125,6q_instance,cva,11,CABIQAE,cabiqae_latentt,0,128,128.0,128.0,0.16507131173316195,0.1328730942948926,0.03219821743826934,0.24232307984647405,0.5864946085782612,0.7286157884422977,0.1421211798640365,0.242323079846474,0.5864946085782612,0.7286157884422977,0.1421211798640365,0.242323079846474,0,0,1,11.706917752656707,ok,0.27955901333674166,0.27955901333674166,1.2299977242946625e-05,1.2299977242946625e-05,5,0,8,128,4,local_aer,aer_preset,density_matrix,full,0.05872047502628064
simulated_noise,simulated_noise,realistic,1.0,0.125,6q_instance,cva,11,CABIQAE,cabiqae_latentt,1,256,256.0,256.0,0.14982998054944024,0.1328730942948926,0.016956886254547637,0.12761715488399994,0.5864946085782612,0.661341381879824,0.07484677330156286,0.1276171548839999,0.5864946085782612,0.661341381879824,0.07484677330156286,0.1276171548839999,0,0,1,11.706917752656707,ok,0.5591180266734833,0.5591180266734833,1.2299977242946625e-05,1.2299977242946625e-05,5,0,8,128,4,local_aer,aer_preset,density_matrix,full,0.01628613822068683
simulated_noise,simulated_noise,realistic,1.0,0.125,6q_instance,cva,11,CABIQAE,cabiqae_latentt,2,640,640.0,640.0,0.153229642185382,0.1328730942948926,0.02035654789048938,0.15320293396126508,0.5864946085782612,0.6763473033649146,0.08985269478665336,0.15320293396126508,0.5864946085782612,0.6763473033649146,0.08985269478665336,0.15320293396126508,1,1,3,11.706917752656707,ok,1.3977950666837082,1.3977950666837082,1.2299977242946625e-05,1.2299977242946625e-05,5,0,8,128,4,local_aer,aer_preset,density_matrix,full,0.02347113897433975
simulated_noise,simulated_noise,realistic,1.0,0.125,6q_instance,cva,11,CABIQAE,cabiqae_latentt,3,1024,1024.0,1024.0,0.13836515971988503,0.1328730942948926,0.0054920654249924206,0.04133316420556577,0.5864946085782612,0.6107362865403054,0.02424167796204424,0.04133316420556568,0.5864946085782612,0.6107362865403054,0.02424167796204424,0.04133316420556568,1,1,3,11.706917752656707,ok,2.2364721066939333,2.2364721066939333,1.2299977242946625e-05,1.2299977242946625e-05,5,0,8,128,4,local_aer,aer_preset,density_matrix,full,0.0017084304632442636
simulated_noise,simulated_noise,realistic,1.0,0.125,6q_instance,cva,11,CABIQAE,cabiqae_latentt,4,1920,1920.0,1920.0,0.12537406673831317,0.1328730942948926,0.007499027556579441,0.05643751728951562,0.5864946085782612,0.5533943089664178,0.03310029961184335,0.05643751728951569,0.5864946085782612,0.5533943089664178,0.03310029961184335,0.05643751728951569,3,3,7,11.706917752656707,ok,4.193385200051125,4.193385200051125,1.2299977242946625e-05,1.2299977242946625e-05,5,0,8,128,4,local_aer,aer_preset,density_matrix,full,0.0031851933578043745
simulated_noise,simulated_noise,realistic,1.0,0.125,6q_instance,cva,11,BIQAE,biqae,0,128,128.0,128.0,0.17682636006810173,0.1328730942948926,0.04395326577320913,0.33079131637938086,0.5864946085782612,0.7805019321992739,0.1940073236210127,0.3307913163793808,0.5864946085782612,0.7805019321992739,0.1940073236210127,0.3307913163793808,0,0,1,11.706917752656707,ok,0.32756055714396226,0.32756055714396226,7.699942216277122e-06,7.699942216277122e-06,3,0,8,128,4,local_aer,aer_preset,density_matrix,full,0.10942289499200364
simulated_noise,simulated_noise,realistic,1.0,0.125,6q_instance,cva,11,BIQAE,biqae,1,256,256.0,256.0,0.15902160872800378,0.1328730942948926,0.02614851443311117,0.19679314741537007,0.5864946085782612,0.7019127285425226,0.11541811996426143,0.1967931474153699,0.5864946085782612,0.7019127285425226,0.11541811996426143,0.1967931474153699,0,0,1,11.706917752656707,ok,0.6551211142879245,0.6551211142879245,7.699942216277122e-06,7.699942216277122e-06,3,0,8,128,4,local_aer,aer_preset,density_matrix,full,0.03872754286964758
simulated_noise,simulated_noise,realistic,1.0,0.125,6q_instance,cva,11,BIQAE,biqae,2,896,896.0,896.0,0.18431285667672026,0.1328730942948926,0.05143976238182765,0.38713452602875753,0.5864946085782612,0.8135469208886279,0.2270523123103667,0.38713452602875736,0.5864946085782612,0.8135469208886279,0.2270523123103667,0.38713452602875736,2,2,5,11.706917752656707,ok,2.292923900007736,2.292923900007736,7.699942216277122e-06,7.699942216277122e-06,3,0,8,128,4,local_aer,aer_preset,density_matrix,full,0.14987314124351075
simulated_noise,simulated_noise,realistic,1.0,0.125,6q_instance,cva,12,CABIQAE,cabiqae_latentt,0,128,128.0,128.0,0.11592066957776136,0.1328730942948926,0.01695242471713125,0.12758357745103607,0.5864946085782612,0.5116675282601015,0.07482708031815966,0.12758357745103605,0.5864946085782612,0.5116675282601015,0.07482708031815966,0.12758357745103605,0,0,1,11.706917752656707,ok,0.4164725909041326,0.4164725909041326,5.900044925510883e-06,5.900044925510883e-06,3,0,8,128,4,local_aer,aer_preset,density_matrix,full,0.01627756923520452
simulated_noise,simulated_noise,realistic,1.0,0.125,6q_instance,cva,12,CABIQAE,cabiqae_latentt,1,512,512.0,512.0,0.11601089638171297,0.1328730942948926,0.01686219791317964,0.12690453249893038,0.5864946085782612,0.5120657844634938,0.07442882411476737,0.12690453249893033,0.5864946085782612,0.5120657844634938,0.07442882411476737,0.12690453249893033,1,1,3,11.706917752656707,ok,1.6658903636165303,1.6658903636165303,5.900044925510883e-06,5.900044925510883e-06,3,0,8,128,4,local_aer,aer_preset,density_matrix,full,0.016104760368772078
simulated_noise,simulated_noise,realistic,1.0,0.125,6q_instance,cva,12,CABIQAE,cabiqae_latentt,2,1408,1408.0,1408.0,0.11107946450654269,0.1328730942948926,0.021793629788349922,0.16401838087688478,0.5864946085782612,0.49029871248623247,0.09619589609202872,0.1640183808768848,0.5864946085782612,0.49029871248623247,0.09619589609202872,0.1640183808768848,3,3,7,11.706917752656707,ok,4.581198499945458,4.581198499945458,5.900044925510883e-06,5.900044925510883e-06,3,0,8,128,4,local_aer,aer_preset,density_matrix,full,0.02690202926547484
simulated_noise,simulated_noise,realistic,1.0,0.125,6q_instance,cva,13,BIQAE,biqae,0,128,128.0,128.0,0.18434428623321442,0.1328730942948926,0.05147119193832181,0.3873710641831592,0.5864946085782612,0.8136856492409076,0.2271910406626464,0.3873710641831591,0.5864946085782612,0.8136856492409076,0.2271910406626464,0.3873710641831591,0,0,1,11.706917752656707,ok,0.15541571666835807,0.15541571666835807,5.100038833916187e-06,5.100038833916187e-06,2,0,8,128,4,local_aer,aer_preset,density_matrix,full,0.15005634136639323
simulated_noise,simulated_noise,realistic,1.0,0.125,6q_instance,cva,13,BIQAE,biqae,1,768,768.0,768.0,0.18241712296317314,0.1328730942948926,0.04954402866828053,0.37286727558496324,0.5864946085782612,0.8051792554241068,0.21868464684584565,0.37286727558496324,0.5864946085782612,0.8051792554241068,0.21868464684584565,0.37286727558496324,2,2,5,11.706917752656707,ok,0.9324943000101484,0.9324943000101484,5.100038833916187e-06,5.100038833916187e-06,2,0,8,128,4,local_aer,aer_preset,density_matrix,full,0.13903000520215292
simulated_noise,simulated_noise,realistic,1.0,0.125,6q_instance,cva,14,CABIQAE,cabiqae_latentt,0,128,128.0,128.0,0.16507131173316195,0.1328730942948926,0.03219821743826934,0.24232307984647405,0.5864946085782612,0.7286157884422977,0.1421211798640365,0.242323079846474,0.5864946085782612,0.7286157884422977,0.1421211798640365,0.242323079846474,0,0,1,11.706917752656707,ok,0.30894774999857566,0.30894774999857566,8.700008038431406e-06,8.700008038431406e-06,4,0,8,128,4,local_aer,aer_preset,density_matrix,full,0.05872047502628064
simulated_noise,simulated_noise,realistic,1.0,0.125,6q_instance,cva,14,CABIQAE,cabiqae_latentt,1,256,256.0,256.0,0.14223585252579407,0.1328730942948926,0.009362758230901463,0.07046391356042463,0.5864946085782612,0.6278213139807748,0.0413267054025136,0.0704639135604245,0.5864946085782612,0.6278213139807748,0.0413267054025136,0.0704639135604245,0,0,1,11.706917752656707,ok,0.6178954999971513,0.6178954999971513,8.700008038431406e-06,8.700008038431406e-06,4,0,8,128,4,local_aer,aer_preset,density_matrix,full,0.004965163114250994
simulated_noise,simulated_noise,realistic,1.0,0.125,6q_instance,cva,14,CABIQAE,cabiqae_latentt,2,640,640.0,640.0,0.11153495026742266,0.1328730942948926,0.021338144027469946,0.16059040500790192,0.5864946085782612,0.4923092018517273,0.09418540672653392,0.160590405007902,0.5864946085782612,0.4923092018517273,0.09418540672653392,0.160590405007902,1,1,3,11.706917752656707,ok,1.5447387499928786,1.5447387499928786,8.700008038431406e-06,8.700008038431406e-06,4,0,8,128,4,local_aer,aer_preset,density_matrix,full,0.02578927818060197
simulated_noise,simulated_noise,realistic,1.0,0.125,6q_instance,cva,14,CABIQAE,cabiqae_latentt,3,1536,1536.0,1536.0,0.10217929920172798,0.1328730942948926,0.030693795093164625,0.23100083019850645,0.5864946085782612,0.45101386708973473,0.13548074148852646,0.2310008301985065,0.5864946085782612,0.45101386708973473,0.13548074148852646,0.2310008301985065,3,3,7,11.706917752656707,ok,3.7073729999829084,3.7073729999829084,8.700008038431406e-06,8.700008038431406e-06,4,0,8,128,4,local_aer,aer_preset,density_matrix,full,0.05336138355239921
simulated_noise,simulated_noise,realistic,1.0,0.125,6q_instance,cva,15,CABIQAE,cabiqae_latentt,0,128,128.0,128.0,0.19782504131353534,0.1328730942948926,0.06495194701864274,0.488826931918145,0.5864946085782612,0.873188968676106,0.28669436009784477,0.48882693191814497,0.5864946085782612,0.873188968676106,0.28669436009784477,0.48882693191814497,0,0,1,11.706917752656707,ok,0.24913545625531697,0.24913545625531697,9.899900760501623e-06,9.899900760501623e-06,4,0,8,128,4,local_aer,aer_preset,density_matrix,full,0.2389517693685068
simulated_noise,simulated_noise,realistic,1.0,0.125,6q_instance,cva,15,CABIQAE,cabiqae_latentt,1,768,768.0,768.0,0.15253357979612728,0.1328730942948926,0.01966048550123467,0.14796438365167494,0.5864946085782612,0.6732749218515739,0.0867803132733127,0.14796438365167483,0.5864946085782612,0.6732749218515739,0.0867803132733127,0.14796438365167483,2,2,5,11.706917752656707,ok,1.4948127375319018,1.4948127375319018,9.899900760501623e-06,9.899900760501623e-06,4,0,8,128,4,local_aer,aer_preset,density_matrix,full,0.02189345882942005
simulated_noise,simulated_noise,realistic,1.0,0.125,6q_instance,cva,15,CABIQAE,cabiqae_latentt,2,1408,1408.0,1408.0,0.14678882746602775,0.1328730942948926,0.013915733171135147,0.1047295033278234,0.5864946085782612,0.6479178976391087,0.061423289060847486,0.1047295033278234,0.5864946085782612,0.6479178976391087,0.061423289060847486,0.1047295033278234,2,2,5,11.706917752656707,ok,2.7404900188084866,2.7404900188084866,9.899900760501623e-06,9.899900760501623e-06,4,0,8,128,4,local_aer,aer_preset,density_matrix,full,0.01096826886729257
simulated_noise,simulated_noise,realistic,1.0,0.125,6q_instance,cva,15,CABIQAE,cabiqae_latentt,3,2048,2048.0,2048.0,0.14226634272382763,0.1328730942948926,0.00939324842893502,0.07069338212360783,0.5864946085782612,0.62795589605592,0.04146128747765876,0.07069338212360772,0.5864946085782612,0.62795589605592,0.04146128747765876,0.07069338212360772,2,2,5,11.706917752656707,ok,3.9861673000850715,3.9861673000850715,9.899900760501623e-06,9.899900760501623e-06,4,0,8,128,4,local_aer,aer_preset,density_matrix,full,0.004997554276074435
simulated_noise,simulated_noise,realistic,1.0,0.125,6q_instance,cva,16,CABIQAE,cabiqae_latentt,0,128,128.0,128.0,0.1404996229845634,0.1328730942948926,0.007626528689670786,0.05739708802705241,0.5864946085782612,0.6201576912542193,0.03366308267595808,0.057397088027052366,0.5864946085782612,0.6201576912542193,0.03366308267595808,0.057397088027052366,0,0,1,11.706917752656707,ok,0.3590729000011029,0.3590729000011029,0.8955503000179306,0.8955503000179306,2,1,9,128,4,local_aer,aer_preset,density_matrix,full,0.0032944257139852027
simulated_noise,simulated_noise,realistic,1.0,0.125,6q_instance,cva,16,CABIQAE,cabiqae_latentt,1,512,512.0,512.0,0.16954640389058473,0.1328730942948926,0.03667330959569212,0.2760025254947478,0.5864946085782612,0.7483686017349148,0.16187399315665363,0.27600252549474774,0.5864946085782612,0.7483686017349148,0.16187399315665363,0.27600252549474774,1,1,3,11.706917752656707,ok,1.4362916000044117,1.4362916000044117,0.8955503000179306,0.8955503000179306,2,1,9,128,4,local_aer,aer_preset,density_matrix,full,0.0761773940794789
simulated_noise,simulated_noise,realistic,1.0,0.125,6q_instance,cva,16,CABIQAE,cabiqae_latentt,2,1664,1664.0,1664.0,0.17353729613656527,0.1328730942948926,0.04066420184167266,0.30603789320525904,0.5864946085782612,0.7659841829637952,0.17948957438553403,0.3060378932052589,0.5864946085782612,0.7659841829637952,0.17948957438553403,0.3060378932052589,4,4,9,11.706917752656707,ok,4.667947700014338,4.667947700014338,0.8955503000179306,0.8955503000179306,2,1,9,128,4,local_aer,aer_preset,density_matrix,full,0.09365919207751354
simulated_noise,simulated_noise,realistic,1.0,0.125,6q_instance,cva,17,CABIQAE,cabiqae_latentt,0,128,128.0,128.0,0.08312449189269303,0.1328730942948926,0.04974860240219958,0.3744068930297488,0.5864946085782612,0.3669069844017757,0.21958762417648547,0.3744068930297489,0.5864946085782612,0.3669069844017757,0.21958762417648547,0.3744068930297489,0,0,1,11.706917752656707,ok,0.38985818182647397,0.38985818182647397,7.4999406933784485e-06,7.4999406933784485e-06,3,0,9,128,4,local_aer,aer_preset,density_matrix,full,0.14018052154818975
simulated_noise,simulated_noise,realistic,1.0,0.125,6q_instance,cva,17,CABIQAE,cabiqae_latentt,1,512,512.0,512.0,0.12089459377326328,0.1328730942948926,0.011978500521629326,0.09014993280012563,0.5864946085782612,0.5336221590272949,0.05287244955096626,0.09014993280012568,0.5864946085782612,0.5336221590272949,0.05287244955096626,0.09014993280012568,1,1,3,11.706917752656707,ok,1.5594327273058959,1.5594327273058959,7.4999406933784485e-06,7.4999406933784485e-06,3,0,9,128,4,local_aer,aer_preset,density_matrix,full,0.008127010383867168
simulated_noise,simulated_noise,realistic,1.0,0.125,6q_instance,cva,17,CABIQAE,cabiqae_latentt,2,1408,1408.0,1408.0,0.11440611304497744,0.1328730942948926,0.018466981249915165,0.13898209677371082,0.5864946085782612,0.5049823581315777,0.08151225044668353,0.1389820967737108,0.5864946085782612,0.5049823581315777,0.08151225044668353,0.1389820967737108,3,3,7,11.706917752656707,ok,4.288440000091214,4.288440000091214,7.4999406933784485e-06,7.4999406933784485e-06,3,0,9,128,4,local_aer,aer_preset,density_matrix,full,0.01931602322361712
simulated_noise,simulated_noise,realistic,1.0,0.125,6q_instance,cva,18,CABIQAE,cabiqae_latentt,0,128,128.0,128.0,0.23057276731656545,0.1328730942948926,0.09769967302167284,0.7352856011981068,0.5864946085782612,1.0177356494461762,0.43124104086791504,0.7352856011981067,0.5864946085782612,1.0177356494461762,0.43124104086791504,0.7352856011981067,0,0,1,11.706917752656707,ok,0.25824089999878197,0.25824089999878197,9.000010322779417e-06,9.000010322779417e-06,4,0,9,128,4,local_aer,aer_preset,density_matrix,full,0.5406449153292614
simulated_noise,simulated_noise,realistic,1.0,0.125,6q_instance,cva,18,CABIQAE,cabiqae_latentt,1,768,768.0,768.0,0.15754818616343208,0.1328730942948926,0.024675091868539473,0.18570420143732544,0.5864946085782612,0.6954091215115838,0.10891451293332266,0.18570420143732527,0.5864946085782612,0.6954091215115838,0.10891451293332266,0.18570420143732527,2,2,5,11.706917752656707,ok,1.5494453999926918,1.5494453999926918,9.000010322779417e-06,9.000010322779417e-06,4,0,9,128,4,local_aer,aer_preset,density_matrix,full,0.03448605043147474
simulated_noise,simulated_noise,realistic,1.0,0.125,6q_instance,cva,18,CABIQAE,cabiqae_latentt,2,1408,1408.0,1408.0,0.1509056333520893,0.1328730942948926,0.018032539057196706,0.1357124943382149,0.5864946085782612,0.666089254824332,0.07959464624607082,0.1357124943382149,0.5864946085782612,0.666089254824332,0.07959464624607082,0.1357124943382149,2,2,5,11.706917752656707,ok,2.8406498999866017,2.8406498999866017,9.000010322779417e-06,9.000010322779417e-06,4,0,9,128,4,local_aer,aer_preset,density_matrix,full,0.018417881119500008
simulated_noise,simulated_noise,realistic,1.0,0.125,6q_instance,cva,18,CABIQAE,cabiqae_latentt,3,2048,2048.0,2048.0,0.14670433661299817,0.1328730942948926,0.013831242318105563,0.104093627016837,0.5864946085782612,0.6475449596109925,0.061050351032731265,0.10409362701683689,0.5864946085782612,0.6475449596109925,0.061050351032731265,0.10409362701683689,2,2,5,11.706917752656707,ok,4.1318543999805115,4.1318543999805115,9.000010322779417e-06,9.000010322779417e-06,4,0,9,128,4,local_aer,aer_preset,density_matrix,full,0.010835483185520377
simulated_noise,simulated_noise,realistic,1.0,0.125,6q_instance,cva,19,CABIQAE,cabiqae_latentt,0,128,128.0,128.0,0.15688204356633384,0.1328730942948926,0.024008949271441232,0.18069082682876975,0.5864946085782612,0.6924688043328828,0.10597419575462164,0.18069082682876966,0.5864946085782612,0.6924688043328828,0.10597419575462164,0.18069082682876966,0,0,1,11.706917752656707,ok,0.3631487545366822,0.3631487545366822,6.400048732757568e-06,6.400048732757568e-06,3,0,9,128,4,local_aer,aer_preset,density_matrix,full,0.03264917490006446
simulated_noise,simulated_noise,realistic,1.0,0.125,6q_instance,cva,19,CABIQAE,cabiqae_latentt,1,512,512.0,512.0,0.12875304984579372,0.1328730942948926,0.004120044449098886,0.03100736436494091,0.5864946085782612,0.5683089565520016,0.018185652026259547,0.031007364364940917,0.5864946085782612,0.5683089565520016,0.018185652026259547,0.031007364364940917,1,1,3,11.706917752656707,ok,1.4525950181467289,1.4525950181467289,6.400048732757568e-06,6.400048732757568e-06,3,0,9,128,4,local_aer,aer_preset,density_matrix,full,0.0009614566448602074
simulated_noise,simulated_noise,realistic,1.0,0.125,6q_instance,cva,19,CABIQAE,cabiqae_latentt,2,1408,1408.0,1408.0,0.11130775857023201,0.1328730942948926,0.0215653357246606,0.16230024474932042,0.5864946085782612,0.4913063900618525,0.09518821851640868,0.16230024474932045,0.5864946085782612,0.4913063900618525,0.09518821851640868,0.16230024474932045,3,3,7,11.706917752656707,ok,3.9946362999035046,3.9946362999035046,6.400048732757568e-06,6.400048732757568e-06,3,0,9,128,4,local_aer,aer_preset,density_matrix,full,0.026341369445689312
