profile,scenario_id,objective_ry_offset,a_true,rep,algorithm,final_queries,final_estimate,final_abs_error,final_normalized_abs_error,coverage,runtime_seconds,k_max
realistic,1,0.3,0.3602728053304129,1,CABIQAE_latentt,34048,0.36053201780914634,0.00025921247873345044,0.0007194894393866944,1.0,4.3855688001494855,9
realistic,1,0.3,0.3602728053304129,1,BIQAE,14592,0.39972060786823055,0.039447802537817656,0.10949425533697817,0.0,1.542476600036025,93
realistic,1,0.3,0.3602728053304129,1,BAE,15760,0.35961435582682344,0.0006584495035894533,0.0018276414257400778,1.0,36.282829199917614,21
realistic,1,0.3,0.3602728053304129,2,CABIQAE_latentt,32640,0.3630547272021285,0.002781921871715609,0.007721709300717985,1.0,4.143526300089434,9
realistic,1,0.3,0.3602728053304129,2,BIQAE,11520,0.37148692227754077,0.011214116947127872,0.03112673724247157,0.0,1.1690390000585467,73
realistic,1,0.3,0.3602728053304129,2,BAE,17680,0.3621033926695905,0.001830587339177625,0.005081114400235564,1.0,43.33261649985798,23
realistic,1,0.3,0.3602728053304129,3,CABIQAE_latentt,43136,0.3640791380974505,0.0038063327670376235,0.010565140390062927,0.0,5.360345100052655,9
realistic,1,0.3,0.3602728053304129,3,BIQAE,14848,0.4013769613627345,0.04110415603232159,0.11409175331627988,0.0,1.4938064999878407,95
realistic,1,0.3,0.3602728053304129,3,BAE,16144,0.3592378519225199,0.0010349534078930023,0.0028726936715188015,1.0,40.99446569988504,23
realistic,1,0.3,0.3602728053304129,4,CABIQAE_latentt,30080,0.3586973637668118,0.0015754415636010655,0.004372912804662563,1.0,3.6383879999630153,11
realistic,1,0.3,0.3602728053304129,4,BIQAE,14592,0.39919283982295944,0.03892003449254655,0.10802934308864158,0.0,1.4863188001327217,93
realistic,1,0.3,0.3602728053304129,4,BAE,17296,0.3599340202082927,0.00033878512212021095,0.0009403571879634512,1.0,45.144714100053534,21
realistic,1,0.3,0.3602728053304129,5,CABIQAE_latentt,40832,0.3591935862146646,0.00107921911574832,0.002995560863270121,1.0,5.21830469998531,9
realistic,1,0.3,0.3602728053304129,5,BIQAE,32384,0.32361003596235016,0.03666276936806273,0.10176391008596561,0.0,3.1788520000409335,209
realistic,1,0.3,0.3602728053304129,5,BAE,15248,0.35703650898369516,0.0032362963467177375,0.008982904895499038,1.0,48.179036000045016,23
realistic,1,0.3,0.3602728053304129,6,CABIQAE_latentt,37376,0.359839015828739,0.00043378950167388686,0.001204058411447543,1.0,4.636194200022146,9
realistic,1,0.3,0.3602728053304129,6,BIQAE,13184,0.3878775712101423,0.02760476587972943,0.07662184175797723,0.0,1.3513208001386374,83
realistic,1,0.3,0.3602728053304129,6,BAE,15376,0.3564846209786878,0.0037881843517250657,0.01051476629841892,1.0,48.024126400006935,11
realistic,1,0.3,0.3602728053304129,7,CABIQAE_latentt,23040,0.3619112199091047,0.0016384145786917936,0.004547705390056219,1.0,3.0963169999886304,11
realistic,1,0.3,0.3602728053304129,7,BIQAE,11648,0.3726306331048736,0.012357827774460706,0.03430130609810283,0.0,1.3850095998495817,73
realistic,1,0.3,0.3602728053304129,7,BAE,16016,0.3599773466822356,0.0002954586481773158,0.0008200970037312286,1.0,52.03316690004431,21
realistic,1,0.3,0.3602728053304129,8,CABIQAE_latentt,35840,0.3617048038489534,0.0014319985185405337,0.003974761617733598,1.0,4.5968746999278665,11
realistic,1,0.3,0.3602728053304129,8,BIQAE,44672,0.3493175115110181,0.010955293819394807,0.03040832851468626,0.0,5.205713500035927,287
realistic,1,0.3,0.3602728053304129,8,BAE,15760,0.35853227325544446,0.0017405320749684372,0.004831150309477738,1.0,47.03341510007158,23
realistic,1,0.3,0.3602728053304129,9,CABIQAE_latentt,40832,0.35715111868537214,0.0031216866450407554,0.008664785681444367,0.0,5.197792199905962,9
realistic,1,0.3,0.3602728053304129,9,BIQAE,11648,0.37294565627580023,0.012672850945387337,0.03517570784662703,0.0,1.3280537000391632,73
realistic,1,0.3,0.3602728053304129,9,BAE,16272,0.36496709893930723,0.00469429360889434,0.013029830560175409,1.0,46.20085430005565,23
realistic,1,0.3,0.3602728053304129,10,CABIQAE_latentt,27264,0.3602178561986847,5.4949131728210254e-05,0.0001525208978174619,1.0,3.1699467999860644,11
realistic,1,0.3,0.3602728053304129,10,BIQAE,14464,0.3965856049160556,0.03631279958564271,0.10079250792282132,0.0,1.4928653999231756,91
realistic,1,0.3,0.3602728053304129,10,BAE,17424,0.35679943874857856,0.0034733665818343362,0.009640934676290227,1.0,42.40608120011166,21
realistic,1,0.3,0.3602728053304129,11,CABIQAE_latentt,39552,0.35891901763089284,0.0013537876995200482,0.0037576738501771297,1.0,5.072262200061232,9
realistic,1,0.3,0.3602728053304129,11,BIQAE,46080,0.3493604588455138,0.010912346484899083,0.030289120698108664,0.0,4.284880900057033,297
realistic,1,0.3,0.3602728053304129,11,BAE,16144,0.3611045315663556,0.0008317262359426869,0.0023086012145154705,1.0,42.80325430002995,21
realistic,1,0.3,0.3602728053304129,12,CABIQAE_latentt,30464,0.35962994472591403,0.0006428606044988627,0.0017843717177300777,1.0,3.9346054999623448,9
realistic,1,0.3,0.3602728053304129,12,BIQAE,12800,0.384943838731167,0.024671033400754105,0.06847875564220797,0.0,1.3646513000130653,81
realistic,1,0.3,0.3602728053304129,12,BAE,15888,0.3562895456150739,0.0039832597153389715,0.01105623198977189,1.0,41.532999200047925,21
realistic,1,0.3,0.3602728053304129,13,CABIQAE_latentt,22272,0.35713679819392785,0.0031360071364850417,0.008704534702831515,0.0,2.8851183999795467,9
realistic,1,0.3,0.3602728053304129,13,BIQAE,13056,0.3878130515461635,0.02754024621575063,0.07644275617887106,0.0,1.423884900053963,83
realistic,1,0.3,0.3602728053304129,13,BAE,16272,0.35605656299604366,0.004216242334369236,0.01170291587926666,1.0,39.42055519996211,21
realistic,1,0.3,0.3602728053304129,14,CABIQAE_latentt,39552,0.35940899608981625,0.0008638092405966469,0.002397653188961713,1.0,4.927660800050944,9
realistic,1,0.3,0.3602728053304129,14,BIQAE,13056,0.3883092368363473,0.028036431505934434,0.07782000498267334,0.0,1.445108300074935,83
realistic,1,0.3,0.3602728053304129,14,BAE,15120,0.35846784432060275,0.0018049610098101465,0.005009984054041445,1.0,33.006048700073734,21
realistic,1,0.3,0.3602728053304129,15,CABIQAE_latentt,38400,0.36542717514489415,0.005154369814481252,0.014306852302532477,0.0,4.873123000143096,9
realistic,1,0.3,0.3602728053304129,15,BIQAE,13056,0.38823265288756786,0.02795984755715497,0.07760743287718448,0.0,1.356572600081563,83
realistic,1,0.3,0.3602728053304129,15,BAE,15888,0.3581061134331971,0.0021666918972158,0.006014031215119572,1.0,43.87045080005191,21
realistic,1,0.3,0.3602728053304129,16,CABIQAE_latentt,32896,0.36247514575230677,0.002202340421893878,0.006112979912192014,1.0,3.9452003000769764,11
realistic,1,0.3,0.3602728053304129,16,BIQAE,10240,0.37595067041521524,0.015677865084802345,0.043516648641919786,0.0,1.1102146999910474,63
realistic,1,0.3,0.3602728053304129,16,BAE,17552,0.35863149960732577,0.0016413057230871275,0.0045557302655188075,1.0,47.53866200009361,21
realistic,1,0.3,0.3602728053304129,17,CABIQAE_latentt,35712,0.35942960295252113,0.0008432023778917608,0.0023404552478459876,1.0,4.3799729000311345,11
realistic,1,0.3,0.3602728053304129,17,BIQAE,14336,0.3834968091682551,0.023224003837842233,0.06446227273952322,0.0,1.5356226998846978,93
realistic,1,0.3,0.3602728053304129,17,BAE,15248,0.35925923988281494,0.0010135654475979528,0.0028133276578241675,1.0,37.62448070012033,23
realistic,1,0.3,0.3602728053304129,18,CABIQAE_latentt,37504,0.3608528751725356,0.0005800698421227213,0.0016100850065292284,1.0,4.49168650014326,11
realistic,1,0.3,0.3602728053304129,18,BIQAE,14848,0.40227511920400044,0.04200231387358755,0.11658474703653096,0.0,1.5917824001517147,95
realistic,1,0.3,0.3602728053304129,18,BAE,17552,0.3611882654281107,0.0009154600976978289,0.0025410191503581385,1.0,47.460109000094235,23
realistic,1,0.3,0.3602728053304129,19,CABIQAE_latentt,35072,0.360181422963987,9.138236642591835e-05,0.0002536476943967777,1.0,4.623914799885824,9
realistic,1,0.3,0.3602728053304129,19,BIQAE,13056,0.3876601613482494,0.027387356017836484,0.07601838277168611,0.0,1.6235183000098914,83
realistic,1,0.3,0.3602728053304129,19,BAE,15248,0.35681295893398274,0.003459846396430155,0.009603407043884607,1.0,40.116191000211984,23
realistic,1,0.3,0.3602728053304129,20,CABIQAE_latentt,37120,0.3604727221063573,0.0001999167759443865,0.000554903875581281,1.0,4.707916300045326,11
realistic,1,0.3,0.3602728053304129,20,BIQAE,13056,0.38652579900402184,0.02625299367360895,0.07286976226121714,0.0,1.455736800096929,83
realistic,1,0.3,0.3602728053304129,20,BAE,15760,0.36280887980411547,0.0025360744737025764,0.007039316973638061,1.0,47.64625860005617,23
realistic,1,0.3,0.3602728053304129,21,CABIQAE_latentt,34176,0.3575542419626705,0.0027185633677423993,0.007545846723704706,1.0,4.040377099998295,11
realistic,1,0.3,0.3602728053304129,21,BIQAE,32512,0.3237104047538126,0.03656240057660032,0.10148531900171666,0.0,3.1946002000477165,209
realistic,1,0.3,0.3602728053304129,21,BAE,15888,0.36111966023032005,0.0008468548999071568,0.002350593459671458,1.0,45.766265799989924,23
realistic,1,0.3,0.3602728053304129,22,CABIQAE_latentt,24576,0.35916333724077854,0.0011094680896343578,0.0030795221654791403,1.0,3.505277199903503,9
realistic,1,0.3,0.3602728053304129,22,BIQAE,12672,0.3821898567079051,0.021917051377492225,0.06083459826336792,0.0,1.4072416999842972,79
realistic,1,0.3,0.3602728053304129,22,BAE,17040,0.36065717965610133,0.0003843743256884413,0.0010668979728734298,1.0,43.752360299928114,21
realistic,1,0.3,0.3602728053304129,23,CABIQAE_latentt,23424,0.36328832284421864,0.0030155175138057433,0.00837009474262193,0.0,2.8162281999830157,11
realistic,1,0.3,0.3602728053304129,23,BIQAE,48896,0.3373357045739372,0.022937100756475703,0.06366592320350037,0.0,4.589018699945882,313
realistic,1,0.3,0.3602728053304129,23,BAE,17808,0.35838948927226727,0.0018833160581456232,0.005227472155214155,1.0,39.90520200016908,23
realistic,1,0.3,0.3602728053304129,24,CABIQAE_latentt,15744,0.3494478660965557,0.01082493923385719,0.030046506629689787,0.0,1.7092470999341458,19
realistic,1,0.3,0.3602728053304129,24,BIQAE,11392,0.3694045850576379,0.009131779727225009,0.02534684714504078,0.0,1.2526724999770522,71
realistic,1,0.3,0.3602728053304129,24,BAE,15888,0.3591449392466935,0.0011278660837193977,0.003130589006530789,1.0,33.67319200001657,23
realistic,1,0.3,0.3602728053304129,25,CABIQAE_latentt,37120,0.35858836988296705,0.0016844354474458423,0.004675444336968523,1.0,4.40791040007025,11
realistic,1,0.3,0.3602728053304129,25,BIQAE,13312,0.3900200687675331,0.029747263437120197,0.0825687173636057,0.0,1.3728879999835044,85
realistic,1,0.3,0.3602728053304129,25,BAE,15888,0.3600557620837998,0.00021704324661309116,0.0006024413816469904,1.0,44.001232699956745,21
realistic,2,0.44,0.49216902723816036,1,CABIQAE_latentt,30976,0.49409083244722424,0.001921805209063876,0.003904766660852706,1.0,4.948063500225544,7
realistic,2,0.44,0.49216902723816036,1,BIQAE,10240,0.5005425837533024,0.008373556515142044,0.01701357877420857,0.0,1.2606989999767393,59
realistic,2,0.44,0.49216902723816036,1,BAE,16528,0.4943384342634679,0.002169407025307546,0.004407849550146054,1.0,51.16618199995719,17
realistic,2,0.44,0.49216902723816036,2,CABIQAE_latentt,21504,0.4940772785829691,0.0019082513448087646,0.003877227617343264,1.0,3.3007641001604497,7
realistic,2,0.44,0.49216902723816036,2,BIQAE,11776,0.4998293475000293,0.007660320261868914,0.015564409456757806,0.0,1.2708165000658482,71
realistic,2,0.44,0.49216902723816036,2,BAE,15632,0.4926866354053659,0.0005176081672055299,0.0010516878116246424,1.0,43.09182189987041,15
realistic,2,0.44,0.49216902723816036,3,CABIQAE_latentt,17536,0.4912661096701577,0.000902917568002648,0.0018345680407185123,1.0,2.5105431000702083,7
realistic,2,0.44,0.49216902723816036,3,BIQAE,15360,0.5004802009006392,0.008311173662478799,0.016886827903652347,0.0,1.645889300154522,91
realistic,2,0.44,0.49216902723816036,3,BAE,16656,0.49331133097057284,0.0011423037324124752,0.0023209581854888137,1.0,41.46916319988668,17
realistic,2,0.44,0.49216902723816036,4,CABIQAE_latentt,30976,0.4878014777878621,0.004367549450298269,0.008874084325881023,0.0,4.409050200134516,7
realistic,2,0.44,0.49216902723816036,4,BIQAE,16384,0.4994402685515832,0.007271241313422827,0.01477387017672747,0.0,1.6540596999693662,99
realistic,2,0.44,0.49216902723816036,4,BAE,16656,0.49599311550431996,0.0038240882661595976,0.007769867778187356,1.0,42.85689779999666,17
realistic,2,0.44,0.49216902723816036,5,CABIQAE_latentt,16640,0.48520696535446395,0.006962061883696413,0.014145672519793642,0.0,2.3074566000141203,7
realistic,2,0.44,0.49216902723816036,5,BIQAE,15872,0.5002688533509349,0.008099826112774489,0.016457407241222,0.0,1.6825349999126047,93
realistic,2,0.44,0.49216902723816036,5,BAE,16016,0.49130844426792203,0.0008605829702383327,0.0017485516613419418,1.0,46.940197499934584,15
realistic,2,0.44,0.49216902723816036,6,CABIQAE_latentt,31872,0.49434050797907714,0.002171480740916776,0.004412062971744049,1.0,4.551054500043392,7
realistic,2,0.44,0.49216902723816036,6,BIQAE,11264,0.4998956664273504,0.007726639189190032,0.015699157731539078,0.0,1.2475874000228941,73
realistic,2,0.44,0.49216902723816036,6,BAE,15376,0.4919895474091804,0.00017947982897997816,0.0003646711171305137,1.0,47.421862500021234,15
realistic,2,0.44,0.49216902723816036,7,CABIQAE_latentt,30080,0.49267029301644194,0.0005012657782815788,0.0010184829815367811,1.0,4.696388299809769,7
realistic,2,0.44,0.49216902723816036,7,BIQAE,14592,0.49976335166335006,0.007594324425189702,0.01543031764474446,0.0,1.6083168999757618,95
realistic,2,0.44,0.49216902723816036,7,BAE,15632,0.49288123658375277,0.0007122093455924072,0.001447082823535276,1.0,44.43099849997088,17
realistic,2,0.44,0.49216902723816036,8,CABIQAE_latentt,32768,0.49042194015117196,0.001747087086988397,0.0035497704859492963,1.0,4.846429399913177,7
realistic,2,0.44,0.49216902723816036,8,BIQAE,13824,0.49976655271599385,0.007597525477833489,0.015436821614857633,0.0,1.5825054999440908,87
realistic,2,0.44,0.49216902723816036,8,BAE,15888,0.49325617097606766,0.0010871437379073035,0.00220888287913582,1.0,42.67466250015423,17
realistic,2,0.44,0.49216902723816036,9,CABIQAE_latentt,31872,0.4920875444937882,8.148274437214109e-05,0.00016555845626732547,1.0,4.540138900047168,7
realistic,2,0.44,0.49216902723816036,9,BIQAE,12032,0.49982708938925957,0.00765806215109921,0.015559821376962588,0.0,1.3285123999230564,75
realistic,2,0.44,0.49216902723816036,9,BAE,16400,0.491436540138994,0.0007324870991663457,0.0014882836152383388,1.0,42.49984740000218,17
realistic,2,0.44,0.49216902723816036,10,CABIQAE_latentt,33664,0.4909080621250973,0.0012609651130630617,0.0025620570236592343,1.0,5.1432765000499785,7
realistic,2,0.44,0.49216902723816036,10,BIQAE,11264,0.4998322046220592,0.007663177383898823,0.015570214620983484,0.0,1.2260400999803096,65
realistic,2,0.44,0.49216902723816036,10,BAE,16656,0.493019175984291,0.0008501487461306523,0.0017273511722208916,1.0,40.97752200020477,15
realistic,2,0.44,0.49216902723816036,11,CABIQAE_latentt,32768,0.48998609541145,0.002182931826710366,0.004435329543104398,1.0,4.876433300087228,7
realistic,2,0.44,0.49216902723816036,11,BIQAE,34688,0.4999314415920121,0.007762414353851721,0.015771846508527837,0.0,3.3694611999671906,207
realistic,2,0.44,0.49216902723816036,11,BAE,16656,0.49247526602870917,0.0003062387905488073,0.000622222800705861,1.0,44.57865160005167,15
realistic,2,0.44,0.49216902723816036,12,CABIQAE_latentt,33664,0.4909589649333689,0.0012100623047914816,0.0024586315631884184,1.0,5.31140620005317,7
realistic,2,0.44,0.49216902723816036,12,BIQAE,11264,0.5002340867581585,0.008065059519998141,0.016386767703070966,0.0,1.392568500014022,63
realistic,2,0.44,0.49216902723816036,12,BAE,16912,0.49387129348612596,0.0017022662479656003,0.003458702506165376,1.0,49.85368539998308,15
realistic,2,0.44,0.49216902723816036,13,CABIQAE_latentt,30464,0.4912854007597357,0.0008836264784246595,0.001795371974915181,1.0,4.748692700173706,7
realistic,2,0.44,0.49216902723816036,13,BIQAE,10240,0.500264275521247,0.008095248283086609,0.016448105904822253,0.0,1.1967978000175208,65
realistic,2,0.44,0.49216902723816036,13,BAE,16912,0.4926074206791124,0.00043839344095203403,0.0008907375651249497,1.0,46.01537990011275,15
realistic,2,0.44,0.49216902723816036,14,CABIQAE_latentt,31872,0.49200265513049357,0.00016637210766679011,0.0003380385567950068,1.0,4.901639000046998,7
realistic,2,0.44,0.49216902723816036,14,BIQAE,11264,0.4999805052537528,0.007811478015592455,0.015871535150082664,0.0,1.3457769001834095,65
realistic,2,0.44,0.49216902723816036,14,BAE,15632,0.49394084216730755,0.0017718149291471863,0.003600013066831623,1.0,45.781135000055656,15
realistic,2,0.44,0.49216902723816036,15,CABIQAE_latentt,33664,0.4925684184213479,0.0003993911831875474,0.0008114919084379566,1.0,5.728074399987236,7
realistic,2,0.44,0.49216902723816036,15,BIQAE,54144,0.49999334216991126,0.007824314931750898,0.01589761748246851,0.0,7.17747260001488,345
realistic,2,0.44,0.49216902723816036,15,BAE,16272,0.4923366201825128,0.00016759294435242378,0.0003405190799853515,1.0,49.927701599895954,15
realistic,2,0.44,0.49216902723816036,16,CABIQAE_latentt,32768,0.4900640764171932,0.0021049508209671774,0.004276885997437203,1.0,4.723856800002977,7
realistic,2,0.44,0.49216902723816036,16,BIQAE,30592,0.4997807359144099,0.007611708676249551,0.015465639353543165,0.0,2.897332699969411,177
realistic,2,0.44,0.49216902723816036,16,BAE,16528,0.4914513487880389,0.0007176784501214395,0.0014581950720238136,1.0,51.474690300179645,15
realistic,2,0.44,0.49216902723816036,17,CABIQAE_latentt,28288,0.4953891414956647,0.0032201142575043473,0.006542699924808831,0.0,4.063464000122622,7
realistic,2,0.44,0.49216902723816036,17,BIQAE,26112,0.49924045499608827,0.007071427757927906,0.014367884540824723,0.0,2.5536063998006284,171
realistic,2,0.44,0.49216902723816036,17,BAE,15120,0.4943117617511479,0.002142734512987521,0.004353655745083391,1.0,44.123388699954376,15
realistic,2,0.44,0.49216902723816036,18,CABIQAE_latentt,29568,0.4909061415685153,0.001262885669645053,0.002565959253331769,1.0,4.487222400028259,7
realistic,2,0.44,0.49216902723816036,18,BIQAE,17408,0.49997775617559365,0.007808728937433285,0.015865949511801855,0.0,1.9117726001422852,111
realistic,2,0.44,0.49216902723816036,18,BAE,15888,0.4904772556895965,0.0016917715485638696,0.003437379141993879,1.0,42.134764099959284,15
realistic,2,0.44,0.49216902723816036,19,CABIQAE_latentt,30080,0.4906376039148973,0.0015314233232630592,0.0031115800436625285,1.0,4.4728235001675785,7
realistic,2,0.44,0.49216902723816036,19,BIQAE,10240,0.49952266786931765,0.007353640631157288,0.014941290947182795,0.0,1.1885975000914186,63
realistic,2,0.44,0.49216902723816036,19,BAE,15632,0.4986822035300976,0.0065131762919372616,0.013233616768788538,1.0,41.93937540007755,15
realistic,2,0.44,0.49216902723816036,20,CABIQAE_latentt,30976,0.4905599965606117,0.0016090306775486396,0.003269264395969457,1.0,4.785718600032851,7
realistic,2,0.44,0.49216902723816036,20,BIQAE,12544,0.5003298320869924,0.008160804848832082,0.01658130519636107,0.0,1.4170819001737982,79
realistic,2,0.44,0.49216902723816036,20,BAE,16656,0.4929555915139934,0.0007865642758330127,0.0015981588281710271,1.0,43.38693640008569,17
realistic,2,0.44,0.49216902723816036,21,CABIQAE_latentt,29184,0.48979502051259216,0.0023740067255682007,0.004823559781667082,1.0,4.695528500014916,7
realistic,2,0.44,0.49216902723816036,21,BIQAE,10240,0.5008518071782411,0.00868277994008071,0.017641865821595305,0.0,1.18845219979994,61
realistic,2,0.44,0.49216902723816036,21,BAE,16400,0.49046443739891876,0.0017045898392415992,0.0034634236307128467,1.0,46.542309099808335,17
realistic,2,0.44,0.49216902723816036,22,CABIQAE_latentt,30976,0.49086484288091403,0.0013041843572463296,0.002649870847348619,1.0,4.370333699975163,7
realistic,2,0.44,0.49216902723816036,22,BIQAE,16384,0.5000035717393108,0.007834544501150398,0.01591840214959172,0.0,1.7923689000308514,107
realistic,2,0.44,0.49216902723816036,22,BAE,15248,0.4968250925816118,0.004656065343451421,0.009460297348614652,1.0,37.86500469991006,15
realistic,2,0.44,0.49216902723816036,23,CABIQAE_latentt,34560,0.4891260460719459,0.0030429811662144868,0.006182796961625929,0.0,4.9235386999789625,7
realistic,2,0.44,0.49216902723816036,23,BIQAE,14336,0.5006491161894698,0.008480088951309472,0.01723003375262369,0.0,1.5981829999946058,93
realistic,2,0.44,0.49216902723816036,23,BAE,16528,0.48843395507192444,0.00373507216623592,0.007589002882191772,1.0,47.20728909992613,15
realistic,2,0.44,0.49216902723816036,24,CABIQAE_latentt,31872,0.4912448596172547,0.000924167620905636,0.0018777443718709095,1.0,4.615572200156748,7
realistic,2,0.44,0.49216902723816036,24,BIQAE,12288,0.49824004083075357,0.006071013592593211,0.012335220740445843,0.0,1.324048100039363,75
realistic,2,0.44,0.49216902723816036,24,BAE,16784,0.49044732924814544,0.0017216979900149254,0.0034981843527951153,1.0,46.62491200002842,17
realistic,2,0.44,0.49216902723816036,25,CABIQAE_latentt,33664,0.4912573639939742,0.0009116632441861783,0.0018523377005295071,1.0,5.173742299899459,7
realistic,2,0.44,0.49216902723816036,25,BIQAE,22272,0.49974369735978325,0.007574670121622884,0.015390383592662576,0.0,2.165339899947867,145
realistic,2,0.44,0.49216902723816036,25,BAE,16656,0.4912637670842664,0.000905260153893972,0.001839327758948791,1.0,42.940453900024295,19
realistic,3,0.48,0.530324472540106,1,CABIQAE_latentt,34560,0.5308837932050108,0.0005593206649048277,0.0010546763233946909,1.0,4.835215100087225,7
realistic,3,0.48,0.530324472540106,1,BIQAE,43392,0.4999698389713532,0.03035463356875273,0.05723785180676751,0.0,4.365603199927136,263
realistic,3,0.48,0.530324472540106,1,BAE,16016,0.5329819394369785,0.002657466896872518,0.005011020675972192,1.0,56.089986599981785,31
realistic,3,0.48,0.530324472540106,2,CABIQAE_latentt,28672,0.5306365099326775,0.0003120373925715736,0.0005883895779446152,1.0,4.366624400019646,7
realistic,3,0.48,0.530324472540106,2,BIQAE,17792,0.49967262747039165,0.0306518450697143,0.05779828511948644,0.0,1.9073665000032634,99
realistic,3,0.48,0.530324472540106,2,BAE,15760,0.5245485034095059,0.005775969130600078,0.010891387121802622,0.0,46.65861689997837,15
realistic,3,0.48,0.530324472540106,3,CABIQAE_latentt,32512,0.5310145338133052,0.0006900612731992606,0.0013012057880226798,1.0,4.852794399950653,7
realistic,3,0.48,0.530324472540106,3,BIQAE,53632,0.527150380103291,0.0031740924368149903,0.005985189447531952,0.0,5.377813899889588,347
realistic,3,0.48,0.530324472540106,3,BAE,15504,0.5326940218063753,0.0023695492662693107,0.004468112238757967,1.0,58.22794280014932,15
realistic,3,0.48,0.530324472540106,4,CABIQAE_latentt,29184,0.5286857663241877,0.0016387062159182175,0.0030900067803193636,1.0,4.151389299891889,7
realistic,3,0.48,0.530324472540106,4,BIQAE,16512,0.5002146178725275,0.03010985466757843,0.05677628739884592,0.0,1.914313100045547,89
realistic,3,0.48,0.530324472540106,4,BAE,15632,0.5350309861125493,0.004706513572443338,0.008874781037164764,1.0,58.970622200053185,11
realistic,3,0.48,0.530324472540106,5,CABIQAE_latentt,30464,0.5274830185976112,0.002841453942494798,0.0053579536484240076,1.0,4.494843100197613,7
realistic,3,0.48,0.530324472540106,5,BIQAE,34432,0.49976462807274497,0.030559844467360986,0.057624805283806486,0.0,3.5729656000621617,187
realistic,3,0.48,0.530324472540106,5,BAE,16400,0.5317546113432311,0.0014301388031251472,0.0026967241324451466,1.0,52.56524400017224,13
realistic,3,0.48,0.530324472540106,6,CABIQAE_latentt,17536,0.5295704775207166,0.0007539950193893308,0.0014217616920032098,1.0,2.7646280000917614,7
realistic,3,0.48,0.530324472540106,6,BIQAE,11520,0.49975953418794267,0.030564938352163284,0.057634410506771025,0.0,1.311794200213626,63
realistic,3,0.48,0.530324472540106,6,BAE,15504,0.5307356661939592,0.0004111936538532257,0.0007753623963150768,1.0,56.58718160004355,11
realistic,3,0.48,0.530324472540106,7,CABIQAE_latentt,35456,0.5342048381155842,0.0038803655754782174,0.007316964945804502,0.0,5.18450460000895,7
realistic,3,0.48,0.530324472540106,7,BIQAE,53632,0.5000230968533497,0.030301375686756282,0.057137426718441194,0.0,6.59447170002386,345
realistic,3,0.48,0.530324472540106,7,BAE,16144,0.5288101742892584,0.00151429825084759,0.0028554183886602947,1.0,55.50594580010511,15
realistic,3,0.48,0.530324472540106,8,CABIQAE_latentt,22784,0.5360406971222811,0.005716224582175133,0.010778730528493275,0.0,3.804408200085163,7
realistic,3,0.48,0.530324472540106,8,BIQAE,13824,0.5009926055740814,0.029331866966024522,0.055309284192624715,0.0,1.5705654001794755,77
realistic,3,0.48,0.530324472540106,8,BAE,15632,0.5330018119981115,0.002677339458005523,0.005048493133235613,1.0,60.75522629986517,11
realistic,3,0.48,0.530324472540106,9,CABIQAE_latentt,32768,0.5243600053719508,0.00596446716815513,0.011246826192249811,0.0,4.542224199976772,7
realistic,3,0.48,0.530324472540106,9,BIQAE,38272,0.5384288887235785,0.008104416183472574,0.015281995463371105,0.0,3.8024591000285,247
realistic,3,0.48,0.530324472540106,9,BAE,15632,0.5270841755757616,0.003240296964344358,0.006110027223190816,1.0,52.71810170006938,15
realistic,3,0.48,0.530324472540106,10,CABIQAE_latentt,31872,0.5312778461865916,0.0009533736464856224,0.0017977176160082322,1.0,4.665687500033528,7
realistic,3,0.48,0.530324472540106,10,BIQAE,25472,0.4998763790223496,0.030448093517756347,0.05741408344200767,0.0,2.873747800011188,151
realistic,3,0.48,0.530324472540106,10,BAE,15248,0.5280251811148136,0.0022992914252923935,0.004335631381066445,1.0,56.94983930001035,13
realistic,3,0.48,0.530324472540106,11,CABIQAE_latentt,34560,0.5312725927888035,0.0009481202486975038,0.0017878116092894466,1.0,4.849983100080863,7
realistic,3,0.48,0.530324472540106,11,BIQAE,11776,0.5004174813293527,0.029906991210753242,0.05639376034733437,0.0,1.2262806000653654,69
realistic,3,0.48,0.530324472540106,11,BAE,15120,0.5255424902236697,0.0047819823164362285,0.00901708777181613,1.0,51.593965200008824,13
realistic,3,0.48,0.530324472540106,12,CABIQAE_latentt,31488,0.5301164448942122,0.00020802764589378242,0.00039226484287513294,1.0,5.056197100086138,7
realistic,3,0.48,0.530324472540106,12,BIQAE,22144,0.5005256920778896,0.0297987804622164,0.05618971404334515,0.0,2.2145775998942554,123
realistic,3,0.48,0.530324472540106,12,BAE,15504,0.5313682256943417,0.0010437531542357714,0.0019681406540348508,1.0,56.64091119985096,13
realistic,3,0.48,0.530324472540106,13,CABIQAE_latentt,30848,0.5286908969584329,0.0016335755816730968,0.0030803322612074197,1.0,4.435327999992296,7
realistic,3,0.48,0.530324472540106,13,BIQAE,25984,0.49984238278256654,0.03048208975753941,0.05747818804502595,0.0,2.5995022000279278,149
realistic,3,0.48,0.530324472540106,13,BAE,15632,0.5281724929734178,0.0021519795666881114,0.004057854536451488,1.0,50.45155660016462,15
realistic,3,0.48,0.530324472540106,14,CABIQAE_latentt,22016,0.5243976875817997,0.00592678495830623,0.011175771183853891,0.0,3.2551402000244707,7
realistic,3,0.48,0.530324472540106,14,BIQAE,39296,0.5001790491273214,0.03014542341278459,0.056843357177911176,0.0,4.243240300100297,239
realistic,3,0.48,0.530324472540106,14,BAE,16656,0.527416839567355,0.002907632972750984,0.0054827433454545955,1.0,54.953855300089344,19
realistic,3,0.48,0.530324472540106,15,CABIQAE_latentt,30976,0.5319757265173795,0.0016512539772735035,0.0031136673164722318,1.0,4.67960250005126,7
realistic,3,0.48,0.530324472540106,15,BIQAE,35968,0.500045541315135,0.03027893122497094,0.0570951045874676,0.0,4.018469699891284,225
realistic,3,0.48,0.530324472540106,15,BAE,15376,0.5329160300135259,0.002591557473419992,0.004886739359786955,1.0,61.3841081999708,13
realistic,3,0.48,0.530324472540106,16,CABIQAE_latentt,30976,0.5241474139194522,0.006177058620653764,0.011647696722475167,0.0,4.4317350999917835,7
realistic,3,0.48,0.530324472540106,16,BIQAE,24704,0.4998886829915417,0.03043578954856424,0.05739088260963202,0.0,2.5274067998398095,135
realistic,3,0.48,0.530324472540106,16,BAE,15632,0.5306268511901184,0.0003023786500124803,0.0005701766855377635,1.0,61.25536149996333,11
realistic,3,0.48,0.530324472540106,17,CABIQAE_latentt,31104,0.5307227682196467,0.00039829567954074996,0.0007510414852873468,1.0,4.768115500221029,7
realistic,3,0.48,0.530324472540106,17,BIQAE,34432,0.4999759951642391,0.030348477375866878,0.05722624345526835,0.0,3.655791300116107,197
realistic,3,0.48,0.530324472540106,17,BAE,15504,0.5266329951601482,0.003691477379957786,0.006960790178655421,1.0,55.09533239994198,11
realistic,3,0.48,0.530324472540106,18,CABIQAE_latentt,28288,0.533323386835891,0.0029989142957850268,0.005654866880687338,0.0,4.141412799945101,7
realistic,3,0.48,0.530324472540106,18,BIQAE,29824,0.5000414406860147,0.030283031854091202,0.05710283688973271,0.0,2.9013076999690384,179
realistic,3,0.48,0.530324472540106,18,BAE,15760,0.5306150372130926,0.00029056467298660404,0.0005478998010310188,1.0,56.54882420017384,13
realistic,3,0.48,0.530324472540106,19,CABIQAE_latentt,29568,0.5288893052919115,0.00143516724819448,0.002706205959759749,1.0,4.397060200106353,7
realistic,3,0.48,0.530324472540106,19,BIQAE,19584,0.5000943492855537,0.03023012325455221,0.057003070421695556,0.0,2.1864360000472516,111
realistic,3,0.48,0.530324472540106,19,BAE,16016,0.5287246276549916,0.001599844885114332,0.003016728376594658,1.0,62.93341499986127,13
realistic,3,0.48,0.530324472540106,20,CABIQAE_latentt,25600,0.527521061382812,0.002803411157293989,0.005286218725427535,1.0,3.906896000029519,7
realistic,3,0.48,0.530324472540106,20,BIQAE,16000,0.4998614231348478,0.030463049405258125,0.05744228483243218,0.0,1.7435097000561655,87
realistic,3,0.48,0.530324472540106,20,BAE,15888,0.5283439274514166,0.0019805450886893894,0.0037345911630348345,1.0,53.19265600014478,15
realistic,3,0.48,0.530324472540106,21,CABIQAE_latentt,34304,0.5276593401289962,0.002665132411109772,0.005025475061229087,1.0,5.458194599952549,7
realistic,3,0.48,0.530324472540106,21,BIQAE,38528,0.4998057930859743,0.03051867945413167,0.05754718296886381,0.0,3.668349399929866,223
realistic,3,0.48,0.530324472540106,21,BAE,16272,0.5274440295695293,0.0028804429705766577,0.005431472842993915,1.0,53.57778069982305,13
realistic,3,0.48,0.530324472540106,22,CABIQAE_latentt,35840,0.5327145503173976,0.0023900777772916104,0.004506821580086255,1.0,4.926653600065038,7
realistic,3,0.48,0.530324472540106,22,BIQAE,13312,0.49999696004992206,0.030327512490183894,0.05718671126927933,0.0,1.3566937998402864,77
realistic,3,0.48,0.530324472540106,22,BAE,16144,0.533775434626423,0.003450962086317011,0.006507265391295008,1.0,56.058464099885896,19
realistic,3,0.48,0.530324472540106,23,CABIQAE_latentt,31744,0.531159702549241,0.0008352300091351017,0.0015749414790054538,1.0,4.3155593001283705,7
realistic,3,0.48,0.530324472540106,23,BIQAE,11008,0.5010356921478853,0.029288780392220604,0.055228038509962656,0.0,1.2697981998790056,59
realistic,3,0.48,0.530324472540106,23,BAE,15248,0.5330120846257822,0.0026876120856762498,0.0050678635907623485,1.0,51.29796630004421,11
realistic,3,0.48,0.530324472540106,24,CABIQAE_latentt,31872,0.5292301016135181,0.0010943709265878176,0.002063587451180759,1.0,4.378829800058156,7
realistic,3,0.48,0.530324472540106,24,BIQAE,33792,0.5001910297980748,0.030133442742031114,0.056820765969370315,0.0,3.3013215998653322,185
realistic,3,0.48,0.530324472540106,24,BAE,15888,0.5300675039300975,0.0002569686100084567,0.00048454978661959333,1.0,62.19948139996268,11
realistic,3,0.48,0.530324472540106,25,CABIQAE_latentt,33664,0.5297378022342494,0.0005866703058565736,0.0011062478468070443,1.0,5.348769899923354,7
realistic,3,0.48,0.530324472540106,25,BIQAE,34176,0.500504416654618,0.029820055885487973,0.056229831790824664,0.0,3.9557282000314444,201
realistic,3,0.48,0.530324472540106,25,BAE,15632,0.5307206208839284,0.00039614834382240005,0.0007469923873679829,1.0,60.16714929998852,11
realistic,4,0.52,0.5682384803402307,1,CABIQAE_latentt,28928,0.5686154041391662,0.0003769237989355023,0.0006633197363012454,1.0,6.050659700063989,3
realistic,4,0.52,0.5682384803402307,1,BIQAE,36480,0.5400004201326036,0.02823806020762709,0.04969403020844286,0.0,3.6251094001345336,235
realistic,4,0.52,0.5682384803402307,1,BAE,16016,0.5664330935792887,0.001805386760941996,0.0031771638553253685,1.0,31.993157000048086,27
realistic,4,0.52,0.5682384803402307,2,CABIQAE_latentt,25984,0.5748018743225104,0.006563393982279675,0.011550421538417932,0.0,5.811537900008261,3
realistic,4,0.52,0.5682384803402307,2,BIQAE,53120,0.5276665769629137,0.040571903377316976,0.07139942960748574,0.0,4.820612899959087,341
realistic,4,0.52,0.5682384803402307,2,BAE,18064,0.5567158013407836,0.011522678999447145,0.020277892818078746,0.0,31.255238499958068,27
realistic,4,0.52,0.5682384803402307,3,CABIQAE_latentt,29312,0.566485259998052,0.0017532203421787296,0.003085360113466788,1.0,6.846358299953863,3
realistic,4,0.52,0.5682384803402307,3,BIQAE,34944,0.5420243842725215,0.02621409606770919,0.04613220852627509,0.0,3.6403671998996288,223
realistic,4,0.52,0.5682384803402307,3,BAE,15888,0.5682076292196525,3.085112057821249e-05,5.4292557870668126e-05,1.0,37.771652799798176,23
realistic,4,0.52,0.5682384803402307,4,CABIQAE_latentt,25472,0.5667750654244001,0.0014634149158305743,0.002575353423714564,1.0,5.674097600160167,3
realistic,4,0.52,0.5682384803402307,4,BIQAE,33664,0.5437127751249206,0.024525705215310167,0.04316093693729698,0.0,3.3868751998525113,215
realistic,4,0.52,0.5682384803402307,4,BAE,16144,0.5696100482117441,0.0013715678715133794,0.002413718744799117,1.0,34.26470900001004,23
realistic,4,0.52,0.5682384803402307,5,CABIQAE_latentt,28928,0.5658245120051641,0.002413968335066574,0.0042481606202051285,1.0,5.884969000006095,3
realistic,4,0.52,0.5682384803402307,5,BIQAE,36224,0.5408788210036468,0.027359659336583908,0.04814819883405716,0.0,3.8167516000103205,231
realistic,4,0.52,0.5682384803402307,5,BAE,17168,0.5690141467636037,0.0007756664233730115,0.0013650367762995988,1.0,35.49574639997445,25
realistic,4,0.52,0.5682384803402307,6,CABIQAE_latentt,24704,0.5664608222775034,0.0017776580627273386,0.00312836621283193,1.0,5.207959800027311,3
realistic,4,0.52,0.5682384803402307,6,BIQAE,34432,0.5428721248503346,0.025366355489896075,0.04464033388711736,0.0,3.3720754000823945,221
realistic,4,0.52,0.5682384803402307,6,BAE,15760,0.5635290918160848,0.00470938852414593,0.008287697308577554,1.0,30.396517399931327,27
realistic,4,0.52,0.5682384803402307,7,CABIQAE_latentt,24448,0.571037175854419,0.0027986955141883207,0.004925212936147182,1.0,5.019719799980521,3
realistic,4,0.52,0.5682384803402307,7,BIQAE,34688,0.5427387860780903,0.025499694262140382,0.044874986725419466,0.0,3.512529999949038,221
realistic,4,0.52,0.5682384803402307,7,BAE,17168,0.5650243183923838,0.0032141619478469607,0.005656360945359584,1.0,34.172240500105545,23
realistic,4,0.52,0.5682384803402307,8,CABIQAE_latentt,24832,0.5722627404164464,0.004024260076215702,0.00708199147971498,0.0,5.124017399968579,3
realistic,4,0.52,0.5682384803402307,8,BIQAE,30848,0.5477755309618935,0.02046294937833726,0.03601119967462454,0.0,2.992537199985236,197
realistic,4,0.52,0.5682384803402307,8,BAE,17680,0.5715531625351777,0.003314682194947016,0.0058332589390327145,1.0,33.21590519999154,21
realistic,4,0.52,0.5682384803402307,9,CABIQAE_latentt,26624,0.5635397381688138,0.00469874217141697,0.008268961596200974,0.0,5.450213600182906,3
realistic,4,0.52,0.5682384803402307,9,BIQAE,32128,0.5457288196680901,0.022509660672140663,0.03961305235552349,0.0,3.182689300039783,205
realistic,4,0.52,0.5682384803402307,9,BAE,16400,0.5704823139832007,0.0022438336429699834,0.003948753420617513,1.0,33.80326039995998,23
realistic,4,0.52,0.5682384803402307,10,CABIQAE_latentt,29312,0.5709131101109614,0.00267462977073063,0.004706879001100392,1.0,6.1164716999046504,3
realistic,4,0.52,0.5682384803402307,10,BIQAE,43392,0.533918130710861,0.034320349629369695,0.06039779215378112,0.0,4.165108899818733,279
realistic,4,0.52,0.5682384803402307,10,BAE,15760,0.5675188034843018,0.0007196768559288858,0.0012665049637222419,1.0,29.033155200071633,23
realistic,4,0.52,0.5682384803402307,11,CABIQAE_latentt,25088,0.5648331876837889,0.0034052926564418495,0.005992717449200101,0.0,5.16225489997305,3
realistic,4,0.52,0.5682384803402307,11,BIQAE,11008,0.5220162534014254,0.04622222693880529,0.08134300744843943,0.0,1.1722538000904024,69
realistic,4,0.52,0.5682384803402307,11,BAE,15248,0.5691583071036337,0.0009198267634029644,0.0016187336747279443,1.0,29.23000520002097,23
realistic,4,0.52,0.5682384803402307,12,CABIQAE_latentt,24320,0.5696984764501045,0.0014599961098737957,0.0025693369252283446,1.0,4.94359269994311,3
realistic,4,0.52,0.5682384803402307,12,BIQAE,51584,0.5283835861496381,0.03985489419059263,0.07013761927338967,0.0,4.900351200019941,329
realistic,4,0.52,0.5682384803402307,12,BAE,16528,0.5629818357894061,0.005256644550824641,0.009250771872537115,1.0,30.549303299980238,25
realistic,4,0.52,0.5682384803402307,13,CABIQAE_latentt,27392,0.5703563961465331,0.002117915806302384,0.0037271601265621603,1.0,5.821493099909276,3
realistic,4,0.52,0.5682384803402307,13,BIQAE,55680,0.526035521128126,0.04220295921210471,0.07426980162771771,0.0,5.366662099957466,363
realistic,4,0.52,0.5682384803402307,13,BAE,17424,0.5602082569924929,0.008030223347737842,0.01413178379424388,0.0,35.43238090001978,23
realistic,4,0.52,0.5682384803402307,14,CABIQAE_latentt,26240,0.5716616489819328,0.0034231686417021123,0.006024176046037048,0.0,5.358600500039756,3
realistic,4,0.52,0.5682384803402307,14,BIQAE,35968,0.540755366217157,0.027483114123073693,0.04836545759206289,0.0,3.419335799990222,231
realistic,4,0.52,0.5682384803402307,14,BAE,16016,0.5681374712813894,0.00010100905884136147,0.0001777582165517595,1.0,29.160655499901623,23
realistic,4,0.52,0.5682384803402307,15,CABIQAE_latentt,27392,0.5667663660381319,0.0014721143020988148,0.0025906628168113352,1.0,5.57545640016906,3
realistic,4,0.52,0.5682384803402307,15,BIQAE,36736,0.5398329199728993,0.02840556036733144,0.04998880109337846,0.0,3.5121025000698864,235
realistic,4,0.52,0.5682384803402307,15,BAE,15888,0.5700814667039366,0.0018429863637058341,0.003243332557489512,1.0,33.60360040003434,21
realistic,4,0.52,0.5682384803402307,16,CABIQAE_latentt,29696,0.5645498824374822,0.0036885979027485583,0.006491284962855778,0.0,6.170258599799126,3
realistic,4,0.52,0.5682384803402307,16,BIQAE,13440,0.5006987457262203,0.06753973461401042,0.11885807975125381,0.0,1.4404389997944236,71
realistic,4,0.52,0.5682384803402307,16,BAE,16784,0.5685135771298873,0.00027509678965653706,0.0004841220705289509,1.0,29.034478599904105,25
realistic,4,0.52,0.5682384803402307,17,CABIQAE_latentt,28160,0.5661277756809595,0.002110704659271212,0.003714469773337834,1.0,5.738664699951187,3
realistic,4,0.52,0.5682384803402307,17,BIQAE,36736,0.5399202016766526,0.028318278663578167,0.0498352006126419,0.0,3.4796491998713464,237
realistic,4,0.52,0.5682384803402307,17,BAE,16272,0.5706689283494089,0.002430448009178132,0.004277161954471845,1.0,28.7257747000549,23
realistic,4,0.52,0.5682384803402307,18,CABIQAE_latentt,24704,0.5693914737900547,0.0011529934498240024,0.0020290661222619978,1.0,4.986591699998826,3
realistic,4,0.52,0.5682384803402307,18,BIQAE,37760,0.5386506494903978,0.029587830849832963,0.05206938965505708,0.0,3.746571199968457,243
realistic,4,0.52,0.5682384803402307,18,BAE,16016,0.568152593133624,8.588720660673843e-05,0.00015114641049179524,1.0,29.169555800035596,27
realistic,4,0.52,0.5682384803402307,19,CABIQAE_latentt,28928,0.5704598885519607,0.0022214082117300027,0.003909288597280393,1.0,5.898190200095996,3
realistic,4,0.52,0.5682384803402307,19,BIQAE,31616,0.5002316415937162,0.06800683874651448,0.1196801010480593,0.0,3.098488099873066,199
realistic,4,0.52,0.5682384803402307,19,BAE,16016,0.5660015186377232,0.002236961702507534,0.003936660011423656,1.0,29.799037700053304,23
realistic,4,0.52,0.5682384803402307,20,CABIQAE_latentt,23168,0.5680042888336228,0.0002341915066079725,0.00041213595120793506,1.0,5.327981000067666,3
realistic,4,0.52,0.5682384803402307,20,BIQAE,38912,0.5372998761332188,0.03093860420701189,0.05444651370404819,0.0,4.04036600003019,251
realistic,4,0.52,0.5682384803402307,20,BAE,15888,0.5725433760352728,0.00430489569504211,0.007575860917522815,1.0,33.34937099996023,21
realistic,4,0.52,0.5682384803402307,21,CABIQAE_latentt,26624,0.5685722237156483,0.00033374337541758337,0.0005873297690394986,1.0,5.41118080005981,3
realistic,4,0.52,0.5682384803402307,21,BIQAE,35456,0.5412788467564702,0.026959633583760523,0.047444223713287666,0.0,3.42632730002515,227
realistic,4,0.52,0.5682384803402307,21,BAE,16272,0.5642018738223329,0.004036606517897834,0.007103719050284891,1.0,29.35317760007456,27
realistic,4,0.52,0.5682384803402307,22,CABIQAE_latentt,26624,0.5637187474873648,0.0045197328528658876,0.007953936611543297,0.0,5.762680100044236,3
realistic,4,0.52,0.5682384803402307,22,BIQAE,9984,0.527062006549005,0.04117647379122569,0.072463367434341,0.0,1.128135500010103,61
realistic,4,0.52,0.5682384803402307,22,BAE,15504,0.5699821605387024,0.0017436801984717087,0.0030685711348300217,1.0,29.588487999979407,25
realistic,4,0.52,0.5682384803402307,23,CABIQAE_latentt,23552,0.5670823932847601,0.001156087055470656,0.0020345103252747913,1.0,4.974355099955574,3
realistic,4,0.52,0.5682384803402307,23,BIQAE,26368,0.5550020845458865,0.013236395794344213,0.02329373362117076,0.0,2.6438422999344766,171
realistic,4,0.52,0.5682384803402307,23,BAE,16144,0.5687501292980325,0.000511648957801758,0.0009004123717482315,1.0,35.54212880018167,23
realistic,4,0.52,0.5682384803402307,24,CABIQAE_latentt,18560,0.564563815177043,0.003674665163187707,0.006466765786413329,0.0,4.297605500090867,3
realistic,4,0.52,0.5682384803402307,24,BIQAE,40064,0.5362952236359333,0.03194325670429743,0.056214525783561016,0.0,4.0268101000692695,259
realistic,4,0.52,0.5682384803402307,24,BAE,15376,0.559853700099587,0.008384780240643708,0.014755741701307083,1.0,27.320181099930778,27
realistic,4,0.52,0.5682384803402307,25,CABIQAE_latentt,27776,0.5694087652041617,0.0011702848639310037,0.0020594959764609743,1.0,6.248307200148702,3
realistic,4,0.52,0.5682384803402307,25,BIQAE,34944,0.5360430885055832,0.03219539183464748,0.05665823936346339,0.0,3.652136699995026,219
realistic,4,0.52,0.5682384803402307,25,BAE,17936,0.5678078104255665,0.0004306699146642279,0.0007579034675834798,1.0,34.50077169993892,23
realistic,5,0.56,0.6056665183230261,1,CABIQAE_latentt,47744,0.6039096030687923,0.0017569152542338262,0.0029007963971632213,1.0,5.550616699969396,15
realistic,5,0.56,0.6056665183230261,1,BIQAE,16512,0.5889102485438451,0.016756269779180988,0.02766583469988711,0.0,1.9312720999587327,105
realistic,5,0.56,0.6056665183230261,1,BAE,17808,0.6056677276847698,1.209361743748083e-06,1.9967452503344127e-06,1.0,38.55427519977093,29
realistic,5,0.56,0.6056665183230261,2,CABIQAE_latentt,40704,0.6024179368461455,0.003248581476880563,0.005363647120324992,0.0,4.463188200024888,13
realistic,5,0.56,0.6056665183230261,2,BIQAE,14720,0.6011031790474652,0.0045633392755608515,0.00753440901470971,0.0,1.7456376000773162,93
realistic,5,0.56,0.6056665183230261,2,BAE,15888,0.6069839130556606,0.0013173947326344804,0.0021751156664266214,1.0,44.215528400149196,17
realistic,5,0.56,0.6056665183230261,3,CABIQAE_latentt,30336,0.6038381939828708,0.0018283243401553406,0.0030186980538690145,1.0,3.607033899985254,17
realistic,5,0.56,0.6056665183230261,3,BIQAE,15488,0.5942546258757353,0.011411892447290795,0.01884187436823836,0.0,1.6729479001369327,99
realistic,5,0.56,0.6056665183230261,3,BAE,15504,0.6064410854906033,0.0007745671675771781,0.0012788674033390609,1.0,37.972374100005254,17
realistic,5,0.56,0.6056665183230261,4,CABIQAE_latentt,49152,0.6052675077912262,0.00039901053179991486,0.0006587957559627006,1.0,5.414130700053647,13
realistic,5,0.56,0.6056665183230261,4,BIQAE,33152,0.5440117933542312,0.06165472496879487,0.10179648883267467,0.0,3.326294400030747,213
realistic,5,0.56,0.6056665183230261,4,BAE,15760,0.6033133679110898,0.002353150411936289,0.0038852245266119533,1.0,38.26253199996427,17
realistic,5,0.56,0.6056665183230261,5,CABIQAE_latentt,40064,0.6020425713863387,0.003623946936687439,0.005983403122103314,0.0,4.633216100046411,15
realistic,5,0.56,0.6056665183230261,5,BIQAE,13824,0.604444798923675,0.0012217193993511177,0.0020171486492828157,1.0,1.444362800102681,89
realistic,5,0.56,0.6056665183230261,5,BAE,16272,0.6047521638978836,0.0009143544251425384,0.0015096664541969559,1.0,38.13612789986655,17
realistic,5,0.56,0.6056665183230261,6,CABIQAE_latentt,11904,0.5908755426637731,0.014790975659253025,0.024420989458367928,0.0,1.6224752000998706,17
realistic,5,0.56,0.6056665183230261,6,BIQAE,14080,0.6033243398243587,0.0023421784986673577,0.0038671090902505207,0.0,1.6448609000071883,91
realistic,5,0.56,0.6056665183230261,6,BAE,15760,0.6012553928358398,0.0044111254871862515,0.0072830928468686175,1.0,38.07265200000256,15
realistic,5,0.56,0.6056665183230261,7,CABIQAE_latentt,47488,0.6050230727487258,0.0006434455743002943,0.0010623760020314003,1.0,5.209121100138873,13
realistic,5,0.56,0.6056665183230261,7,BIQAE,33920,0.5430841823303415,0.06258233599268459,0.10332804290711499,0.0,3.1946203999686986,219
realistic,5,0.56,0.6056665183230261,7,BAE,15120,0.607501125670939,0.0018346073479128533,0.003029071762118414,1.0,39.84481029980816,15
realistic,5,0.56,0.6056665183230261,8,CABIQAE_latentt,45952,0.6053479885248776,0.0003185297981485036,0.0005259161411637071,1.0,5.253058100119233,13
realistic,5,0.56,0.6056665183230261,8,BIQAE,15616,0.5930716504832393,0.012594867839786805,0.02079505381056818,0.0,1.6107822000049055,101
realistic,5,0.56,0.6056665183230261,8,BAE,15248,0.6053243508071958,0.0003421675158302717,0.0005649437528388851,1.0,37.36191340000369,15
realistic,5,0.56,0.6056665183230261,9,CABIQAE_latentt,42112,0.6063436254391605,0.0006771071161344455,0.0011179536851553635,1.0,5.091884099878371,15
realistic,5,0.56,0.6056665183230261,9,BIQAE,16384,0.5891910113784742,0.01647550694455191,0.027202274595216878,0.0,1.862510500010103,105
realistic,5,0.56,0.6056665183230261,9,BAE,15760,0.607858423962381,0.0021919056393548964,0.0036189975391472205,1.0,39.458244000095874,17
realistic,5,0.56,0.6056665183230261,10,CABIQAE_latentt,47360,0.6054639886508044,0.00020252967222167406,0.00033439139542076673,1.0,5.389823099831119,15
realistic,5,0.56,0.6056665183230261,10,BIQAE,22016,0.5672294919012695,0.038437026421756615,0.0634623596631713,0.0,2.2789984999690205,141
realistic,5,0.56,0.6056665183230261,10,BAE,15760,0.6032236263705748,0.002442891952451287,0.004033394415156354,1.0,38.66700390004553,17
realistic,5,0.56,0.6056665183230261,11,CABIQAE_latentt,51200,0.6016855027602628,0.003981015562763313,0.006572949704708752,0.0,6.243345899973065,13
realistic,5,0.56,0.6056665183230261,11,BIQAE,18560,0.5907442763348416,0.014922241988184481,0.024637719828894115,0.0,1.9456935999915004,121
realistic,5,0.56,0.6056665183230261,11,BAE,15888,0.6060992991722468,0.00043278084922071525,0.0007145530355863191,1.0,44.83618430001661,15
realistic,5,0.56,0.6056665183230261,12,CABIQAE_latentt,56832,0.6054455057375074,0.000221012585518654,0.0003649080456529036,1.0,13.171769500011578,11
realistic,5,0.56,0.6056665183230261,12,BIQAE,15104,0.596997069881033,0.008669448441993133,0.014313897466211548,0.0,1.6726389001123607,97
realistic,5,0.56,0.6056665183230261,12,BAE,16272,0.610035571893101,0.004369053570074888,0.007213629015141791,1.0,44.44015519996174,21
realistic,5,0.56,0.6056665183230261,13,CABIQAE_latentt,40960,0.6038703510703523,0.0017961672526738415,0.0029656043356120834,1.0,4.8166145998984575,13
realistic,5,0.56,0.6056665183230261,13,BIQAE,13056,0.6120448154049055,0.006378297081879425,0.010531037937411005,0.0,1.401645999867469,83
realistic,5,0.56,0.6056665183230261,13,BAE,15248,0.6076429268222309,0.0019764084992047737,0.0032631958997454045,1.0,38.33388809999451,15
realistic,5,0.56,0.6056665183230261,14,CABIQAE_latentt,47488,0.60697493628961,0.0013084179665838747,0.002160294364969409,1.0,5.490983400028199,13
realistic,5,0.56,0.6056665183230261,14,BIQAE,14848,0.5987967014190214,0.0068698169040046775,0.011342573340566814,0.0,1.6331130999606103,95
realistic,5,0.56,0.6056665183230261,14,BAE,16016,0.6076532368139951,0.001986718490968986,0.00328021845498382,1.0,38.0310353001114,17
realistic,5,0.56,0.6056665183230261,15,CABIQAE_latentt,49280,0.6028337311049309,0.002832787218095212,0.004677140195793973,1.0,5.834300699876621,15
realistic,5,0.56,0.6056665183230261,15,BIQAE,14848,0.5979225201194992,0.007743998203526892,0.012785911007543444,0.0,1.6250181999057531,95
realistic,5,0.56,0.6056665183230261,15,BAE,16016,0.6046880666649321,0.0009784516580939595,0.0016154957034823449,1.0,39.443293399875984,17
realistic,5,0.56,0.6056665183230261,16,CABIQAE_latentt,43136,0.6091085416703945,0.003442023347368428,0.005683033886203133,0.0,5.402264300035313,11
realistic,5,0.56,0.6056665183230261,16,BIQAE,16384,0.5889780236365982,0.016688494686427857,0.027553933033371374,0.0,1.6602529000956565,105
realistic,5,0.56,0.6056665183230261,16,BAE,16912,0.6011734318351748,0.004493086487851294,0.007418416491457684,1.0,42.61922079999931,19
realistic,5,0.56,0.6056665183230261,17,CABIQAE_latentt,42752,0.6018796920143966,0.0037868263086294762,0.006252328953422205,0.0,5.242032400099561,13
realistic,5,0.56,0.6056665183230261,17,BIQAE,15104,0.5973267736708727,0.008339744652153369,0.013769532242337772,0.0,1.6005056998692453,97
realistic,5,0.56,0.6056665183230261,17,BAE,16144,0.6088239521459884,0.0031574338229622967,0.00521315563505908,1.0,40.5908832999412,17
realistic,5,0.56,0.6056665183230261,18,CABIQAE_latentt,35456,0.6009071236852765,0.004759394637749548,0.00785811084774406,0.0,3.823476699879393,17
realistic,5,0.56,0.6056665183230261,18,BIQAE,31360,0.5465988946461843,0.05906762367684182,0.09752499418390947,0.0,2.9352887999266386,201
realistic,5,0.56,0.6056665183230261,18,BAE,16016,0.6035341968350266,0.0021323214879994667,0.003520619719748508,1.0,35.6643687998876,17
realistic,5,0.56,0.6056665183230261,19,CABIQAE_latentt,45952,0.6061351987723586,0.0004686804493324592,0.0007738259176520853,1.0,4.956188100157306,13
realistic,5,0.56,0.6056665183230261,19,BIQAE,23040,0.5632913897567002,0.04237512856632586,0.06996445615592954,0.0,2.1891814002301544,149
realistic,5,0.56,0.6056665183230261,19,BAE,16144,0.6052983212202365,0.0003681971027895692,0.0006079205167375539,1.0,38.830129199894145,17
realistic,5,0.56,0.6056665183230261,20,CABIQAE_latentt,47744,0.6035874356722577,0.0020790826507683935,0.0034327184809967255,1.0,4.953497700160369,15
realistic,5,0.56,0.6056665183230261,20,BIQAE,49792,0.5291790401779963,0.07648747814502976,0.1262864560464872,0.0,4.502237099921331,321
realistic,5,0.56,0.6056665183230261,20,BAE,15504,0.6043253843000489,0.0013411340229771973,0.002214310982040974,1.0,36.40118839987554,19
realistic,5,0.56,0.6056665183230261,21,CABIQAE_latentt,172032,0.6014600001805454,0.004206518142480742,0.00694527106125625,0.0,15.323950899997726,27
realistic,5,0.56,0.6056665183230261,21,BIQAE,16640,0.5871236091127527,0.01854290921027335,0.030615707900801738,0.0,1.6728292999323457,107
realistic,5,0.56,0.6056665183230261,21,BAE,15632,0.6094646288870305,0.0037981105640043644,0.006270960089589567,1.0,31.48704840010032,29
realistic,5,0.56,0.6056665183230261,22,CABIQAE_latentt,41984,0.6046647891899655,0.0010017291330606248,0.0016539285279203147,1.0,4.380508799804375,15
realistic,5,0.56,0.6056665183230261,22,BIQAE,15616,0.5951678728474276,0.010498645475598534,0.017334036401198568,0.0,1.5779429001268,99
realistic,5,0.56,0.6056665183230261,22,BAE,15888,0.6109932073331151,0.005326689010089036,0.008794755610459717,0.0,38.420438800007105,17
realistic,5,0.56,0.6056665183230261,23,CABIQAE_latentt,35840,0.6056253250917576,4.1193231268499275e-05,6.801305672724885e-05,1.0,3.9401473000179976,13
realistic,5,0.56,0.6056665183230261,23,BIQAE,33408,0.5438190644649784,0.061847453858047685,0.10211469841405692,0.0,3.1552472000475973,215
realistic,5,0.56,0.6056665183230261,23,BAE,16656,0.6032224616608112,0.002444056662214922,0.004035317436701048,1.0,39.63176400004886,17
realistic,5,0.56,0.6056665183230261,24,CABIQAE_latentt,43520,0.6041117220241976,0.001554796298828487,0.0025670831254357897,1.0,4.569129999959841,15
realistic,5,0.56,0.6056665183230261,24,BIQAE,30336,0.5487233141242734,0.05694320419875265,0.09401742126412636,0.0,2.9107907998841256,193
realistic,5,0.56,0.6056665183230261,24,BAE,16272,0.6043768542706012,0.0012896640524249214,0.002129330272367957,1.0,36.991538299946114,17
realistic,5,0.56,0.6056665183230261,25,CABIQAE_latentt,51200,0.6059265849254207,0.0002600666023946374,0.00042938910196771603,1.0,5.85924610006623,15
realistic,5,0.56,0.6056665183230261,25,BIQAE,18304,0.5795066969055906,0.026159821417435447,0.04319179057456726,0.0,1.9149904001969844,117
realistic,5,0.56,0.6056665183230261,25,BAE,16528,0.6039223062440099,0.0017442120790162052,0.0028798225199002125,1.0,38.9544759998098,17
realistic,6,0.6,0.6423672082866361,1,CABIQAE_latentt,25728,0.6426406257189319,0.0002734174322958083,0.00042564039503991053,1.0,3.270898199873045,11
realistic,6,0.6,0.6423672082866361,1,BIQAE,13184,0.6124274897936816,0.029939718492954515,0.046608416660638224,0.0,1.379551500082016,83
realistic,6,0.6,0.6423672082866361,1,BAE,15248,0.6407205732727788,0.0016466350138573116,0.0025633858525395846,1.0,34.727724000113085,23
realistic,6,0.6,0.6423672082866361,2,CABIQAE_latentt,32896,0.6421207345171175,0.0002464737695185848,0.00038369606408769803,1.0,3.769503800198436,11
realistic,6,0.6,0.6423672082866361,2,BIQAE,11520,0.6275571914205211,0.014810016866114939,0.023055374986555098,0.0,1.2302030001301318,73
realistic,6,0.6,0.6423672082866361,2,BAE,16912,0.6438316585978681,0.0014644503112319907,0.002279771277768161,1.0,31.052541499957442,23
realistic,6,0.6,0.6423672082866361,3,CABIQAE_latentt,28288,0.6409837287760863,0.0013834795105497344,0.002153720633155982,1.0,3.4605221999809146,9
realistic,6,0.6,0.6423672082866361,3,BIQAE,33408,0.6648239353785488,0.02245672709191271,0.034959329807339894,0.0,3.0566698000766337,215
realistic,6,0.6,0.6423672082866361,3,BAE,15248,0.6385374261397687,0.0038297821468673554,0.005961982643980849,1.0,35.92582689994015,23
realistic,6,0.6,0.6423672082866361,4,CABIQAE_latentt,34432,0.641063722630965,0.0013034856556710661,0.0020291908410888662,1.0,4.017085199942812,11
realistic,6,0.6,0.6423672082866361,4,BIQAE,11264,0.6310482119551171,0.011318996331519005,0.017620756765759842,0.0,1.1346412000712007,71
realistic,6,0.6,0.6423672082866361,4,BAE,17552,0.6413625071149703,0.001004701171665734,0.001564060491732663,1.0,34.896882799919695,21
realistic,6,0.6,0.6423672082866361,5,CABIQAE_latentt,45824,0.6395655806743259,0.0028016276123101758,0.004361411317652501,1.0,4.997670900076628,13
realistic,6,0.6,0.6423672082866361,5,BIQAE,14592,0.6003652497745693,0.042001958512066784,0.06538621207657402,0.0,1.4009454001206905,93
realistic,6,0.6,0.6423672082866361,5,BAE,15504,0.6348172543904708,0.007549953896165307,0.011753330180572322,0.0,35.08463450009003,23
realistic,6,0.6,0.6423672082866361,6,CABIQAE_latentt,35072,0.6403606090114535,0.0020065992751825412,0.003123757329603848,1.0,4.296153099974617,9
realistic,6,0.6,0.6423672082866361,6,BIQAE,13312,0.6102509604337506,0.03211624785288547,0.04999671128691023,0.0,1.2967346000950783,85
realistic,6,0.6,0.6423672082866361,6,BAE,16016,0.6443376622778192,0.0019704539911831187,0.0030674884486069,1.0,42.70147680002265,21
realistic,6,0.6,0.6423672082866361,7,CABIQAE_latentt,34304,0.6413233392094183,0.0010438690772177628,0.0016250348145915462,1.0,4.000050699803978,11
realistic,6,0.6,0.6423672082866361,7,BIQAE,12800,0.6303151944807494,0.012052013805886719,0.018761875840506616,0.0,1.282688899897039,83
realistic,6,0.6,0.6423672082866361,7,BAE,16016,0.6459265651359404,0.003559356849304307,0.005541000230690569,1.0,34.79501980007626,21
realistic,6,0.6,0.6423672082866361,8,CABIQAE_latentt,32640,0.6453415432309065,0.0029743349442704625,0.004630272071645443,1.0,4.043349800165743,9
realistic,6,0.6,0.6423672082866361,8,BIQAE,12928,0.6155111365170433,0.026856071769592815,0.041807974353524506,0.0,1.3175898999907076,81
realistic,6,0.6,0.6423672082866361,8,BAE,16144,0.6433071838568077,0.0009399755701716694,0.0014632994306774062,1.0,31.243825600016862,23
realistic,6,0.6,0.6423672082866361,9,CABIQAE_latentt,30336,0.6382860687242958,0.004081139562340241,0.00635328128474323,0.0,3.827132999897003,9
realistic,6,0.6,0.6423672082866361,9,BIQAE,14464,0.6169074049382409,0.02545980334839515,0.03963434468627875,0.0,1.4284932999871671,93
realistic,6,0.6,0.6423672082866361,9,BAE,15760,0.6396404530167632,0.0027267552698728714,0.004244854399006219,1.0,34.73340759985149,23
realistic,6,0.6,0.6423672082866361,10,CABIQAE_latentt,31488,0.6417562024483241,0.0006110058383119732,0.0009511784387962269,1.0,3.9049400000367314,9
realistic,6,0.6,0.6423672082866361,10,BIQAE,13952,0.6230372908379957,0.01932991744864032,0.030091693970802687,0.0,1.3811971999239177,89
realistic,6,0.6,0.6423672082866361,10,BAE,16016,0.6476311563051466,0.005263948018510489,0.008194608863286837,0.0,34.613908799830824,21
realistic,6,0.6,0.6423672082866361,11,CABIQAE_latentt,30208,0.6454105947675294,0.0030433864808933064,0.004737767497520346,0.0,3.543091599829495,11
realistic,6,0.6,0.6423672082866361,11,BIQAE,14080,0.6201539720730488,0.022213236213587284,0.03458027733519568,0.0,1.366427900036797,91
realistic,6,0.6,0.6423672082866361,11,BAE,17552,0.6421214981403769,0.00024571014625918153,0.000382507299702542,1.0,34.668374800123274,23
realistic,6,0.6,0.6423672082866361,12,CABIQAE_latentt,37248,0.6449895271339618,0.0026223188473257775,0.004082273835739838,1.0,4.558654700173065,9
realistic,6,0.6,0.6423672082866361,12,BIQAE,16640,0.5874345289508094,0.054932679335826684,0.085516008020314,0.0,1.5632639999967068,107
realistic,6,0.6,0.6423672082866361,12,BAE,17552,0.6438483053138687,0.0014810970272326474,0.002305685919402901,1.0,34.85855820006691,23
realistic,6,0.6,0.6423672082866361,13,CABIQAE_latentt,38400,0.639737847284318,0.0026293610023180314,0.0040932366540490685,1.0,4.706538499798626,9
realistic,6,0.6,0.6423672082866361,13,BIQAE,14592,0.6009715789133285,0.04139562937330754,0.06444231405230146,0.0,1.4421589002013206,93
realistic,6,0.6,0.6423672082866361,13,BAE,15888,0.6419648121670529,0.00040239611958314825,0.0006264269321225869,1.0,45.64696829998866,15
realistic,6,0.6,0.6423672082866361,14,CABIQAE_latentt,27136,0.6388839286671859,0.0034832796194501636,0.005422567613220786,0.0,3.2899934998713434,11
realistic,6,0.6,0.6423672082866361,14,BIQAE,44160,0.6611873759964186,0.018820167709782565,0.029298145152802785,0.0,3.886579900048673,287
realistic,6,0.6,0.6423672082866361,14,BAE,15760,0.6400178191326824,0.0023493891539536627,0.0036573927243579375,1.0,35.29074600012973,23
realistic,6,0.6,0.6423672082866361,15,CABIQAE_latentt,35328,0.6424104109001376,4.3202613501547305e-05,6.72553221027271e-05,1.0,4.38670300017111,9
realistic,6,0.6,0.6423672082866361,15,BIQAE,36864,0.6766632572809591,0.034296048994323036,0.053390099232804404,0.0,3.341909599956125,235
realistic,6,0.6,0.6423672082866361,15,BAE,16400,0.6420867999974078,0.0002804082892282622,0.000436523355505935,1.0,39.21900169993751,21
realistic,6,0.6,0.6423672082866361,16,CABIQAE_latentt,84864,0.6421065952167873,0.00026061306984881405,0.00040570730648586235,1.0,8.146863299887627,19
realistic,6,0.6,0.6423672082866361,16,BIQAE,10112,0.6479085329864622,0.005541324699826156,0.008626412787486989,0.0,1.0784225000534207,63
realistic,6,0.6,0.6423672082866361,16,BAE,16400,0.6428979525297346,0.0005307442430985132,0.0008262318441100831,1.0,38.3413577999454,23
realistic,6,0.6,0.6423672082866361,17,CABIQAE_latentt,14720,0.6336582399195366,0.008708968367099446,0.013557616663416828,0.0,1.7582280000206083,11
realistic,6,0.6,0.6423672082866361,17,BIQAE,11264,0.6313469803373011,0.011020227949334993,0.01715565148278485,0.0,1.1382486999500543,71
realistic,6,0.6,0.6423672082866361,17,BAE,17040,0.6379695563998963,0.004397651886739795,0.006846009307463718,1.0,34.575223099906,23
realistic,6,0.6,0.6423672082866361,18,CABIQAE_latentt,35712,0.6452079906666557,0.002840782380019613,0.004422365188280289,1.0,4.139217499876395,11
realistic,6,0.6,0.6423672082866361,18,BIQAE,34048,0.6523531068043028,0.009985898517666736,0.01554546743489877,0.0,3.1542466001119465,213
realistic,6,0.6,0.6423672082866361,18,BAE,16400,0.6465768996056878,0.004209691319051689,0.006553403201075681,1.0,31.52031289995648,21
realistic,6,0.6,0.6423672082866361,19,CABIQAE_latentt,37248,0.642417704024687,5.049573805093743e-05,7.860883525736467e-05,1.0,4.320294099859893,11
realistic,6,0.6,0.6423672082866361,19,BIQAE,11392,0.6313152790729211,0.011051929213715006,0.01720500217187835,0.0,1.1581611998844892,71
realistic,6,0.6,0.6423672082866361,19,BAE,16144,0.6390961016729213,0.0032711066137147693,0.005092268988075651,1.0,38.299315799959004,23
realistic,6,0.6,0.6423672082866361,20,CABIQAE_latentt,35712,0.6424880615748083,0.00012085328817224017,0.00018813738717234334,1.0,4.171067700022832,11
realistic,6,0.6,0.6423672082866361,20,BIQAE,12928,0.615032270868793,0.027334937417843097,0.042553444611147934,0.0,1.314338100142777,81
realistic,6,0.6,0.6423672082866361,20,BAE,17168,0.6463576939112938,0.003990485624657758,0.006212156494260414,1.0,30.91792510007508,23
realistic,6,0.6,0.6423672082866361,21,CABIQAE_latentt,38528,0.6389871597608223,0.0033800485258137503,0.005261863436069904,0.0,4.7018248999956995,9
realistic,6,0.6,0.6423672082866361,21,BIQAE,30336,0.54903116702984,0.09333604125679607,0.1453001337128464,0.0,2.739526899997145,193
realistic,6,0.6,0.6423672082866361,21,BAE,16400,0.6422056264894196,0.00016158179721648125,0.00025154116700237984,1.0,31.40438079996966,21
realistic,6,0.6,0.6423672082866361,22,CABIQAE_latentt,37376,0.6458258852777536,0.0034586769911175708,0.005384267668866194,0.0,4.542803399963304,9
realistic,6,0.6,0.6423672082866361,22,BIQAE,11520,0.6278646238052958,0.01450258448134023,0.0225767820870285,0.0,1.2176712001673877,73
realistic,6,0.6,0.6423672082866361,22,BAE,16016,0.6428478602896457,0.0004806520030096184,0.0007482511510692536,1.0,41.58717110008001,21
realistic,6,0.6,0.6423672082866361,23,CABIQAE_latentt,32896,0.6425811472312772,0.0002139389446411677,0.0003330477363746504,1.0,3.847487899940461,11
realistic,6,0.6,0.6423672082866361,23,BIQAE,14720,0.6004020520302029,0.041965156256433156,0.06532892046025415,0.0,1.4383408001158386,93
realistic,6,0.6,0.6423672082866361,23,BAE,15632,0.641883085480863,0.0004841228057730351,0.0007536542954369031,1.0,31.786422400036827,21
realistic,6,0.6,0.6423672082866361,24,CABIQAE_latentt,33792,0.6425108700110007,0.00014366172436464097,0.00022364423730131703,1.0,4.253516899887472,9
realistic,6,0.6,0.6423672082866361,24,BIQAE,13312,0.6090350631674797,0.03333214511915639,0.051889549605220464,0.0,1.3380817000288516,85
realistic,6,0.6,0.6423672082866361,24,BAE,17168,0.6427726472940121,0.00040543900737599614,0.0006311639232914919,1.0,38.86507429997437,21
realistic,6,0.6,0.6423672082866361,25,CABIQAE_latentt,23040,0.6392763707969178,0.003090837489718279,0.0048116364749725676,0.0,2.7127666000742465,11
realistic,6,0.6,0.6423672082866361,25,BIQAE,32384,0.676532984562128,0.03416577627549189,0.05318729822249346,0.0,2.924711300060153,209
realistic,6,0.6,0.6423672082866361,25,BAE,16016,0.6424581273965536,9.091910991754215e-05,0.00014153759523318065,1.0,35.84899100009352,23
realistic,7,0.63,0.6692728078979026,1,CABIQAE_latentt,32768,0.669871009418526,0.0005982015206233982,0.0008938081953490238,1.0,4.103714700089768,9
realistic,7,0.63,0.6692728078979026,1,BIQAE,14464,0.6166584743726213,0.05261433352528122,0.07861418080100384,0.0,1.451042199973017,93
realistic,7,0.63,0.6692728078979026,1,BAE,15632,0.6761234889211806,0.006850681023278016,0.010236006815808189,0.0,31.56389750004746,19
realistic,7,0.63,0.6692728078979026,2,CABIQAE_latentt,57984,0.6671579771413676,0.0021148307565349578,0.0031598934419244697,1.0,5.813582600094378,19
realistic,7,0.63,0.6692728078979026,2,BIQAE,9856,0.652761063073132,0.01651174482477058,0.02467117239774284,0.0,1.2345320000313222,61
realistic,7,0.63,0.6692728078979026,2,BAE,15248,0.6705846355932823,0.0013118276953797414,0.001960079178324933,1.0,37.753416599938646,19
realistic,7,0.63,0.6692728078979026,3,CABIQAE_latentt,25728,0.6672283832932016,0.0020444246047010006,0.0030546954553887645,1.0,3.1964508001692593,9
realistic,7,0.63,0.6692728078979026,3,BIQAE,40192,0.6634034258706967,0.005869382027205883,0.008769790073558846,0.0,3.680137899937108,255
realistic,7,0.63,0.6692728078979026,3,BAE,15760,0.6752492292731678,0.005976421375265217,0.008929723880514983,0.0,38.08084000018425,19
realistic,7,0.63,0.6692728078979026,4,CABIQAE_latentt,28032,0.6698016585089226,0.0005288506110200375,0.0007901869085060955,1.0,3.695855800062418,9
realistic,7,0.63,0.6692728078979026,4,BIQAE,11264,0.6308876248431946,0.03838518305470795,0.057353567337168135,0.0,1.2076216998975724,71
realistic,7,0.63,0.6692728078979026,4,BAE,16272,0.6758954353800973,0.006622627482194776,0.00989525856129666,0.0,39.08313539996743,25
realistic,7,0.63,0.6692728078979026,5,CABIQAE_latentt,17792,0.6649325549992031,0.004340252898699437,0.006485027999765294,0.0,2.47600040002726,9
realistic,7,0.63,0.6692728078979026,5,BIQAE,9728,0.6521417592044363,0.017131048693466266,0.025596510856720187,0.0,1.1332417000085115,61
realistic,7,0.63,0.6692728078979026,5,BAE,16272,0.6722686441026517,0.0029958362047491915,0.004476255675407936,1.0,42.81770739983767,25
realistic,7,0.63,0.6692728078979026,6,CABIQAE_latentt,24704,0.6717114347229571,0.0024386268250545795,0.003643696257007638,1.0,4.327215499943122,9
realistic,7,0.63,0.6692728078979026,6,BIQAE,44672,0.6726613331012525,0.003388525203349979,0.0050629954831018596,0.0,5.707853999920189,285
realistic,7,0.63,0.6692728078979026,6,BAE,15376,0.6653392330102178,0.003933574887684754,0.005877386383049975,1.0,39.65759829990566,19
realistic,7,0.63,0.6692728078979026,7,CABIQAE_latentt,28032,0.6709330024419464,0.0016601945440438692,0.002480594646088074,1.0,4.494187299860641,9
realistic,7,0.63,0.6692728078979026,7,BIQAE,11392,0.6307089618440438,0.038563846053858764,0.057620518268152426,0.0,1.4960439000278711,71
realistic,7,0.63,0.6692728078979026,7,BAE,16016,0.6657854421678288,0.0034873657300737992,0.005210678947239996,1.0,44.93539649993181,19
realistic,7,0.63,0.6692728078979026,8,CABIQAE_latentt,22400,0.6723320285954295,0.0030592206975269542,0.004570962186758435,0.0,4.019709900021553,9
realistic,7,0.63,0.6692728078979026,8,BIQAE,29312,0.6881718231575529,0.01889901525965032,0.028238134041347996,0.0,3.608777900226414,179
realistic,7,0.63,0.6692728078979026,8,BAE,15120,0.6701074221267664,0.0008346142288638836,0.0012470463748337492,1.0,38.43472840008326,19
realistic,7,0.63,0.6692728078979026,9,CABIQAE_latentt,27008,0.6691454778244799,0.00012733007342269342,0.00019025137719642362,1.0,4.229367300169542,9
realistic,7,0.63,0.6692728078979026,9,BIQAE,47488,0.6667490090882096,0.002523798809693001,0.003770956745755022,0.0,4.982311600120738,305
realistic,7,0.63,0.6692728078979026,9,BAE,17168,0.6631624347476905,0.006110373150212012,0.00912986913274407,0.0,51.20440969988704,19
realistic,7,0.63,0.6692728078979026,10,CABIQAE_latentt,23552,0.6709945512857576,0.0017217433878550237,0.0025725584059851352,1.0,3.379346299916506,9
realistic,7,0.63,0.6692728078979026,10,BIQAE,10112,0.6474505172291282,0.02182229066877439,0.032605972349773665,0.0,1.2891629999503493,63
realistic,7,0.63,0.6692728078979026,10,BAE,15632,0.665545422073641,0.0037273858242615754,0.005569307134961603,1.0,44.73140859999694,19
realistic,7,0.63,0.6692728078979026,11,CABIQAE_latentt,27008,0.668151738219191,0.001121069678711506,0.0016750563678698343,1.0,4.186900499975309,9
realistic,7,0.63,0.6692728078979026,11,BIQAE,11648,0.6281108161738159,0.04116199172408663,0.061502561045877556,0.0,1.5167373998556286,73
realistic,7,0.63,0.6692728078979026,11,BAE,15504,0.6709292534329965,0.00165644553509392,0.002474993030564915,1.0,41.78264359990135,17
realistic,7,0.63,0.6692728078979026,12,CABIQAE_latentt,32768,0.6710230254775791,0.0017502175796765274,0.0026151033764149623,1.0,4.25947259995155,17
realistic,7,0.63,0.6692728078979026,12,BIQAE,11008,0.6340027546169936,0.03527005328090893,0.052699068100028605,0.0,1.2885644000489265,69
realistic,7,0.63,0.6692728078979026,12,BAE,16784,0.6668312852491994,0.0024415226487031205,0.003648023078020487,1.0,42.420572200091556,19
realistic,7,0.63,0.6692728078979026,13,CABIQAE_latentt,27008,0.6678164378382629,0.0014563700596396112,0.0021760484550595698,1.0,4.005677700042725,9
realistic,7,0.63,0.6692728078979026,13,BIQAE,11264,0.6304297387377041,0.03884306916019842,0.05803772198993018,0.0,1.38182060001418,71
realistic,7,0.63,0.6692728078979026,13,BAE,17168,0.6654782693543593,0.00379453854354328,0.005669643975916822,1.0,50.511583199957386,19
realistic,7,0.63,0.6692728078979026,14,CABIQAE_latentt,33792,0.670187037473601,0.000914229575698422,0.0013660043631085151,1.0,5.064012699993327,9
realistic,7,0.63,0.6692728078979026,14,BIQAE,12800,0.6335556867611779,0.03571712113672465,0.05336705856750315,0.0,1.6344580000732094,81
realistic,7,0.63,0.6692728078979026,14,BAE,15376,0.6703073272190003,0.001034519321097771,0.001545736370714148,1.0,40.605965499999,19
realistic,7,0.63,0.6692728078979026,15,CABIQAE_latentt,55680,0.6695113747706825,0.00023856687277989952,0.0003564568438529671,1.0,7.473489699885249,17
realistic,7,0.63,0.6692728078979026,15,BIQAE,11392,0.6313781287737055,0.037894679124197084,0.056620676467073666,0.0,1.51366260019131,71
realistic,7,0.63,0.6692728078979026,15,BAE,16016,0.6680632903728716,0.0012095175250309564,0.0018072115148826846,1.0,45.53584689996205,25
realistic,7,0.63,0.6692728078979026,16,CABIQAE_latentt,33792,0.6659584463662263,0.003314361531676302,0.004952183164420311,0.0,5.376173299970105,9
realistic,7,0.63,0.6692728078979026,16,BIQAE,9856,0.6511881318563096,0.018084676041592918,0.027021381756707694,0.0,1.37901800009422,61
realistic,7,0.63,0.6692728078979026,16,BAE,15376,0.6656430599436427,0.0036297479542598543,0.005423420631207793,1.0,40.70464779995382,19
realistic,7,0.63,0.6692728078979026,17,CABIQAE_latentt,30336,0.6681868253476436,0.0010859825502589349,0.0016226306185512939,1.0,4.631825599819422,9
realistic,7,0.63,0.6692728078979026,17,BIQAE,27520,0.68573960693819,0.016466799040287472,0.02460401624863187,0.0,3.1073516998440027,173
realistic,7,0.63,0.6692728078979026,17,BAE,16272,0.6694564826057964,0.00018367470789382168,0.0002744392207875883,1.0,46.81716289999895,19
realistic,7,0.63,0.6692728078979026,18,CABIQAE_latentt,56448,0.6684680579831939,0.0008047499147086912,0.001202424340585873,1.0,7.177894399967045,19
realistic,7,0.63,0.6692728078979026,18,BIQAE,12928,0.6153307798673396,0.053942028030562916,0.08059796751639693,0.0,1.8217720000538975,81
realistic,7,0.63,0.6692728078979026,18,BAE,15504,0.6667667747678032,0.002506033130099339,0.0037444119954170223,1.0,44.98564080009237,19
realistic,7,0.63,0.6692728078979026,19,CABIQAE_latentt,30336,0.6683940108018228,0.000878797096079742,0.0013130626042314904,1.0,5.2162455001380295,9
realistic,7,0.63,0.6692728078979026,19,BIQAE,14592,0.6144800359882882,0.0547927719096144,0.08186911415348139,0.0,1.8634705001022667,95
realistic,7,0.63,0.6692728078979026,19,BAE,15760,0.6675195003173671,0.0017533075805354903,0.0026197203290574404,1.0,46.02432839991525,19
realistic,7,0.63,0.6692728078979026,20,CABIQAE_latentt,28800,0.6750785709171507,0.005805763019248178,0.008674733159237879,0.0,4.25330700003542,17
realistic,7,0.63,0.6692728078979026,20,BIQAE,39424,0.6716892025158241,0.0024163946179215356,0.003610477804277021,0.0,4.662481400184333,251
realistic,7,0.63,0.6692728078979026,20,BAE,16144,0.6721786074291867,0.0029057995312841145,0.004341726567990782,1.0,49.177950999932364,19
realistic,7,0.63,0.6692728078979026,21,CABIQAE_latentt,48384,0.669438668390304,0.0001658604924014151,0.00024782195009888564,1.0,7.5378896000329405,11
realistic,7,0.63,0.6692728078979026,21,BIQAE,12800,0.6153139997015532,0.05395880819634935,0.0806230397523946,0.0,1.4789255000650883,81
realistic,7,0.63,0.6692728078979026,21,BAE,15120,0.6663613073574033,0.0029115005404992678,0.004350244782309184,1.0,38.32617000001483,21
realistic,7,0.63,0.6692728078979026,22,CABIQAE_latentt,57984,0.6684422682241131,0.0008305396737894322,0.0012409583416335822,1.0,6.995654300088063,19
realistic,7,0.63,0.6692728078979026,22,BIQAE,12672,0.6347199915878072,0.034552816310095325,0.05162740201356926,0.0,1.5102605998981744,81
realistic,7,0.63,0.6692728078979026,22,BAE,16784,0.6710478162712691,0.0017750083733665267,0.0026521447643175484,1.0,40.976169999921694,17
realistic,7,0.63,0.6692728078979026,23,CABIQAE_latentt,30336,0.6685980188402034,0.0006747890576991322,0.0010082421543743207,1.0,4.642077900003642,9
realistic,7,0.63,0.6692728078979026,23,BIQAE,12800,0.6141301695841068,0.05514263831379573,0.08239187019564036,0.0,1.5592887999955565,81
realistic,7,0.63,0.6692728078979026,23,BAE,16784,0.6654182404830484,0.0038545674148541265,0.005759336655198667,1.0,41.43569600000046,19
realistic,7,0.63,0.6692728078979026,24,CABIQAE_latentt,31488,0.6664761042324266,0.002796703665475908,0.0041787199964988635,1.0,4.618319999892265,9
realistic,7,0.63,0.6692728078979026,24,BIQAE,9600,0.659033775119249,0.010239032778653567,0.015298743140055273,0.0,1.2152605999726802,59
realistic,7,0.63,0.6692728078979026,24,BAE,15248,0.6734832915876383,0.004210483689735756,0.0062911321662093645,1.0,39.65333699993789,19
realistic,7,0.63,0.6692728078979026,25,CABIQAE_latentt,32640,0.6699863591704567,0.0007135512725541249,0.0010661590671751555,1.0,4.5909511998761445,9
realistic,7,0.63,0.6692728078979026,25,BIQAE,12544,0.6342611630974886,0.035011644800413966,0.05231296473911874,0.0,1.4424119000323117,81
realistic,7,0.63,0.6692728078979026,25,BAE,16272,0.664578080698377,0.004694727199525572,0.007014668972240319,1.0,39.614759100135416,19
realistic,8,0.67,0.7041348196258655,1,CABIQAE_latentt,39552,0.7062957001222406,0.002160880496375084,0.003068844823670621,1.0,5.316106999991462,9
realistic,8,0.67,0.7041348196258655,1,BIQAE,31872,0.7149599217813685,0.01082510215550292,0.015373621434109338,0.0,3.270533800125122,205
realistic,8,0.67,0.7041348196258655,1,BAE,16272,0.707544330236475,0.0034095106106094564,0.004842127552250666,1.0,40.0877117998898,21
realistic,8,0.67,0.7041348196258655,2,CABIQAE_latentt,28928,0.7046456947393087,0.0005108751134431655,0.0007255359331819629,1.0,4.224153700051829,7
realistic,8,0.67,0.7041348196258655,2,BIQAE,27264,0.6900868381918353,0.014047981434030299,0.01995069842092817,0.0,2.8212806000374258,161
realistic,8,0.67,0.7041348196258655,2,BAE,15504,0.7056163267619561,0.0014815071360905208,0.0021040106167135772,1.0,40.32066290010698,21
realistic,8,0.67,0.7041348196258655,3,CABIQAE_latentt,29056,0.7054817762010943,0.0013469565752287638,0.0019129242549664773,1.0,4.430956199998036,7
realistic,8,0.67,0.7041348196258655,3,BIQAE,24960,0.740239795151058,0.03610497552519243,0.05127565704587144,0.0,2.6478786000516266,163
realistic,8,0.67,0.7041348196258655,3,BAE,16656,0.7001677971942328,0.003967022431632716,0.005633896124808245,1.0,45.111901900032535,23
realistic,8,0.67,0.7041348196258655,4,CABIQAE_latentt,29952,0.7041186927338066,1.612689205898743e-05,2.290313106168543e-05,1.0,4.5567811001092196,7
realistic,8,0.67,0.7041348196258655,4,BIQAE,10496,0.6604349182917225,0.04369990133414303,0.06206183832431764,0.0,1.205188199877739,67
realistic,8,0.67,0.7041348196258655,4,BAE,16912,0.7086884219361124,0.004553602310246818,0.0064669466461924514,1.0,44.63304929994047,21
realistic,8,0.67,0.7041348196258655,5,CABIQAE_latentt,25472,0.7026926270082829,0.001442192617582605,0.0020481768226557786,1.0,3.925972499884665,7
realistic,8,0.67,0.7041348196258655,5,BIQAE,30976,0.7155920804311104,0.011457260805244895,0.01627140213195619,0.0,3.1659562999848276,197
realistic,8,0.67,0.7041348196258655,5,BAE,16912,0.7060478918224894,0.001913072196623844,0.002716911794875212,1.0,44.86536269984208,21
realistic,8,0.67,0.7041348196258655,6,CABIQAE_latentt,26368,0.7054051253694114,0.0012703057435458076,0.0018040660795907962,1.0,4.032283500069752,7
realistic,8,0.67,0.7041348196258655,6,BIQAE,32384,0.7061650759548964,0.002030256329030866,0.0028833346575725667,0.0,3.3098302001599222,207
realistic,8,0.67,0.7041348196258655,6,BAE,15376,0.7013654113484658,0.0027694082773997986,0.003933065373576176,1.0,36.56318349996582,23
realistic,8,0.67,0.7041348196258655,7,CABIQAE_latentt,23680,0.7063338187412874,0.0021989991154218735,0.0031229802221544563,1.0,3.7668730998411775,7
realistic,8,0.67,0.7041348196258655,7,BIQAE,12288,0.6012940111172329,0.10284080850863264,0.1460527240554245,0.0,1.617949099978432,77
realistic,8,0.67,0.7041348196258655,7,BAE,16400,0.7083637023845575,0.004228882758691932,0.006005785597904253,1.0,46.73345170007087,15
realistic,8,0.67,0.7041348196258655,8,CABIQAE_latentt,29824,0.7023591311046673,0.0017756885211982487,0.002521801893196734,1.0,5.018346700118855,7
realistic,8,0.67,0.7041348196258655,8,BIQAE,18176,0.7320800745508569,0.027945254924991336,0.03968736404746998,0.0,2.113452499965206,117
realistic,8,0.67,0.7041348196258655,8,BAE,16784,0.706386876132713,0.002252056506847455,0.003198331404835314,1.0,42.47024740022607,23
realistic,8,0.67,0.7041348196258655,9,CABIQAE_latentt,29824,0.7032102107940348,0.0009246088318307644,0.001313113349971878,1.0,4.781699699815363,7
realistic,8,0.67,0.7041348196258655,9,BIQAE,44032,0.6802372968173036,0.023897522808561944,0.033938845434826864,0.0,5.187328500207514,281
realistic,8,0.67,0.7041348196258655,9,BAE,16784,0.7049665604686775,0.0008317408428119011,0.001181223850361267,1.0,44.013660999946296,23
realistic,8,0.67,0.7041348196258655,10,CABIQAE_latentt,28160,0.7041816079329599,4.678830709436976e-05,6.644793836389205e-05,1.0,4.6448202999308705,7
realistic,8,0.67,0.7041348196258655,10,BIQAE,26496,0.7070680777374949,0.0029332581116293666,0.004165762052766999,0.0,2.874307200079784,169
realistic,8,0.67,0.7041348196258655,10,BAE,16528,0.702843361070203,0.0012914585556625946,0.0018341069347327507,1.0,45.22257409989834,23
realistic,8,0.67,0.7041348196258655,11,CABIQAE_latentt,30848,0.7037298501207572,0.0004049695051083768,0.0005751306338231547,1.0,5.6609807999338955,7
realistic,8,0.67,0.7041348196258655,11,BIQAE,11264,0.6321667670977886,0.07196805252807692,0.10220777402588381,0.0,1.6791893001645803,71
realistic,8,0.67,0.7041348196258655,11,BAE,16656,0.702562571278589,0.0015722483472765392,0.002232879703508962,1.0,53.2794916999992,15
realistic,8,0.67,0.7041348196258655,12,CABIQAE_latentt,28032,0.7045975587763691,0.00046273915050354386,0.0006571740774720036,1.0,5.341275499900803,7
realistic,8,0.67,0.7041348196258655,12,BIQAE,36224,0.7109223608828692,0.006787541257003649,0.009639547807918569,0.0,4.463234599912539,231
realistic,8,0.67,0.7041348196258655,12,BAE,16784,0.7037016807099803,0.0004331389158852561,0.0006151363401051518,1.0,46.8673350000754,23
realistic,8,0.67,0.7041348196258655,13,CABIQAE_latentt,39552,0.7035136617734499,0.0006211578524156769,0.0008821575571929853,1.0,6.3922238000668585,9
realistic,8,0.67,0.7041348196258655,13,BIQAE,30848,0.7157982262779415,0.011663406652075992,0.01656416687115859,0.0,3.640228300122544,197
realistic,8,0.67,0.7041348196258655,13,BAE,15504,0.7057454467222837,0.0016106270964181268,0.0022873845342201884,1.0,47.37609749985859,21
realistic,8,0.67,0.7041348196258655,14,CABIQAE_latentt,26240,0.7060938088273587,0.0019589892014931776,0.002782122325003137,1.0,4.91712939995341,7
realistic,8,0.67,0.7041348196258655,14,BIQAE,9472,0.6581722397444123,0.04596257988145325,0.06527525496590975,0.0,1.4485641000792384,59
realistic,8,0.67,0.7041348196258655,14,BAE,17936,0.7048275534695371,0.0006927338436715225,0.0009838085326324285,1.0,52.87295600003563,23
realistic,8,0.67,0.7041348196258655,15,CABIQAE_latentt,27264,0.7009682531926611,0.003166566433204454,0.0044971024652451855,0.0,4.853397300001234,7
realistic,8,0.67,0.7041348196258655,15,BIQAE,23296,0.7392414489774674,0.035106629351601804,0.049857823208139786,0.0,2.6913536000065506,151
realistic,8,0.67,0.7041348196258655,15,BAE,16400,0.705917712131567,0.0017828925057014056,0.002532032866445557,1.0,55.5272859998513,23
realistic,8,0.67,0.7041348196258655,16,CABIQAE_latentt,24448,0.7022338025726311,0.0019010170532344217,0.0026997912903164007,1.0,4.45726289995946,7
realistic,8,0.67,0.7041348196258655,16,BIQAE,33664,0.7039416079017466,0.00019321172411890242,0.0002743959235272066,1.0,4.281554599991068,217
realistic,8,0.67,0.7041348196258655,16,BAE,16784,0.7028371217907033,0.0012976978351622037,0.001842967850747278,1.0,47.28474749997258,23
realistic,8,0.67,0.7041348196258655,17,CABIQAE_latentt,28928,0.7051916149309323,0.001056795305066749,0.0015008422756713916,1.0,5.177625299897045,7
realistic,8,0.67,0.7041348196258655,17,BIQAE,9344,0.6624746563977091,0.041660163228156466,0.05916503781234984,0.0,1.3718731000553817,57
realistic,8,0.67,0.7041348196258655,17,BAE,15376,0.7029391377878267,0.0011956818380388645,0.0016980865094474056,1.0,51.449574899859726,15
realistic,8,0.67,0.7041348196258655,18,CABIQAE_latentt,29824,0.7049029178340837,0.0007680982082181043,0.0010908396898000655,1.0,5.432584299938753,7
realistic,8,0.67,0.7041348196258655,18,BIQAE,10496,0.6621478646831194,0.04198695494274618,0.05962914171046888,0.0,1.5382657998707145,67
realistic,8,0.67,0.7041348196258655,18,BAE,15504,0.701833057747616,0.0023017618782495974,0.0032689221070939423,1.0,45.92794049996883,23
realistic,8,0.67,0.7041348196258655,19,CABIQAE_latentt,28928,0.7065307417114743,0.0023959220856087926,0.003402646792672233,1.0,5.460473200073466,7
realistic,8,0.67,0.7041348196258655,19,BIQAE,40832,0.7111508114532605,0.007015991827394985,0.00996398932682076,0.0,5.753960500005633,267
realistic,8,0.67,0.7041348196258655,19,BAE,16272,0.7054180056091739,0.0012831859833083437,0.0018223583716398951,1.0,57.18533120001666,15
realistic,8,0.67,0.7041348196258655,20,CABIQAE_latentt,29824,0.701795987467126,0.0023388321587395344,0.0033215686734285456,1.0,5.289101199945435,7
realistic,8,0.67,0.7041348196258655,20,BIQAE,30848,0.7159076817105055,0.011772862084639901,0.01671961356902544,0.0,3.65067039988935,197
realistic,8,0.67,0.7041348196258655,20,BAE,15120,0.7012808566348494,0.0028539629910161457,0.00405314850433411,1.0,41.39410990010947,23
realistic,8,0.67,0.7041348196258655,21,CABIQAE_latentt,28928,0.7039958547752991,0.00013896485056641428,0.00019735545905861005,1.0,5.400190300075337,7
realistic,8,0.67,0.7041348196258655,21,BIQAE,9600,0.6557616208666055,0.04837319875926005,0.06869877388674321,0.0,1.357063899980858,59
realistic,8,0.67,0.7041348196258655,21,BAE,15760,0.7066091827124645,0.002474363086598985,0.0035140473353010883,1.0,46.08820390002802,21
realistic,8,0.67,0.7041348196258655,22,CABIQAE_latentt,34176,0.7036822015022086,0.00045261812365693377,0.0006428003715217883,1.0,4.862645699875429,13
realistic,8,0.67,0.7041348196258655,22,BIQAE,11136,0.6348985071837729,0.0692363124420926,0.098328204361319,0.0,1.5584225999191403,69
realistic,8,0.67,0.7041348196258655,22,BAE,16016,0.7008843705296754,0.0032504490961901,0.004616231161409105,1.0,46.82792380009778,23
realistic,8,0.67,0.7041348196258655,23,CABIQAE_latentt,29056,0.7069200889276457,0.0027852693017801355,0.003955590923993871,1.0,5.12787720002234,7
realistic,8,0.67,0.7041348196258655,23,BIQAE,34432,0.7049311898300732,0.0007963702042076415,0.001130991085813345,0.0,3.8278738998342305,223
realistic,8,0.67,0.7041348196258655,23,BAE,15888,0.7049795853122882,0.000844765686422666,0.001199721506275635,1.0,51.18271439988166,15
realistic,8,0.67,0.7041348196258655,24,CABIQAE_latentt,27008,0.7005309470591818,0.003603872566683708,0.005118157015155971,0.0,4.516383299836889,9
realistic,8,0.67,0.7041348196258655,24,BIQAE,10624,0.6618084231413714,0.0423263964844941,0.060111210672671715,0.0,1.5479965000413358,67
realistic,8,0.67,0.7041348196258655,24,BAE,15376,0.709103707751239,0.0049688881253734385,0.00705672832372301,1.0,53.23026209999807,23
realistic,8,0.67,0.7041348196258655,25,CABIQAE_latentt,29952,0.7049214201709578,0.0007866005450922753,0.001117116386191819,1.0,5.097306799842045,7
realistic,8,0.67,0.7041348196258655,25,BIQAE,39808,0.7115446976356178,0.007409878009752235,0.010523379618819865,0.0,4.3100376999937,259
realistic,8,0.67,0.7041348196258655,25,BAE,17552,0.7111026253490853,0.0069678057232197554,0.009895556261401792,0.0,42.520795500138775,21
