rep,T_noise,a_true,algorithm,final_queries,final_estimate,final_abs_error,final_nrmse,final_coverage,runtime_seconds,k_max
1,20.0,0.05,BAE,102500,0.04969192288841542,0.00030807711158458567,0.0061615422316917134,1.0,48.958404400007566,31
1,20.0,0.05,BIQAE,158080,0.04999315485166585,6.845148334155837e-06,0.00013690296668311674,1.0,0.26927449999493547,2463
1,20.0,0.05,CABIQAE_latentt,120040,0.05457058173585645,0.004570581735856449,0.09141163471712899,0.0,5.9641099000000395,19
2,20.0,0.05,BAE,102460,0.05041313103381101,0.0004131310338110067,0.008262620676220134,1.0,44.59171540001989,31
2,20.0,0.05,BIQAE,145280,0.04998256695181945,1.7433048180554023e-05,0.00034866096361108045,1.0,0.23581129999365658,2301
2,20.0,0.05,CABIQAE_latentt,100200,0.05356040417598531,0.003560404175985306,0.07120808351970612,0.0,5.188092099997448,19
3,20.0,0.05,BAE,103540,0.050941452597102505,0.0009414525971025017,0.018829051942050035,0.0,45.48785210002097,31
3,20.0,0.05,BIQAE,197760,0.04998534501943215,1.4654980567851972e-05,0.00029309961135703944,1.0,0.2691372999979649,3507
3,20.0,0.05,CABIQAE_latentt,688920,0.046395202497051535,0.0036047975029484675,0.07209595005896935,0.0,16.606917299999623,31
4,20.0,0.05,BAE,102620,0.049734165499034144,0.0002658345009658586,0.005316690019317172,1.0,41.40343149998807,31
4,20.0,0.05,BIQAE,119160,0.05000973886665823,9.738866658226542e-06,0.00019477733316453083,1.0,0.20277329999953508,2015
4,20.0,0.05,CABIQAE_latentt,210760,0.05446949446291524,0.004469494462915238,0.08938988925830477,0.0,12.86607799999183,11
5,20.0,0.05,BAE,103260,0.050270000157479594,0.0002700001574795913,0.0054000031495918255,1.0,47.672628500004066,37
5,20.0,0.05,BIQAE,268120,0.04824709745401317,0.0017529025459868328,0.035058050919736655,0.0,0.3405872999865096,4449
5,20.0,0.05,CABIQAE_latentt,100120,0.0532268368117497,0.003226836811749699,0.06453673623499398,0.0,4.905529600015143,19
6,20.0,0.05,BAE,103060,0.05046282169075986,0.00046282169075985424,0.009256433815197085,1.0,41.955275799991796,37
6,20.0,0.05,BIQAE,160360,0.05000354021864711,3.5402186471106267e-06,7.080437294221253e-05,1.0,0.23549930000444874,2679
6,20.0,0.05,CABIQAE_latentt,296440,0.053709350585541805,0.0037093505855418027,0.07418701171083605,0.0,21.116196899994975,11
7,20.0,0.05,BAE,102980,0.05057870898653945,0.0005787089865394446,0.011574179730788892,1.0,45.28457950000302,31
7,20.0,0.05,BIQAE,141480,0.04998104088054639,1.8959119453612616e-05,0.0003791823890722523,1.0,0.21821679998538457,2227
7,20.0,0.05,CABIQAE_latentt,34440,0.05725480837623707,0.007254808376237064,0.14509616752474128,0.0,4.019080700003542,9
8,20.0,0.05,BAE,102820,0.04954023732859482,0.0004597626714051839,0.009195253428103678,1.0,39.51693250000244,39
8,20.0,0.05,BIQAE,201680,0.05001740213548053,1.7402135480529268e-05,0.00034804270961058537,1.0,0.27482429999508895,3511
8,20.0,0.05,CABIQAE_latentt,310080,0.05307031980108368,0.0030703198010836805,0.06140639602167361,0.0,20.83367239998188,11
9,20.0,0.05,BAE,103420,0.05045131881945115,0.000451318819451145,0.0090263763890229,1.0,42.36026029998902,39
9,20.0,0.05,BIQAE,165000,0.05001118952593264,1.1189525932639444e-05,0.00022379051865278887,1.0,0.24841110000852495,2721
9,20.0,0.05,CABIQAE_latentt,297760,0.05395337953613671,0.003953379536136704,0.07906759072273409,0.0,21.108153700013645,11
10,20.0,0.05,BAE,102860,0.04915340227475395,0.0008465977252460552,0.016931954504921104,1.0,38.01026040001307,31
10,20.0,0.05,BIQAE,332200,0.050007698785173624,7.698785173620992e-06,0.00015397570347241984,1.0,0.5390300999861211,5359
10,20.0,0.05,CABIQAE_latentt,184080,0.05340532774378535,0.0034053277437853455,0.06810655487570691,0.0,5.670860000012908,43
11,20.0,0.05,BAE,102420,0.050156462392677355,0.000156462392677352,0.0031292478535470403,1.0,44.53243790002307,31
11,20.0,0.05,BIQAE,227480,0.050009067460769774,9.067460769771052e-06,0.00018134921539542104,1.0,0.2999190999835264,3953
11,20.0,0.05,CABIQAE_latentt,306520,0.05330928582133486,0.0033092858213348564,0.06618571642669713,0.0,20.785562499979278,11
12,20.0,0.05,BAE,102900,0.049223823643283975,0.0007761763567160282,0.015523527134320564,1.0,37.713406099996064,31
12,20.0,0.05,BIQAE,267960,0.05001038522993473,1.0385229934725682e-05,0.00020770459869451363,1.0,0.3413830999925267,4245
12,20.0,0.05,CABIQAE_latentt,298200,0.05342049870271322,0.003420498702713215,0.0684099740542643,0.0,19.878398600005312,11
13,20.0,0.05,BAE,102580,0.04937110333486873,0.0006288966651312733,0.012577933302625466,1.0,42.50112979998812,31
13,20.0,0.05,BIQAE,169400,0.05000707442260745,7.074422607444841e-06,0.00014148845214889683,1.0,0.252697599993553,2839
13,20.0,0.05,CABIQAE_latentt,105760,0.054387805418514665,0.004387805418514662,0.08775610837029324,0.0,5.0845174999849405,19
14,20.0,0.05,BAE,102940,0.05032238631787167,0.0003223863178716674,0.006447726357433348,1.0,43.02598659999785,31
14,20.0,0.05,BIQAE,173600,0.049989851029912435,1.0148970087567322e-05,0.00020297940175134643,1.0,0.250027299975045,2769
14,20.0,0.05,CABIQAE_latentt,183000,0.05272045483679662,0.0027204548367966153,0.054409096735932305,0.0,13.365174399979878,11
15,20.0,0.05,BAE,103060,0.05044033348081588,0.0004403334808158743,0.008806669616317486,1.0,39.702657699992415,31
15,20.0,0.05,BIQAE,167000,0.05000090063462454,9.006346245385433e-07,1.8012692490770865e-05,1.0,0.2378268000029493,2903
15,20.0,0.05,CABIQAE_latentt,171560,0.05434536355392117,0.004345363553921164,0.08690727107842328,0.0,4.6485748999984935,43
16,20.0,0.05,BAE,102580,0.049380144134419796,0.0006198558655802072,0.012397117311604144,1.0,39.426231300021755,31
16,20.0,0.05,BIQAE,213200,0.05000222223288716,2.222232887157116e-06,4.4444657743142324e-05,1.0,0.27333789999829605,3749
16,20.0,0.05,CABIQAE_latentt,118040,0.054718421290329014,0.004718421290329011,0.09436842580658023,0.0,5.6220925000088755,19
17,20.0,0.05,BAE,102620,0.05039922342837885,0.0003992234283788504,0.007984468567577008,1.0,43.280652100016596,31
17,20.0,0.05,BIQAE,157640,0.049994049466454,5.950533546003611e-06,0.00011901067092007223,1.0,0.23316850000992417,2595
17,20.0,0.05,CABIQAE_latentt,307960,0.053140664816639836,0.0031406648166398335,0.06281329633279667,0.0,20.83066539998981,11
18,20.0,0.05,BAE,102900,0.04798217456446614,0.00201782543553386,0.0403565087106772,0.0,34.87218279999797,33
18,20.0,0.05,BIQAE,144280,0.05000011984328781,1.198432878074529e-07,2.396865756149058e-06,1.0,0.2845386000117287,2391
18,20.0,0.05,CABIQAE_latentt,313240,0.05350905005414579,0.0035090500541457847,0.0701810010829157,0.0,20.154523800010793,11
19,20.0,0.05,BAE,102460,0.04947833890887969,0.0005216610911203123,0.010433221822406247,1.0,43.499360400019214,31
19,20.0,0.05,BIQAE,136480,0.0500083805700994,8.38057009940052e-06,0.0001676114019880104,1.0,0.2139251000189688,2337
19,20.0,0.05,CABIQAE_latentt,298720,0.05337254681185262,0.003372546811852617,0.06745093623705234,0.0,19.949023299996043,11
20,20.0,0.05,BAE,103220,0.04978387506217,0.0002161249378300062,0.004322498756600124,1.0,42.56421280000359,31
20,20.0,0.05,BIQAE,109400,0.049977268445646296,2.273155435370683e-05,0.0004546310870741366,1.0,0.20169310001074336,1907
20,20.0,0.05,CABIQAE_latentt,489400,0.04730274721598228,0.002697252784017723,0.05394505568035446,0.0,12.789771400013706,31
1,20.0,0.2,BAE,102780,0.2000302272160432,3.022721604317713e-05,0.00015113608021588565,1.0,46.58241440000711,39
1,20.0,0.2,BIQAE,268480,0.1999859899459631,1.401005403692257e-05,7.005027018461285e-05,1.0,0.3230203000130132,4467
1,20.0,0.2,CABIQAE_latentt,449320,0.19395362622115947,0.006046373778840541,0.030231868894202707,0.0,36.13584850000916,15
2,20.0,0.2,BAE,102780,0.20214673283757445,0.0021467328375744388,0.010733664187872194,0.0,45.66520560000208,35
2,20.0,0.2,BIQAE,221440,0.19998369048516357,1.6309514836443384e-05,8.154757418221692e-05,1.0,0.2818640999903437,3779
2,20.0,0.2,CABIQAE_latentt,492960,0.19391999798183737,0.006080002018162639,0.030400010090813195,0.0,38.639764799998375,15
3,20.0,0.2,BAE,102420,0.20027282239776364,0.0002728223977636335,0.0013641119888181674,1.0,48.535108400013996,39
3,20.0,0.2,BIQAE,566240,0.20000315359734916,3.1535973491481073e-06,1.5767986745740536e-05,1.0,0.6298073000216391,9837
3,20.0,0.2,CABIQAE_latentt,292000,0.19552665737253894,0.004473342627461074,0.022366713137305372,0.0,27.074847699987004,15
4,20.0,0.2,BAE,102620,0.19948581984417824,0.0005141801558217751,0.0025709007791088756,1.0,47.20258610000019,39
4,20.0,0.2,BIQAE,291840,0.2000047742779899,4.774277989894049e-06,2.3871389949470245e-05,1.0,0.35473290001391433,4927
4,20.0,0.2,CABIQAE_latentt,491600,0.1938637219081753,0.0061362780918247095,0.030681390459123548,0.0,39.45112380001228,15
5,20.0,0.2,BAE,102780,0.1994303255464036,0.0005696744535964027,0.0028483722679820134,1.0,50.168055199988885,39
5,20.0,0.2,BIQAE,232000,0.2000009349090789,9.349090788757231e-07,4.674545394378615e-06,1.0,0.3051757000212092,3959
5,20.0,0.2,CABIQAE_latentt,461920,0.19296971034148303,0.007030289658516986,0.03515144829258493,0.0,38.81064089998836,15
6,20.0,0.2,BAE,102740,0.19970207994559597,0.0002979200544040439,0.0014896002720202195,1.0,47.53747769998154,33
6,20.0,0.2,BIQAE,295440,0.20000428501418543,4.285014185423375e-06,2.1425070927116874e-05,1.0,0.3533148000133224,5083
6,20.0,0.2,CABIQAE_latentt,493560,0.19356997833171402,0.00643002166828599,0.03215010834142995,0.0,38.297882699989714,15
7,20.0,0.2,BAE,103300,0.2006271329258301,0.0006271329258300817,0.0031356646291504087,1.0,47.26763380001648,35
7,20.0,0.2,BIQAE,381960,0.20000329040465256,3.2904046525505937e-06,1.645202326275297e-05,1.0,0.4215803999977652,6361
7,20.0,0.2,CABIQAE_latentt,86960,0.20866562329254237,0.008665623292542363,0.04332811646271181,0.0,5.695427099999506,21
8,20.0,0.2,BAE,102500,0.20079901199529898,0.0007990119952989705,0.0039950599764948524,1.0,48.52625259998604,39
8,20.0,0.2,BIQAE,595360,0.20001597172561836,1.59717256183467e-05,7.98586280917335e-05,1.0,0.675554799992824,9785
8,20.0,0.2,CABIQAE_latentt,416800,0.1941221736518612,0.005877826348138798,0.02938913174069399,0.0,35.93341659998987,15
9,20.0,0.2,BAE,102420,0.20018885120701752,0.00018885120701750413,0.0009442560350875207,1.0,47.93271610001102,39
9,20.0,0.2,BIQAE,621200,0.20000923801514647,9.238015146462164e-06,4.619007573231082e-05,1.0,0.6437203999958001,10389
9,20.0,0.2,CABIQAE_latentt,95760,0.2028425426313306,0.0028425426313306024,0.014212713156653012,0.0,7.258098800026346,21
10,20.0,0.2,BAE,102460,0.1996664931282571,0.00033350687174291127,0.0016675343587145564,1.0,47.24325209998642,39
10,20.0,0.2,BIQAE,414960,0.1999824405059533,1.7559494046720525e-05,8.779747023360263e-05,1.0,0.5398884000023827,6951
10,20.0,0.2,CABIQAE_latentt,100000,0.21069058088904563,0.01069058088904562,0.0534529044452281,0.0,5.995259100018302,21
11,20.0,0.2,BAE,102460,0.19869451492579118,0.0013054850742088286,0.006527425371044143,1.0,40.82176290001371,39
11,20.0,0.2,BIQAE,450960,0.20000426742811475,4.267428114740346e-06,2.133714057370173e-05,1.0,0.48034810001263395,7241
11,20.0,0.2,CABIQAE_latentt,490560,0.19383917021533073,0.0061608297846692806,0.030804148923346403,0.0,36.061444899998605,15
12,20.0,0.2,BAE,102500,0.19911391012422713,0.0008860898757728775,0.004430449378864387,1.0,44.758961600018665,39
12,20.0,0.2,BIQAE,226520,0.199996136477183,3.86352281700475e-06,1.931761408502375e-05,1.0,0.28855870000552386,3891
12,20.0,0.2,CABIQAE_latentt,84240,0.19850851536179498,0.0014914846382050317,0.007457423191025159,0.0,11.706130200007465,11
13,20.0,0.2,BAE,102860,0.1997185095259809,0.00028149047401912486,0.0014074523700956243,1.0,47.650966899993364,39
13,20.0,0.2,BIQAE,289480,0.20001741305844373,1.741305844371599e-05,8.706529221857995e-05,1.0,0.35712609998881817,4159
13,20.0,0.2,CABIQAE_latentt,446160,0.19403323898475416,0.005966761015245847,0.029833805076229236,0.0,35.28715970000485,15
14,20.0,0.2,BAE,102980,0.1998635436850411,0.00013645631495889932,0.0006822815747944966,1.0,47.610277500003576,39
14,20.0,0.2,BIQAE,214360,0.2000140653179177,1.4065317917699716e-05,7.032658958849858e-05,1.0,0.2816469999961555,3633
14,20.0,0.2,CABIQAE_latentt,422560,0.19369733969555514,0.006302660304444874,0.03151330152222437,0.0,33.39723769997363,15
15,20.0,0.2,BAE,102580,0.20003585171961888,3.5851719618867905e-05,0.00017925859809433953,1.0,44.79411419999087,29
15,20.0,0.2,BIQAE,463200,0.20001907345845987,1.9073458459861747e-05,9.536729229930874e-05,1.0,0.5609130999946501,7339
15,20.0,0.2,CABIQAE_latentt,89200,0.20447310461633256,0.004473104616332546,0.02236552308166273,0.0,6.606567999988329,21
16,20.0,0.2,BAE,102780,0.1992108066950765,0.0007891933049235245,0.003945966524617622,1.0,179.7059573000006,29
16,20.0,0.2,BIQAE,272840,0.20000606608793242,6.066087932410369e-06,3.0330439662051845e-05,1.0,0.33085870000650175,4639
16,20.0,0.2,CABIQAE_latentt,496720,0.19442417812076088,0.0055758218792391345,0.027879109396195673,0.0,38.48826120002195,15
17,20.0,0.2,BAE,102540,0.19988398760145498,0.00011601239854502898,0.0005800619927251449,1.0,44.52876109999488,39
17,20.0,0.2,BIQAE,449120,0.19999651772966484,3.4822703351700124e-06,1.7411351675850062e-05,1.0,0.5128001999983098,7783
17,20.0,0.2,CABIQAE_latentt,427520,0.19417603398812086,0.00582396601187915,0.02911983005939575,0.0,36.18779890000587,15
18,20.0,0.2,BAE,103020,0.1992820518943749,0.0007179481056251158,0.003589740528125579,1.0,50.1635734999727,29
18,20.0,0.2,BIQAE,503320,0.2000027292998463,2.7292998462935536e-06,1.3646499231467768e-05,1.0,0.5612469000043347,8681
18,20.0,0.2,CABIQAE_latentt,454200,0.19421099632542604,0.005789003674573967,0.028945018372869835,0.0,37.54670119998627,15
19,20.0,0.2,BAE,102460,0.20022572997476162,0.0002257299747616126,0.001128649873808063,1.0,53.00474619999295,35
19,20.0,0.2,BIQAE,229960,0.19999256657877124,7.433421228775217e-06,3.716710614387608e-05,1.0,0.3025979000085499,3925
19,20.0,0.2,CABIQAE_latentt,294520,0.19610333654117812,0.003896663458821892,0.01948331729410946,0.0,27.47618510000757,15
20,20.0,0.2,BAE,102740,0.20052683559116619,0.0005268355911661748,0.0026341779558308742,1.0,52.64683100002003,39
20,20.0,0.2,BIQAE,332240,0.1999954657218435,4.534278156498317e-06,2.2671390782491585e-05,1.0,0.4125126999861095,5653
20,20.0,0.2,CABIQAE_latentt,306200,0.19534470126648756,0.004655298733512447,0.023276493667562237,0.0,26.455092699994566,15
1,20.0,0.8,BAE,103020,0.8000450877681373,4.508776813727522e-05,5.6359710171594024e-05,1.0,45.910208599991165,39
1,20.0,0.8,BIQAE,439680,0.8000110133068236,1.1013306823515201e-05,1.3766633529394001e-05,1.0,0.4834565999917686,6629
1,20.0,0.8,CABIQAE_latentt,492760,0.8056887469612337,0.0056887469612336705,0.007110933701542088,0.0,36.73366090000491,15
2,20.0,0.8,BAE,102700,0.7991844900394776,0.0008155099605224869,0.0010193874506531087,1.0,52.94205879999208,35
2,20.0,0.8,BIQAE,208440,0.7999785043695176,2.1495630482482042e-05,2.6869538103102553e-05,1.0,0.36007590001099743,3423
2,20.0,0.8,CABIQAE_latentt,480960,0.8058365385090014,0.005836538509001343,0.007295673136251679,0.0,36.71091379999416,15
3,20.0,0.8,BAE,102780,0.7988576469466903,0.0011423530533097859,0.0014279413166372323,1.0,49.4550000000163,35
3,20.0,0.8,BIQAE,500560,0.7999900209183244,9.979081675659529e-06,1.2473852094574411e-05,1.0,0.5334702999971341,7905
3,20.0,0.8,CABIQAE_latentt,475320,0.8058655875420584,0.005865587542058348,0.007331984427572935,0.0,37.94871850000345,15
4,20.0,0.8,BAE,102820,0.7993002875079174,0.0006997124920826714,0.0008746406151033392,1.0,53.73072030002368,35
4,20.0,0.8,BIQAE,594360,0.8000129803827923,1.2980382792293632e-05,1.622547849036704e-05,1.0,0.7504587000003085,9739
4,20.0,0.8,CABIQAE_latentt,388360,0.8053701203269024,0.005370120326902317,0.006712650408627896,0.0,34.30579169999692,15
5,20.0,0.8,BAE,103100,0.7993991634221704,0.000600836577829611,0.0007510457222870137,1.0,58.110625700006494,35
5,20.0,0.8,BIQAE,299640,0.8000207739752049,2.077397520483526e-05,2.5967469006044075e-05,1.0,0.37805860000662506,5115
5,20.0,0.8,CABIQAE_latentt,86520,0.793897538863954,0.006102461136046067,0.0076280764200575835,0.0,6.998729699989781,21
6,20.0,0.8,BAE,102500,0.7997001666952597,0.0002998333047403712,0.00037479163092546397,1.0,55.13217850000365,39
6,20.0,0.8,BIQAE,565440,0.7999896676220246,1.0332377975430518e-05,1.2915472469288147e-05,1.0,0.641074099985417,9165
6,20.0,0.8,CABIQAE_latentt,390560,0.8054747151327301,0.0054747151327300125,0.006843393915912516,0.0,37.005839699995704,15
7,20.0,0.8,BAE,102780,0.8000550370086896,5.503700868958461e-05,6.879626086198076e-05,1.0,54.05529320001369,39
7,20.0,0.8,BIQAE,548720,0.8000009514438091,9.514438090718613e-07,1.1893047613398267e-06,1.0,0.6508691999770235,8959
7,20.0,0.8,CABIQAE_latentt,105880,0.7983275539001069,0.0016724460998931434,0.0020905576248664293,0.0,9.58400360000087,21
8,20.0,0.8,BAE,102980,0.7979532267406235,0.002046773259376522,0.0025584665742206525,0.0,55.021790200000396,35
8,20.0,0.8,BIQAE,566840,0.7999914190990788,8.580900921262291e-06,1.0726126151577864e-05,1.0,0.6604824000096414,9067
8,20.0,0.8,CABIQAE_latentt,398360,0.8052990378042835,0.005299037804283424,0.00662379725535428,0.0,32.67648590001045,15
9,20.0,0.8,BAE,103380,0.800461347260393,0.0004613472603929303,0.0005766840754911629,1.0,49.39739599998575,29
9,20.0,0.8,BIQAE,473200,0.8000003145117496,3.145117495328975e-07,3.931396869161219e-07,1.0,0.5238031999906525,7591
9,20.0,0.8,CABIQAE_latentt,453120,0.8060428934108379,0.006042893410837857,0.007553616763547322,0.0,37.77074160001939,15
10,20.0,0.8,BAE,102540,0.798973119941666,0.0010268800583340676,0.0012836000729175845,1.0,50.05703199998243,39
10,20.0,0.8,BIQAE,310680,0.7999866823147607,1.331768523937793e-05,1.6647106549222412e-05,1.0,0.3712189999932889,5445
10,20.0,0.8,CABIQAE_latentt,394560,0.8060400166013257,0.006040016601325693,0.007550020751657116,0.0,36.24211189997732,15
11,20.0,0.8,BAE,102500,0.7993060299501289,0.000693970049871151,0.0008674625623389387,1.0,49.85458010001457,31
11,20.0,0.8,BIQAE,305080,0.7997348481768083,0.000265151823191756,0.000331439778989695,0.0,0.37781899998662993,4765
11,20.0,0.8,CABIQAE_latentt,95600,0.796389014973259,0.003610985026741065,0.004513731283426331,0.0,7.434778499999084,21
12,20.0,0.8,BAE,102660,0.8011162019907517,0.0011162019907516862,0.0013952524884396078,1.0,48.44026240002131,39
12,20.0,0.8,BIQAE,312440,0.8000154478626642,1.544786266416409e-05,1.9309828330205114e-05,1.0,0.3704472999961581,5487
12,20.0,0.8,CABIQAE_latentt,135760,0.8040958720669282,0.004095872066928186,0.005119840083660232,0.0,33.51403130000108,5
13,20.0,0.8,BAE,102900,0.8001849186067416,0.00018491860674152427,0.00023114825842690534,1.0,51.34705670000403,39
13,20.0,0.8,BIQAE,286760,0.8000053664353383,5.366435338216569e-06,6.708044172770711e-06,1.0,0.3561166000145022,4741
13,20.0,0.8,CABIQAE_latentt,481600,0.8056339844169738,0.005633984416973714,0.007042480521217143,0.0,40.570020299986936,15
14,20.0,0.8,BAE,102660,0.8005810003577212,0.0005810003577211287,0.0007262504471514108,1.0,52.80994889998692,35
14,20.0,0.8,BIQAE,204640,0.7999933023001925,6.697699807545199e-06,8.372124759431498e-06,1.0,0.338027299992973,3411
14,20.0,0.8,CABIQAE_latentt,445360,0.806708133949164,0.006708133949163919,0.008385167436454899,0.0,42.51375779998489,15
15,20.0,0.8,BAE,102540,0.8004738717240478,0.0004738717240477808,0.000592339655059726,1.0,54.64209489998757,39
15,20.0,0.8,BIQAE,668960,0.7999949030670424,5.096932957693312e-06,6.37116619711664e-06,1.0,0.9195762000163086,11601
15,20.0,0.8,CABIQAE_latentt,487960,0.8058860481736676,0.005886048173667557,0.007357560217084447,0.0,43.66973930000677,15
16,20.0,0.8,BAE,102460,0.7993625720368893,0.000637427963110726,0.0007967849538884075,1.0,56.889829000021564,39
16,20.0,0.8,BIQAE,267320,0.7999963945722136,3.6054277864350226e-06,4.506784733043778e-06,1.0,0.37153880001278594,4531
16,20.0,0.8,CABIQAE_latentt,105920,0.8019702645830404,0.001970264583040393,0.0024628307288004914,0.0,8.198209299996961,23
17,20.0,0.8,BAE,102980,0.7997104508029151,0.000289549197084904,0.00036193649635613,1.0,71.55251820001286,39
17,20.0,0.8,BIQAE,239760,0.7999741520963767,2.5847903623366086e-05,3.230987952920761e-05,1.0,0.561797000002116,4087
17,20.0,0.8,CABIQAE_latentt,123000,0.8000323700429759,3.237004297584889e-05,4.046255371981111e-05,1.0,12.91670349999913,21
18,20.0,0.8,BAE,103060,0.799254100325659,0.0007458996743410218,0.0009323745929262772,1.0,57.44998440000927,39
18,20.0,0.8,BIQAE,227360,0.8000136939743399,1.3693974339812343e-05,1.7117467924765428e-05,1.0,0.3025574999919627,3867
18,20.0,0.8,CABIQAE_latentt,86720,0.7924950955004386,0.007504904499561427,0.009381130624451783,0.0,7.077128300006734,21
19,20.0,0.8,BAE,102780,0.7999506646021872,4.9335397812821924e-05,6.16692472660274e-05,1.0,56.35135040001478,39
19,20.0,0.8,BIQAE,233200,0.7999696325473413,3.036745265871943e-05,3.795931582339929e-05,1.0,0.3071683000016492,3721
19,20.0,0.8,CABIQAE_latentt,80960,0.8002062578576854,0.00020625785768535465,0.0002578223221066933,0.0,12.788892800017493,11
20,20.0,0.8,BAE,102940,0.7993671249339018,0.0006328750660982152,0.000791093832622769,1.0,56.91988499998115,39
20,20.0,0.8,BIQAE,299560,0.8000011989671393,1.1989671392376167e-06,1.4987089240470208e-06,1.0,0.3650576999934856,5189
20,20.0,0.8,CABIQAE_latentt,378920,0.805669841763275,0.0056698417632750076,0.0070873022040937594,0.0,40.0815212999878,15
1,200.0,0.05,BAE,103820,0.0498525731589001,0.00014742684109990412,0.0029485368219980823,1.0,1.741059200023301,241
1,200.0,0.05,BIQAE,234600,0.050002691448573236,2.691448573233224e-06,5.382897146466448e-05,1.0,0.3718170000065584,4049
1,200.0,0.05,CABIQAE_latentt,135280,0.050296569551678466,0.00029656955167846333,0.0059313910335692666,0.0,0.41472739999881014,287
2,200.0,0.05,BAE,102780,0.04996147204610849,3.8527953891510924e-05,0.0007705590778302185,1.0,1.785476099990774,227
2,200.0,0.05,BIQAE,168840,0.04997783933678575,2.2160663214254583e-05,0.00044321326428509167,1.0,0.24658609999460168,2825
2,200.0,0.05,CABIQAE_latentt,514000,0.04985898809865886,0.000141011901341144,0.00282023802682288,0.0,6.307183600001736,87
3,200.0,0.05,BAE,111020,0.04990407974087893,9.592025912107116e-05,0.0019184051824214232,1.0,2.19671049999306,241
3,200.0,0.05,BIQAE,142600,0.04998270573370249,1.729426629751285e-05,0.000345885325950257,1.0,0.22770119999768212,2379
3,200.0,0.05,CABIQAE_latentt,524320,0.050186334306390044,0.00018633430639004162,0.0037266861278008323,0.0,4.392464500007918,129
4,200.0,0.05,BAE,105380,0.05010110578315746,0.00010110578315745966,0.0020221156631491932,1.0,1.7309053000062704,233
4,200.0,0.05,BIQAE,142680,0.050004482226689545,4.482226689542235e-06,8.96445337908447e-05,1.0,0.2331603999773506,2357
4,200.0,0.05,CABIQAE_latentt,533520,0.04988957124977756,0.00011042875022244242,0.0022085750044488484,0.0,7.652347900002496,73
5,200.0,0.05,BAE,106820,0.0499787239159199,2.1276084080104618e-05,0.00042552168160209236,1.0,2.83503310001106,241
5,200.0,0.05,BIQAE,183480,0.049989848910326026,1.0151089673976488e-05,0.00020302179347952976,1.0,0.37598300000536256,3097
5,200.0,0.05,CABIQAE_latentt,761560,0.050044175042297176,4.417504229717317e-05,0.0008835008459434635,1.0,7.025044400012121,129
6,200.0,0.05,BAE,109740,0.05005166364552388,5.166364552387781e-05,0.0010332729104775562,1.0,3.3762687999987975,191
6,200.0,0.05,BIQAE,212600,0.050002944663134506,2.9446631345034224e-06,5.889326269006845e-05,1.0,0.5116860000125598,3513
6,200.0,0.05,CABIQAE_latentt,507120,0.049900213586855716,9.978641314428716e-05,0.001995728262885743,0.0,14.189139300026,73
7,200.0,0.05,BAE,105260,0.05005704789937052,5.704789937052007e-05,0.0011409579874104014,1.0,4.59764210000867,219
7,200.0,0.05,BIQAE,128600,0.05000235162698839,2.3516269883894214e-06,4.703253976778843e-05,1.0,0.3107832999958191,2113
7,200.0,0.05,CABIQAE_latentt,142800,0.05035849380931237,0.0003584938093123685,0.00716987618624737,0.0,0.6977192000194918,287
8,200.0,0.05,BAE,110940,0.05023594980202799,0.00023594980202798488,0.004718996040559698,0.0,4.22024500000407,253
8,200.0,0.05,BIQAE,176680,0.050004032376002525,4.03237600252182e-06,8.06475200504364e-05,1.0,0.4538709999760613,2699
8,200.0,0.05,CABIQAE_latentt,127040,0.04990905781364616,9.094218635384566e-05,0.001818843727076913,0.0,0.9716014000005089,221
9,200.0,0.05,BAE,105380,0.050184051472158445,0.00018405147215844186,0.0036810294431688373,1.0,5.008536900015315,233
9,200.0,0.05,BIQAE,114880,0.050011107056070855,1.1107056070852606e-05,0.0002221411214170521,1.0,0.35987260000547394,1925
9,200.0,0.05,CABIQAE_latentt,227640,0.05048593464180623,0.0004859346418062266,0.009718692836124532,0.0,3.408775899995817,123
10,200.0,0.05,BAE,112700,0.0500855423790975,8.55423790974974e-05,0.001710847581949948,1.0,3.8416372000065167,261
10,200.0,0.05,BIQAE,279160,0.05000946500340152,9.465003401515348e-06,0.00018930006803030697,1.0,0.6424245999951381,4641
10,200.0,0.05,CABIQAE_latentt,723560,0.0500031637815921,3.1637815920970702e-06,6.32756318419414e-05,1.0,11.755411700025434,115
11,200.0,0.05,BAE,109260,0.0500737995561942,7.379955619419426e-05,0.0014759911238838852,1.0,3.460448500001803,219
11,200.0,0.05,BIQAE,277440,0.049995366225728005,4.633774271997626e-06,9.267548543995252e-05,1.0,0.5241076999809593,4239
11,200.0,0.05,CABIQAE_latentt,243920,0.0498899158145963,0.00011008418540370268,0.0022016837080740537,0.0,2.22711320000235,163
12,200.0,0.05,BAE,106180,0.05006839600460629,6.839600460628592e-05,0.0013679200921257184,1.0,3.447658199991565,261
12,200.0,0.05,BIQAE,214040,0.04999508243606615,4.917563933851121e-06,9.835127867702242e-05,1.0,0.4395605999743566,3555
12,200.0,0.05,CABIQAE_latentt,480840,0.049847368388094435,0.00015263161190556818,0.0030526322381113635,0.0,10.601497399999062,73
13,200.0,0.05,BAE,111300,0.05009937335011436,9.9373350114354e-05,0.00198746700228708,1.0,4.08084909999161,261
13,200.0,0.05,BIQAE,168680,0.04999434504770582,5.654952294181781e-06,0.00011309904588363562,1.0,0.39731879997998476,2895
13,200.0,0.05,CABIQAE_latentt,741800,0.05009174790186892,9.174790186891602e-05,0.0018349580373783203,0.0,9.416785300010815,115
14,200.0,0.05,BAE,107900,0.04998652391257298,1.3476087427022332e-05,0.00026952174854044664,1.0,1.9710693999950308,219
14,200.0,0.05,BIQAE,139560,0.050011924833081894,1.1924833081891628e-05,0.00023849666163783256,1.0,0.22984200000064448,2273
14,200.0,0.05,CABIQAE_latentt,601360,0.049358225289536976,0.0006417747104630264,0.012835494209260528,0.0,4.619922399986535,135
15,200.0,0.05,BAE,105580,0.0500751754689303,7.517546893029414e-05,0.0015035093786058829,1.0,2.032593900017673,261
15,200.0,0.05,BIQAE,128040,0.05000585062771351,5.850627713507861e-06,0.00011701255427015722,1.0,0.2099644999834709,2085
15,200.0,0.05,CABIQAE_latentt,434120,0.050072528229374816,7.252822937481307e-05,0.0014505645874962614,0.0,5.847254399996018,73
16,200.0,0.05,BAE,103820,0.049839092437607764,0.00016090756239223875,0.003218151247844775,1.0,1.9088401999906637,255
16,200.0,0.05,BIQAE,179560,0.049982045738199844,1.7954261800158522e-05,0.00035908523600317044,1.0,0.26358759999857284,3075
16,200.0,0.05,CABIQAE_latentt,710000,0.05003888098293609,3.8880982936084774e-05,0.0007776196587216955,1.0,6.670170600002166,129
17,200.0,0.05,BAE,104660,0.049972226600962594,2.7773399037409052e-05,0.000555467980748181,1.0,1.9563114999909885,261
17,200.0,0.05,BIQAE,199560,0.05000812062970014,8.120629700139603e-06,0.00016241259400279207,1.0,0.27257649999228306,3319
17,200.0,0.05,CABIQAE_latentt,250200,0.049997303439618,2.6965603820011674e-06,5.393120764002335e-05,1.0,3.935713200015016,73
18,200.0,0.05,BAE,109140,0.05009969954756405,9.969954756404442e-05,0.0019939909512808884,1.0,2.1121294999902602,247
18,200.0,0.05,BIQAE,147880,0.0500093559817041,9.355981704095573e-06,0.00018711963408191146,1.0,0.36491549998754635,2259
18,200.0,0.05,CABIQAE_latentt,695360,0.05002084433866662,2.0844338666614615e-05,0.0004168867733322923,1.0,10.281134599994402,101
19,200.0,0.05,BAE,107540,0.05000853487395831,8.534873958306044e-06,0.00017069747916612088,1.0,2.052873400010867,233
19,200.0,0.05,BIQAE,151920,0.049996726029285704,3.2739707142986907e-06,6.547941428597381e-05,1.0,0.23339569999370724,2349
19,200.0,0.05,CABIQAE_latentt,314440,0.049979524524296284,2.0475475703718438e-05,0.00040950951407436875,1.0,4.76320400001714,73
20,200.0,0.05,BAE,103420,0.05014860260632225,0.00014860260632224703,0.0029720521264449407,1.0,2.1181711000099313,191
20,200.0,0.05,BIQAE,174320,0.04999518376397122,4.81623602878456e-06,9.632472057569119e-05,1.0,0.2511460999958217,2861
20,200.0,0.05,CABIQAE_latentt,169560,0.0503983548188555,0.0003983548188554939,0.007967096377109878,0.0,0.6633690999879036,225
1,200.0,0.2,BAE,108700,0.19976155221710445,0.00023844778289555668,0.0011922389144777834,1.0,2.1660544000042137,195
1,200.0,0.2,BIQAE,389240,0.20000546523587104,5.4652358710272075e-06,2.7326179355136038e-05,1.0,0.4198208999878261,6357
1,200.0,0.2,CABIQAE_latentt,475560,0.20014747703540264,0.00014747703540263224,0.0007373851770131612,0.0,12.642768399993656,73
2,200.0,0.2,BAE,109820,0.20014927788473635,0.00014927788473634296,0.0007463894236817148,1.0,3.904376399994362,239
2,200.0,0.2,BIQAE,297880,0.20000153414094296,1.5341409429492359e-06,7.67070471474618e-06,1.0,0.36531530000502244,4979
2,200.0,0.2,CABIQAE_latentt,1233880,0.19985738931135943,0.00014261068864057647,0.0007130534432028823,0.0,19.372201599995606,127
3,200.0,0.2,BAE,106100,0.1998754220843422,0.00012457791565781418,0.0006228895782890709,1.0,2.582193999987794,215
3,200.0,0.2,BIQAE,288760,0.19999633450539134,3.665494608673381e-06,1.8327473043366904e-05,1.0,0.3724357000028249,3897
3,200.0,0.2,CABIQAE_latentt,752800,0.19993218929963652,6.78107003634909e-05,0.00033905350181745453,0.0,16.69096820001141,83
4,200.0,0.2,BAE,108860,0.20017936720166093,0.0001793672016609238,0.000896836008304619,1.0,4.778847699984908,171
4,200.0,0.2,BIQAE,247720,0.20001264145512151,1.264145512150372e-05,6.32072756075186e-05,1.0,0.5637017999833915,4341
4,200.0,0.2,CABIQAE_latentt,699800,0.19982675980652548,0.00017324019347453312,0.0008662009673726656,0.0,26.707910199998878,83
5,200.0,0.2,BAE,106260,0.19967645400843553,0.00032354599156447783,0.0016177299578223892,1.0,3.5926346000051126,283
5,200.0,0.2,BIQAE,532160,0.19999943660500602,5.6339499399094e-07,2.8169749699546998e-06,1.0,1.018800599995302,9187
5,200.0,0.2,CABIQAE_latentt,764480,0.20052122614024717,0.0005212261402471607,0.0026061307012358037,0.0,29.38374429999385,73
6,200.0,0.2,BAE,102500,0.19993623174865582,6.376825134418729e-05,0.00031884125672093644,1.0,3.075083999981871,259
6,200.0,0.2,BIQAE,521160,0.20000341882194617,3.4188219461550595e-06,1.7094109730775298e-05,1.0,0.8935098999936599,8763
6,200.0,0.2,CABIQAE_latentt,1027240,0.19992519933384256,7.480066615744851e-05,0.00037400333078724257,0.0,19.51232899999013,127
7,200.0,0.2,BAE,109300,0.2004114515738839,0.000411451573883892,0.00205725786941946,0.0,2.2942000000039116,195
7,200.0,0.2,BIQAE,547680,0.19999501717067092,4.982829329092109e-06,2.4914146645460544e-05,1.0,0.5976055999926757,9549
7,200.0,0.2,CABIQAE_latentt,933000,0.1997400905261305,0.0002599094738695018,0.001299547369347509,0.0,17.103315200016368,93
8,200.0,0.2,BAE,110860,0.19946455256034964,0.0005354474396503661,0.0026772371982518306,0.0,2.57498969999142,239
8,200.0,0.2,BIQAE,233760,0.20001207065859086,1.2070658590851435e-05,6.0353292954257176e-05,1.0,0.3001622000010684,3809
8,200.0,0.2,CABIQAE_latentt,920080,0.20006951755169045,6.95175516904345e-05,0.0003475877584521725,0.0,13.097873899998376,161
9,200.0,0.2,BAE,106060,0.20016763715121935,0.00016763715121934086,0.0008381857560967043,1.0,3.306650400016224,195
9,200.0,0.2,BIQAE,669240,0.20000347438184846,3.474381848445063e-06,1.7371909242225314e-05,1.0,0.7306528000044636,11625
9,200.0,0.2,CABIQAE_latentt,1025400,0.2000647706533698,6.477065336979448e-05,0.0003238532668489724,0.0,24.36572719999822,83
10,200.0,0.2,BAE,109380,0.20025663636452107,0.00025663636452105676,0.0012831818226052838,1.0,3.4586561000032816,181
10,200.0,0.2,BIQAE,425920,0.19999433493061494,5.665069385069055e-06,2.8325346925345274e-05,1.0,0.49837220000335947,7191
10,200.0,0.2,CABIQAE_latentt,682480,0.19949768684081393,0.0005023131591860852,0.002511565795930426,0.0,7.065728000015952,181
11,200.0,0.2,BAE,105980,0.19980354049564883,0.00019645950435118187,0.0009822975217559093,1.0,2.526342500001192,239
11,200.0,0.2,BIQAE,290560,0.19999534186845075,4.658131549262201e-06,2.3290657746311005e-05,1.0,0.3495346999843605,2109
11,200.0,0.2,CABIQAE_latentt,756000,0.20028026530776855,0.00028026530776853464,0.0014013265388426732,0.0,15.861360599985346,83
12,200.0,0.2,BAE,105060,0.20025234278739634,0.0002523427873963313,0.0012617139369816566,1.0,4.037452100019436,181
12,200.0,0.2,BIQAE,341800,0.20001348632364502,1.3486323645006681e-05,6.743161822503341e-05,1.0,0.4863896000024397,5541
12,200.0,0.2,CABIQAE_latentt,1074440,0.19960698587190845,0.0003930141280915622,0.001965070640457811,0.0,25.376049999991665,93
13,200.0,0.2,BAE,106820,0.1999063370403914,9.366295960860915e-05,0.00046831479804304577,1.0,3.807715000002645,239
13,200.0,0.2,BIQAE,576280,0.20000037083035793,3.708303579208483e-07,1.8541517896042414e-06,1.0,1.0895998000050895,9325
13,200.0,0.2,CABIQAE_latentt,666960,0.20015927710453274,0.00015927710453272903,0.0007963855226636452,0.0,23.615606500010472,83
14,200.0,0.2,BAE,107460,0.19976369004871763,0.0002363099512823763,0.0011815497564118815,1.0,2.5400390999857336,239
14,200.0,0.2,BIQAE,500440,0.19999300672445336,6.993275546651745e-06,3.4966377733258724e-05,1.0,0.5289502000086941,8305
14,200.0,0.2,CABIQAE_latentt,290440,0.19984182172780446,0.0001581782721955527,0.0007908913609777635,0.0,1.8157036999764387,245
15,200.0,0.2,BAE,105500,0.20017797170343493,0.00017797170343492041,0.0008898585171746021,1.0,1.7890193000202999,249
15,200.0,0.2,BIQAE,293120,0.19997375095494277,2.6249045057241682e-05,0.0001312452252862084,1.0,0.41328629999770783,5061
15,200.0,0.2,CABIQAE_latentt,218280,0.19960704915825145,0.00039295084174856276,0.001964754208742814,0.0,2.208671400003368,177
16,200.0,0.2,BAE,108220,0.20023427539180183,0.00023427539180181922,0.001171376959009096,1.0,2.6730729000119027,181
16,200.0,0.2,BIQAE,236880,0.19999847920270186,1.5207972981490236e-06,7.603986490745118e-06,1.0,0.32617089999257587,3993
16,200.0,0.2,CABIQAE_latentt,834480,0.2003140250231934,0.0003140250231933872,0.001570125115966936,0.0,19.93537490000017,73
17,200.0,0.2,BAE,103260,0.20019464851549162,0.00019464851549161333,0.0009732425774580666,1.0,2.424738600006094,283
17,200.0,0.2,BIQAE,345640,0.20000138398994727,1.3839899472567474e-06,6.919949736283737e-06,1.0,0.3800855000154115,6005
17,200.0,0.2,CABIQAE_latentt,759160,0.20009514518847113,9.514518847111852e-05,0.0004757259423555926,0.0,8.907861799991224,161
18,200.0,0.2,BAE,107140,0.20032519351947334,0.00032519351947332686,0.0016259675973666343,1.0,2.416852199996356,191
18,200.0,0.2,BIQAE,287840,0.19999786040668072,2.139593319294697e-06,1.0697966596473485e-05,1.0,0.3508987000095658,4751
18,200.0,0.2,CABIQAE_latentt,804480,0.19897980075949734,0.0010201992405026727,0.005100996202513364,0.0,13.24752360000275,103
19,200.0,0.2,BAE,107820,0.19991097017971649,8.902982028352602e-05,0.0004451491014176301,1.0,2.4579361000214703,239
19,200.0,0.2,BIQAE,334280,0.20001983986610147,1.9839866101462045e-05,9.919933050731022e-05,1.0,0.4057790000224486,5211
19,200.0,0.2,CABIQAE_latentt,1496800,0.20023451687503624,0.0002345168750362281,0.0011725843751811404,0.0,16.54591139999684,161
20,200.0,0.2,BAE,109180,0.1999140294801755,8.597051982450754e-05,0.0004298525991225377,1.0,3.1871097999974154,225
20,200.0,0.2,BIQAE,279840,0.20001879036148007,1.879036148005886e-05,9.39518074002943e-05,1.0,0.3427074000064749,4653
20,200.0,0.2,CABIQAE_latentt,766360,0.19967331490565224,0.0003266850943477728,0.001633425471738864,0.0,11.392771099985112,127
1,200.0,0.8,BAE,103780,0.8001733676849516,0.00017336768495157528,0.0002167096061894691,1.0,1.8873524999944493,239
1,200.0,0.8,BIQAE,372400,0.799993301876592,6.698123408033219e-06,8.372654260041523e-06,1.0,0.44584719999693334,5521
1,200.0,0.8,CABIQAE_latentt,1324840,0.8000303031300305,3.0303130030495673e-05,3.787891253811959e-05,1.0,20.180181899981108,127
2,200.0,0.8,BAE,105780,0.8001847499036705,0.00018474990367045585,0.0002309373795880698,1.0,3.222429399989778,239
2,200.0,0.8,BIQAE,242280,0.800023552060321,2.3552060321008206e-05,2.9440075401260257e-05,1.0,0.3126398000167683,4133
2,200.0,0.8,CABIQAE_latentt,787840,0.799513518774186,0.0004864812258140727,0.0006081015322675909,0.0,19.69599260002724,73
3,200.0,0.8,BAE,103140,0.79999550010091,4.499899090015802e-06,5.6248738625197525e-06,1.0,2.962481399998069,181
3,200.0,0.8,BIQAE,562040,0.7999965779731779,3.422026822130775e-06,4.2775335276634685e-06,1.0,0.6493249000050128,9579
3,200.0,0.8,CABIQAE_latentt,1001680,0.8006248444794479,0.0006248444794478836,0.0007810555993098545,0.0,10.44173839999712,181
4,200.0,0.8,BAE,108740,0.7996159558917078,0.00038404410829229185,0.0004800551353653648,1.0,2.1809080000093672,181
4,200.0,0.8,BIQAE,257120,0.7999882057043982,1.1794295601830207e-05,1.4742869502287759e-05,1.0,0.3292488000006415,4161
4,200.0,0.8,CABIQAE_latentt,935440,0.7999974479812173,2.552018782742138e-06,3.1900234784276726e-06,1.0,20.906974499986973,83
5,200.0,0.8,BAE,103860,0.7997087807806265,0.0002912192193735841,0.0003640240242169801,1.0,2.459079100022791,191
5,200.0,0.8,BIQAE,364040,0.7999868488583863,1.3151141613709783e-05,1.6438927017137228e-05,1.0,0.42563759998301975,6005
5,200.0,0.8,CABIQAE_latentt,367320,0.7997500731050626,0.0002499268949374134,0.0003124086186717667,0.0,10.862285200011684,73
6,200.0,0.8,BAE,103820,0.7996681016585238,0.00033189834147628883,0.00041487292684536103,1.0,2.9246673000161536,191
6,200.0,0.8,BIQAE,318120,0.7999932208764154,6.779123584599311e-06,8.47390448074914e-06,1.0,0.4043470000033267,5517
6,200.0,0.8,CABIQAE_latentt,1425600,0.7998965537182013,0.00010344628179870252,0.00012930785224837815,0.0,19.530207500007236,161
7,200.0,0.8,BAE,106020,0.799667475298201,0.0003325247017990085,0.00041565587724876063,1.0,2.7791476000274997,191
7,200.0,0.8,BIQAE,293520,0.799986667848395,1.3332151605038867e-05,1.6665189506298583e-05,1.0,0.35490969999227673,4985
7,200.0,0.8,CABIQAE_latentt,228520,0.7997502899368902,0.00024971006310980925,0.00031213757888726157,0.0,2.5095773999928497,147
8,200.0,0.8,BAE,102740,0.8003117412142654,0.0003117412142653597,0.00038967651783169965,1.0,2.724276299995836,239
8,200.0,0.8,BIQAE,332360,0.7999907292297428,9.270770257252536e-06,1.158846282156567e-05,1.0,0.39800029998878017,3335
8,200.0,0.8,CABIQAE_latentt,1055280,0.7999048652144649,9.513478553513366e-05,0.00011891848191891707,0.0,10.767366100015352,161
9,200.0,0.8,BAE,102900,0.7997146608272557,0.0002853391727443144,0.000356673965930393,1.0,2.6431891999964137,181
9,200.0,0.8,BIQAE,315160,0.8000137648857363,1.37648857362338e-05,1.720610717029225e-05,1.0,0.3773110000183806,5447
9,200.0,0.8,CABIQAE_latentt,928960,0.8000578281967012,5.782819670119288e-05,7.22852458764911e-05,0.0,21.680398800002877,83
10,200.0,0.8,BAE,109420,0.7999030206327622,9.697936723784828e-05,0.00012122420904731035,1.0,2.136700100003509,249
10,200.0,0.8,BIQAE,242320,0.7999824732849883,1.752671501176195e-05,2.190839376470244e-05,1.0,0.32292259999667294,4105
10,200.0,0.8,CABIQAE_latentt,256120,0.7999469186410209,5.3081358979190085e-05,6.63516987239876e-05,0.0,1.7804363000032026,245
11,200.0,0.8,BAE,108620,0.7996277917194485,0.00037220828055151145,0.0004652603506893893,1.0,4.1873205000010785,191
11,200.0,0.8,BIQAE,218160,0.8000100110265216,1.001102652153918e-05,1.2513783151923974e-05,1.0,0.30034479999449104,3675
11,200.0,0.8,CABIQAE_latentt,991880,0.8000306646057105,3.066460571043983e-05,3.833075713804979e-05,1.0,23.783294499997282,83
12,200.0,0.8,BAE,106340,0.7998500528932548,0.0001499471067452074,0.00018743388343150924,1.0,3.2112947999848984,191
12,200.0,0.8,BIQAE,387120,0.7999878477387372,1.2152261262832198e-05,1.5190326578540247e-05,1.0,0.5621096999966539,6611
12,200.0,0.8,CABIQAE_latentt,771280,0.7999097454946609,9.025450533917123e-05,0.00011281813167396404,0.0,10.932536400010576,127
13,200.0,0.8,BAE,106740,0.8002084897056037,0.00020848970560360947,0.00026061213200451183,1.0,2.216487199999392,239
13,200.0,0.8,BIQAE,239600,0.8000269559876689,2.6955987668886294e-05,3.369498458610787e-05,1.0,0.3142830000142567,4189
13,200.0,0.8,CABIQAE_latentt,913360,0.7997351671957196,0.0002648328042804682,0.0003310410053505852,0.0,24.37742899998557,73
14,200.0,0.8,BAE,106220,0.8001803053280672,0.00018030532806712074,0.00022538166008390093,1.0,2.9919933000055607,195
14,200.0,0.8,BIQAE,229520,0.7999848580281914,1.5141971808629862e-05,1.8927464760787327e-05,1.0,0.3923225000035018,3657
14,200.0,0.8,CABIQAE_latentt,274800,0.7990657010479392,0.0009342989520608747,0.0011678736900760933,0.0,2.211158299993258,265
15,200.0,0.8,BAE,104780,0.8001817725048672,0.00018177250486717256,0.0002272156310839657,1.0,2.489522899995791,259
15,200.0,0.8,BIQAE,362800,0.800002239133067,2.2391330669613296e-06,2.798916333701662e-06,1.0,0.5212759000132792,6093
15,200.0,0.8,CABIQAE_latentt,882680,0.7995098220374028,0.0004901779625972047,0.0006127224532465059,0.0,15.787771999981487,107
16,200.0,0.8,BAE,110660,0.8002335348763211,0.00023353487632105097,0.0002919185954013137,1.0,1.8713056000124197,293
16,200.0,0.8,BIQAE,588480,0.8000078736751794,7.87367517940396e-06,9.84209397425495e-06,1.0,0.619702199997846,9851
16,200.0,0.8,CABIQAE_latentt,166160,0.8002999776456312,0.00029997764563116647,0.0003749720570389581,0.0,2.310683899995638,123
17,200.0,0.8,BAE,108180,0.8003226835126429,0.0003226835126428629,0.0004033543908035786,1.0,2.3264117000217084,239
17,200.0,0.8,BIQAE,249240,0.7999888482370947,1.1151762905337037e-05,1.3939703631671296e-05,1.0,0.32361580000724643,4003
17,200.0,0.8,CABIQAE_latentt,258360,0.7996459249696803,0.00035407503031970045,0.00044259378789962556,0.0,1.2214688999811187,333
18,200.0,0.8,BAE,107460,0.8002277365046092,0.00022773650460916617,0.0002846706307614577,1.0,2.3793853000097442,249
18,200.0,0.8,BIQAE,290360,0.8000023369228302,2.3369228301373113e-06,2.921153537671639e-06,1.0,0.4045501000073273,4911
18,200.0,0.8,CABIQAE_latentt,1083840,0.7994366144730227,0.0005633855269773225,0.0007042319087216531,0.0,19.40787409999757,107
19,200.0,0.8,BAE,108100,0.7998125325447084,0.00018746745529163444,0.00023433431911454305,1.0,3.4568215000035707,205
19,200.0,0.8,BIQAE,531680,0.8000020264711551,2.0264711551032377e-06,2.533088943879047e-06,1.0,0.5615754000027664,9017
19,200.0,0.8,CABIQAE_latentt,603400,0.8001437374360517,0.00014373743605167189,0.00017967179506458986,0.0,10.99689720000606,83
20,200.0,0.8,BAE,105220,0.7999272560213035,7.274397869649896e-05,9.09299733706237e-05,1.0,2.893363600014709,215
20,200.0,0.8,BIQAE,519960,0.7999978728477011,2.127152298969648e-06,2.65894037371206e-06,1.0,0.6137139000056777,9173
20,200.0,0.8,CABIQAE_latentt,1152200,0.7999134713097618,8.652869023828558e-05,0.00010816086279785697,0.0,22.375315699988278,161
1,500.0,0.05,BAE,105340,0.050018129277415085,1.8129277415082634e-05,0.0003625855483016527,1.0,2.1786462000163738,491
1,500.0,0.05,BIQAE,135760,0.05001298451233309,1.2984512333086284e-05,0.0002596902466617257,1.0,0.36333260001265444,2357
1,500.0,0.05,CABIQAE_latentt,619640,0.050064195428455985,6.419542845598203e-05,0.0012839085691196406,0.0,3.8726561999937985,317
2,500.0,0.05,BAE,105700,0.0500501274883475,5.012748834749836e-05,0.0010025497669499672,1.0,2.751985999988392,463
2,500.0,0.05,BIQAE,177320,0.050005339322885284,5.33932288528105e-06,0.00010678645770562101,1.0,0.4314963000069838,3021
2,500.0,0.05,CABIQAE_latentt,686040,0.049944182967556684,5.581703244331854e-05,0.0011163406488663707,0.0,4.721992100006901,289
3,500.0,0.05,BAE,117580,0.05000179830489155,1.7983048915468092e-06,3.5966097830936183e-05,1.0,2.598516900005052,477
3,500.0,0.05,BIQAE,157240,0.049985571973061894,1.4428026938108351e-05,0.00028856053876216703,1.0,0.39925810002023354,2311
3,500.0,0.05,CABIQAE_latentt,277880,0.050175593536915156,0.0001755935369151529,0.003511870738303058,0.0,1.6549967000028118,311
4,500.0,0.05,BAE,112860,0.050053700490515454,5.370049051545145e-05,0.001074009810309029,1.0,2.3177223000093363,421
4,500.0,0.05,BIQAE,132480,0.05000211044803675,2.110448036746204e-06,4.2208960734924084e-05,1.0,0.35793070000363514,2093
4,500.0,0.05,CABIQAE_latentt,472360,0.04993411712485777,6.588287514223273e-05,0.0013176575028446547,0.0,2.371304100000998,365
5,500.0,0.05,BAE,107180,0.04994768015559336,5.231984440664389e-05,0.0010463968881328778,1.0,2.3725465000024997,561
5,500.0,0.05,BIQAE,117080,0.050009840572699645,9.840572699641725e-06,0.0001968114539928345,1.0,0.3100595999858342,1857
5,500.0,0.05,CABIQAE_latentt,313160,0.049977797682776465,2.220231722353805e-05,0.00044404634447076097,1.0,1.4592141000030097,351
6,500.0,0.05,BAE,116660,0.04987658233978705,0.00012341766021295442,0.0024683532042590883,1.0,2.6096327000122983,513
6,500.0,0.05,BIQAE,154080,0.05001533765130381,1.533765130380671e-05,0.0003067530260761342,1.0,0.36909320001723245,2573
6,500.0,0.05,CABIQAE_latentt,400120,0.05004669528586277,4.669528586277033e-05,0.0009339057172554066,1.0,2.1051902000035625,359
7,500.0,0.05,BAE,115540,0.050030676764523684,3.067676452368079e-05,0.0006135352904736158,1.0,2.1172769999830052,477
7,500.0,0.05,BIQAE,203080,0.05000610294213806,6.102942138055956e-06,0.00012205884276111911,1.0,0.4498756999964826,3299
7,500.0,0.05,CABIQAE_latentt,657680,0.05005402591629922,5.402591629921627e-05,0.0010805183259843254,0.0,3.821152799995616,317
8,500.0,0.05,BAE,107580,0.049944695827248045,5.530417275195765e-05,0.001106083455039153,1.0,2.6758995999989565,387
8,500.0,0.05,BIQAE,160040,0.05000102164747529,1.0216474752855476e-06,2.043294950571095e-05,1.0,0.3637493000132963,2517
8,500.0,0.05,CABIQAE_latentt,240480,0.04992313074811722,7.68692518827857e-05,0.001537385037655714,0.0,0.7675044999923557,541
9,500.0,0.05,BAE,109780,0.049899536471869683,0.00010046352813031928,0.0020092705626063856,1.0,2.5187745000002906,401
9,500.0,0.05,BIQAE,174040,0.04999316693664843,6.833063351571744e-06,0.00013666126703143489,1.0,0.40017599999555387,2825
9,500.0,0.05,CABIQAE_latentt,707040,0.04997279657558167,2.720342441833029e-05,0.0005440684883666058,1.0,4.6906950999982655,303
10,500.0,0.05,BAE,119540,0.0499603560163049,3.964398369510347e-05,0.0007928796739020694,1.0,2.5135147999972105,519
10,500.0,0.05,BIQAE,201560,0.04999280367465035,7.196325349650978e-06,0.00014392650699301957,1.0,0.37403659999836236,3535
10,500.0,0.05,CABIQAE_latentt,732920,0.050040381941049476,4.038194104947351e-05,0.0008076388209894703,1.0,2.738402799994219,331
11,500.0,0.05,BAE,121620,0.05001968660561115,1.9686605611149433e-05,0.00039373211222298865,1.0,1.3397347000136506,539
11,500.0,0.05,BIQAE,148760,0.05000525327775776,5.253277757757968e-06,0.00010506555515515936,1.0,0.22836790001019835,2469
11,500.0,0.05,CABIQAE_latentt,591680,0.0497364284861348,0.0002635715138652045,0.00527143027730409,0.0,2.042948399990564,337
12,500.0,0.05,BAE,114060,0.04999151416983319,8.485830166812813e-06,0.00016971660333625627,1.0,1.3800420000043232,575
12,500.0,0.05,BIQAE,180040,0.049998491612652046,1.5083873479565524e-06,3.0167746959131048e-05,1.0,0.26792529999511316,2785
12,500.0,0.05,CABIQAE_latentt,726480,0.049985549661615766,1.4450338384236483e-05,0.00028900676768472966,1.0,2.77377400000114,331
13,500.0,0.05,BAE,118700,0.05008281874868855,8.281874868854705e-05,0.001656374973770941,1.0,1.9833155999949668,609
13,500.0,0.05,BIQAE,127240,0.050019050736646156,1.905073664615342e-05,0.0003810147329230684,1.0,0.2229622000013478,2059
13,500.0,0.05,CABIQAE_latentt,625840,0.05009397133543367,9.39713354336652e-05,0.001879426708673304,0.0,2.3911381000070833,345
14,500.0,0.05,BAE,114420,0.04982125554395132,0.0001787444560486795,0.00357488912097359,0.0,1.2518216000171378,513
14,500.0,0.05,BIQAE,149800,0.04997437508676715,2.562491323285232e-05,0.0005124982646570464,1.0,0.23646730001200922,2645
14,500.0,0.05,CABIQAE_latentt,596920,0.049836378066738976,0.0001636219332610267,0.003272438665220534,0.0,1.9351501000055578,365
15,500.0,0.05,BAE,105300,0.050042236907304166,4.223690730416341e-05,0.0008447381460832681,1.0,1.357224400009727,539
15,500.0,0.05,BIQAE,219000,0.05001168843579319,1.1688435793189011e-05,0.00023376871586378023,1.0,0.29779680000501685,3743
15,500.0,0.05,CABIQAE_latentt,597520,0.049966883974961254,3.311602503874855e-05,0.0006623205007749711,1.0,2.5580375000135973,275
16,500.0,0.05,BAE,117140,0.04997577477694444,2.422522305556285e-05,0.000484504461111257,1.0,1.6287328999897,415
16,500.0,0.05,BIQAE,126720,0.050012003781270076,1.2003781270072955e-05,0.0002400756254014591,1.0,0.22921839999617077,2043
16,500.0,0.05,CABIQAE_latentt,46400,0.050863965373776375,0.0008639653737763722,0.017279307475527445,0.0,0.19871740002417937,251
17,500.0,0.05,BAE,121620,0.049985320275077405,1.4679724922597726e-05,0.0002935944984519545,1.0,1.9262189000146464,491
17,500.0,0.05,BIQAE,140400,0.05000491955891459,4.919558914587285e-06,9.83911782917457e-05,1.0,0.23398590000579134,2219
17,500.0,0.05,CABIQAE_latentt,289160,0.050044049339429714,4.40493394297109e-05,0.000880986788594218,1.0,1.0052023000025656,351
18,500.0,0.05,BAE,103540,0.15647340397883097,0.10647340397883097,2.129468079576619,0.0,1.771750299987616,393
18,500.0,0.05,BIQAE,190800,0.050012766988840204,1.2766988840201554e-05,0.0002553397768040311,1.0,0.2736146000097506,3303
18,500.0,0.05,CABIQAE_latentt,567680,0.05000688210476173,6.882104761726793e-06,0.00013764209523453586,1.0,2.069252699991921,331
19,500.0,0.05,BAE,112860,0.049963090470641874,3.690952935812841e-05,0.0007381905871625682,1.0,1.3941462999791838,401
19,500.0,0.05,BIQAE,119320,0.050006442061524645,6.442061524641884e-06,0.0001288412304928377,1.0,0.2679027000267524,2017
19,500.0,0.05,CABIQAE_latentt,700920,0.05002687364773087,2.6873647730865646e-05,0.0005374729546173129,1.0,2.927315400011139,345
20,500.0,0.05,BAE,121220,0.049975155174217106,2.4844825782896485e-05,0.0004968965156579297,1.0,1.6112446000042837,505
20,500.0,0.05,BIQAE,238760,0.05001006392662162,1.006392662161737e-05,0.0002012785324323474,1.0,0.3130386999982875,4251
20,500.0,0.05,CABIQAE_latentt,439200,0.050073044558519436,7.304455851943337e-05,0.0014608911703886673,0.0,2.2070820000080857,351
1,500.0,0.2,BAE,102620,0.20016344145027098,0.00016344145027097357,0.0008172072513548678,1.0,1.6458240000065416,503
1,500.0,0.2,BIQAE,518480,0.19998974376108336,1.0256238916650506e-05,5.128119458325253e-05,1.0,0.5811908000032417,8695
1,500.0,0.2,CABIQAE_latentt,660600,0.19967521999996585,0.00032478000003416385,0.0016239000001708193,0.0,4.468680499994662,313
2,500.0,0.2,BAE,102980,0.20010240364870824,0.00010240364870822694,0.0005120182435411347,1.0,1.713978899992071,395
2,500.0,0.2,BIQAE,596000,0.19999491798911245,5.082010887558219e-06,2.5410054437791096e-05,1.0,0.7049945000035223,10027
2,500.0,0.2,CABIQAE_latentt,683200,0.2003611466187013,0.0003611466187012913,0.0018057330935064564,0.0,4.01577329999418,385
3,500.0,0.2,BAE,106860,0.19998213850361535,1.78614963846635e-05,8.93074819233175e-05,1.0,2.373654600000009,371
3,500.0,0.2,BIQAE,505520,0.20001178357645782,1.178357645781336e-05,5.89178822890668e-05,1.0,0.5666215999808628,7299
3,500.0,0.2,CABIQAE_latentt,1282760,0.20007901139015885,7.901139015883962e-05,0.0003950569507941981,0.0,9.714770499995211,283
4,500.0,0.2,BAE,108620,0.1999848404207858,1.5159579214218954e-05,7.579789607109477e-05,1.0,1.688845399999991,381
4,500.0,0.2,BIQAE,348960,0.19999982056369597,1.7943630403749466e-07,8.971815201874733e-07,1.0,0.43143850000342354,5825
4,500.0,0.2,CABIQAE_latentt,935800,0.19984669955288265,0.000153300447117366,0.0007665022355868301,0.0,10.678397300012875,171
5,500.0,0.2,BAE,114420,0.19985215952177945,0.00014784047822055668,0.0007392023911027834,1.0,1.6082440000027418,493
5,500.0,0.2,BIQAE,317640,0.20000573212982037,5.732129820357201e-06,2.8660649101786007e-05,1.0,0.40158119998523034,5287
5,500.0,0.2,CABIQAE_latentt,1184320,0.1999057532594432,9.42467405568026e-05,0.000471233702784013,0.0,9.350750400015386,259
6,500.0,0.2,BAE,111380,0.19996063591411486,3.936408588514628e-05,0.0001968204294257314,1.0,1.4526349999941885,537
6,500.0,0.2,BIQAE,411480,0.20001162321793953,1.1623217939515929e-05,5.811608969757964e-05,1.0,0.4971513999917079,6293
6,500.0,0.2,CABIQAE_latentt,694520,0.1998850709510303,0.00011492904896970302,0.0005746452448485151,0.0,6.585972500004573,215
7,500.0,0.2,BAE,113380,0.20029531282613505,0.0002953128261350413,0.0014765641306752064,1.0,1.5451651000184938,513
7,500.0,0.2,BIQAE,287520,0.2000167626207014,1.676262070138268e-05,8.38131035069134e-05,1.0,0.35729789998731576,4927
7,500.0,0.2,CABIQAE_latentt,1163840,0.1998524133371448,0.00014758666285522026,0.0007379333142761013,0.0,12.824680699995952,215
8,500.0,0.2,BAE,109140,0.19978612467348428,0.00021387532651573338,0.0010693766325786669,1.0,1.4223308000073303,395
8,500.0,0.2,BIQAE,508760,0.20000025430541024,2.5430541022997133e-07,1.2715270511498566e-06,1.0,0.6657725000113714,8329
8,500.0,0.2,CABIQAE_latentt,978280,0.1997904102245331,0.00020958977546692292,0.0010479488773346146,0.0,9.342742200009525,215
9,500.0,0.2,BAE,115140,0.2000844097160979,8.440971609788295e-05,0.00042204858048941474,1.0,1.8651857000077143,513
9,500.0,0.2,BIQAE,551600,0.20001495626540286,1.4956265402849e-05,7.4781327014245e-05,1.0,0.5974016000109259,9175
9,500.0,0.2,CABIQAE_latentt,239640,0.19993008165663598,6.99183433640338e-05,0.000349591716820169,0.0,0.830036100000143,487
10,500.0,0.2,BAE,106140,0.20011494743024982,0.00011494743024981213,0.0005747371512490607,1.0,1.394014999998035,469
10,500.0,0.2,BIQAE,605360,0.20000228798865483,2.287988654814388e-06,1.143994327407194e-05,1.0,0.7012772999878507,10067
10,500.0,0.2,CABIQAE_latentt,949440,0.20000179951671415,1.79951671414047e-06,8.99758357070235e-06,1.0,10.08607329998631,205
11,500.0,0.2,BAE,108660,0.2001361453742505,0.0001361453742504959,0.0006807268712524794,1.0,1.41123840000364,513
11,500.0,0.2,BIQAE,408040,0.20000540499260083,5.404992600821501e-06,2.7024963004107505e-05,1.0,0.47233829999458976,7001
11,500.0,0.2,CABIQAE_latentt,860240,0.19992692011117155,7.307988882845895e-05,0.00036539944414229475,0.0,10.800432100018952,171
12,500.0,0.2,BAE,105460,0.19987071780288979,0.00012928219711022537,0.0006464109855511269,1.0,2.5758192999928724,473
12,500.0,0.2,BIQAE,246920,0.20002360920809603,2.3609208096020406e-05,0.00011804604048010203,1.0,0.381320099986624,4043
12,500.0,0.2,CABIQAE_latentt,762040,0.1997460916969504,0.0002539083030496103,0.0012695415152480516,0.0,4.499409200012451,357
13,500.0,0.2,BAE,113740,0.20015838493305285,0.00015838493305284085,0.0007919246652642042,1.0,1.6511799000145402,503
13,500.0,0.2,BIQAE,260480,0.19997906449671196,2.0935503288049828e-05,0.00010467751644024914,1.0,0.3370053000107873,4315
13,500.0,0.2,CABIQAE_latentt,965880,0.20010236047914406,0.00010236047914405355,0.0005118023957202678,0.0,9.844997299980605,205
14,500.0,0.2,BAE,114860,0.20010637199745102,0.00010637199745100467,0.0005318599872550234,1.0,2.641668300027959,381
14,500.0,0.2,BIQAE,478120,0.20000510679723313,5.106797233117577e-06,2.5533986165587885e-05,1.0,0.5527903999900445,7821
14,500.0,0.2,CABIQAE_latentt,1067000,0.20020547532377936,0.00020547532377934719,0.001027376618896736,0.0,11.099334600003203,195
15,500.0,0.2,BAE,108940,0.20003809217179008,3.809217179007174e-05,0.0001904608589503587,1.0,1.4824698999873362,513
15,500.0,0.2,BIQAE,352720,0.1999949370127476,5.062987252418827e-06,2.5314936262094134e-05,1.0,0.44985110001289286,5981
15,500.0,0.2,CABIQAE_latentt,792200,0.19970997523430406,0.0002900247656959509,0.0014501238284797546,0.0,5.203354400000535,473
16,500.0,0.2,BAE,110980,0.1999982385108234,1.7614891766049023e-06,8.807445883024512e-06,1.0,2.276319800002966,493
16,500.0,0.2,BIQAE,360760,0.20001114964382435,1.1149643824343025e-05,5.5748219121715126e-05,1.0,0.5166299999982584,5541
16,500.0,0.2,CABIQAE_latentt,1202920,0.19992089512092998,7.91048790700355e-05,0.00039552439535017747,0.0,10.366130300011719,249
17,500.0,0.2,BAE,110020,0.1998851040285699,0.00011489597143010677,0.0005744798571505338,1.0,2.294210699998075,527
17,500.0,0.2,BIQAE,207200,0.2000277045042688,2.7704504268782904e-05,0.00013852252134391452,1.0,0.3180921000021044,3565
17,500.0,0.2,CABIQAE_latentt,1184480,0.19984313868004444,0.00015686131995557018,0.0007843065997778509,0.0,10.243168599990895,259
18,500.0,0.2,BAE,113940,0.1997150213519801,0.0002849786480199068,0.001424893240099534,0.0,3.0439467999967746,381
18,500.0,0.2,BIQAE,495040,0.20000918235422294,9.182354222925238e-06,4.591177111462619e-05,1.0,1.036114099988481,8569
18,500.0,0.2,CABIQAE_latentt,763400,0.19995640580545315,4.3594194546858756e-05,0.00021797097273429378,1.0,11.278282100014621,215
19,500.0,0.2,BAE,121020,0.20011289098715462,0.00011289098715461243,0.0005644549357730622,1.0,2.603178899997147,513
19,500.0,0.2,BIQAE,223520,0.20001150397773904,1.1503977739024673e-05,5.751988869512337e-05,1.0,0.5099289999925531,3433
19,500.0,0.2,CABIQAE_latentt,981200,0.20013195281462326,0.00013195281462324848,0.0006597640731162424,0.0,17.541961999988416,195
20,500.0,0.2,BAE,110980,0.20022211634490475,0.00022211634490473808,0.0011105817245236904,1.0,3.7788897000136785,381
20,500.0,0.2,BIQAE,626560,0.2000109746438289,1.097464382887603e-05,5.487321914438015e-05,1.0,1.176733600004809,10595
20,500.0,0.2,CABIQAE_latentt,1111960,0.19991967558801482,8.032441198518869e-05,0.00040162205992594346,0.0,15.334958199993707,259
1,500.0,0.8,BAE,118900,0.8000316162383796,3.161623837955041e-05,3.952029797443801e-05,1.0,2.455076000012923,493
1,500.0,0.8,BIQAE,265120,0.7999769201816563,2.3079818343707537e-05,2.884977292963442e-05,1.0,0.5134940999851096,4131
1,500.0,0.8,CABIQAE_latentt,1222360,0.8001514856101086,0.00015148561010858153,0.0001893570126357269,0.0,12.056939400004921,303
2,500.0,0.8,BAE,116460,0.8000125173152364,1.251731523632671e-05,1.5646644045408387e-05,1.0,3.731740399991395,493
2,500.0,0.8,BIQAE,241880,0.8000044961967072,4.496196707171052e-06,5.620245883963815e-06,1.0,0.4792079000035301,4203
2,500.0,0.8,CABIQAE_latentt,836840,0.7995880981838914,0.0004119018161086174,0.0005148772701357718,0.0,6.290492000000086,533
3,500.0,0.8,BAE,108980,0.80006146816566,6.146816565999469e-05,7.683520707499336e-05,1.0,3.1919600999972317,371
3,500.0,0.8,BIQAE,421200,0.8000053576379624,5.3576379623887505e-06,6.697047452985938e-06,1.0,0.7496358999924269,7039
3,500.0,0.8,CABIQAE_latentt,500160,0.7999251979678546,7.480203214549341e-05,9.350254018186677e-05,0.0,4.866630200005602,239
4,500.0,0.8,BAE,115700,0.8000567095086832,5.67095086831948e-05,7.08868858539935e-05,1.0,1.796475899987854,381
4,500.0,0.8,BIQAE,305000,0.7999845462081179,1.5453791882169554e-05,1.9317239852711943e-05,1.0,0.42791609998675995,5073
4,500.0,0.8,CABIQAE_latentt,359760,0.7999279799969519,7.20200030481788e-05,9.002500381022349e-05,0.0,0.9630343000171706,585
5,500.0,0.8,BAE,111900,0.8003496239399301,0.0003496239399300993,0.00043702992491262416,0.0,1.991763100028038,605
5,500.0,0.8,BIQAE,299720,0.8000070029667912,7.002966791125331e-06,8.753708488906664e-06,1.0,0.3689950999978464,4961
5,500.0,0.8,CABIQAE_latentt,313320,0.8001294175395369,0.00012941753953688018,0.00016177192442110022,0.0,1.06217300001299,509
6,500.0,0.8,BAE,110740,0.799947158555071,5.284144492900822e-05,6.605180616126027e-05,1.0,1.836439100006828,395
6,500.0,0.8,BIQAE,236480,0.8000025547794838,2.5547794837432747e-06,3.1934743546790934e-06,1.0,0.3129789999802597,4013
6,500.0,0.8,CABIQAE_latentt,1377240,0.799908339645967,9.166035403307404e-05,0.00011457544254134255,0.0,7.184275200008415,371
7,500.0,0.8,BAE,110700,0.8003164679728498,0.00031646797284978767,0.0003955849660622346,0.0,1.388827900023898,473
7,500.0,0.8,BIQAE,325560,0.8000012813020212,1.2813020211499548e-06,1.6016275264374435e-06,1.0,0.41274129998055287,5243
7,500.0,0.8,CABIQAE_latentt,1174240,0.8001754104076051,0.00017541040760504778,0.00021926300950630973,0.0,10.125236699997913,259
8,500.0,0.8,BAE,115220,0.7998806250327756,0.0001193749672244726,0.00014921870903059076,1.0,1.8308628000086173,391
8,500.0,0.8,BIQAE,286960,0.8000027939741751,2.7939741750193647e-06,3.492467718774206e-06,1.0,0.39340030000312254,3451
8,500.0,0.8,CABIQAE_latentt,1764440,0.8364805505160964,0.03648055051609633,0.045600688145120416,0.0,8.05555620000814,425
9,500.0,0.8,BAE,120740,0.8002658752972194,0.00026587529721933123,0.00033234412152416404,1.0,1.613958299974911,561
9,500.0,0.8,BIQAE,225520,0.8000094883417044,9.488341704333436e-06,1.1860427130416795e-05,1.0,0.28828629999770783,3593
9,500.0,0.8,CABIQAE_latentt,1247320,0.8000203962437009,2.0396243700870897e-05,2.5495304626088622e-05,1.0,9.847345800022595,249
10,500.0,0.8,BAE,107620,0.8002420709255246,0.00024207092552452902,0.0003025886569056613,1.0,1.715274699992733,439
10,500.0,0.8,BIQAE,299480,0.8000122090437869,1.2209043786848284e-05,1.5261304733560355e-05,1.0,0.34575400000903755,5273
10,500.0,0.8,CABIQAE_latentt,1227040,0.7999930905036943,6.909496305773644e-06,8.636870382217054e-06,1.0,6.603722900006687,327
11,500.0,0.8,BAE,121300,0.800221967463427,0.00022196746342695306,0.0002774593292836913,1.0,1.5880978999775834,473
11,500.0,0.8,BIQAE,237240,0.7999917866388352,8.213361164854938e-06,1.0266701456068672e-05,1.0,0.3504270999983419,3813
11,500.0,0.8,CABIQAE_latentt,982560,0.8002480126319681,0.0002480126319680531,0.0003100157899600664,0.0,9.875902400002815,181
12,500.0,0.8,BAE,105900,0.7999452072225044,5.479277749564915e-05,6.849097186956143e-05,1.0,1.3878618000017013,391
12,500.0,0.8,BIQAE,228000,0.8000331102444733,3.311024447327782e-05,4.138780559159727e-05,1.0,0.2847297999833245,3783
12,500.0,0.8,CABIQAE_latentt,1909560,0.800221573120296,0.0002215731202959148,0.0002769664003698935,0.0,9.031464500003494,425
13,500.0,0.8,BAE,107580,0.799991382327611,8.617672389021891e-06,1.0772090486277364e-05,1.0,1.4211127000162378,483
13,500.0,0.8,BIQAE,612200,0.7999928517309032,7.148269096868276e-06,8.935336371085345e-06,1.0,0.6144083000253886,10549
13,500.0,0.8,CABIQAE_latentt,1501360,0.8001451099606784,0.00014510996067840232,0.0001813874508480029,0.0,9.057011400000192,337
14,500.0,0.8,BAE,104820,0.800214015940782,0.00021401594078196418,0.0002675199259774552,1.0,1.2702266999986023,517
14,500.0,0.8,BIQAE,577720,0.8000026149013817,2.6149013816478828e-06,3.2686267270598535e-06,1.0,0.5891670000273734,9549
14,500.0,0.8,CABIQAE_latentt,1003840,0.8001493940519526,0.00014939405195257827,0.00018674256494072283,0.0,11.254082700004801,171
15,500.0,0.8,BAE,103820,0.8001849997565704,0.00018499975657038092,0.00023124969571297616,1.0,1.5859773000120185,537
15,500.0,0.8,BIQAE,400520,0.8000117854306741,1.1785430674038366e-05,1.4731788342547958e-05,1.0,0.4510440000158269,6791
15,500.0,0.8,CABIQAE_latentt,677880,0.8000524706733025,5.2470673302495996e-05,6.558834162812e-05,0.0,3.304875699977856,327
16,500.0,0.8,BAE,108100,0.8000417977383503,4.179773835022438e-05,5.224717293778047e-05,1.0,2.49119190001511,381
16,500.0,0.8,BIQAE,583400,0.7999912112756397,8.788724360386801e-06,1.0985905450483502e-05,1.0,0.6178439999930561,9671
16,500.0,0.8,CABIQAE_latentt,1198040,0.8001493661150676,0.0001493661150675507,0.00018670764383443839,0.0,10.957938000006834,215
17,500.0,0.8,BAE,108780,0.7999893636038219,1.063639617815415e-05,1.3295495222692688e-05,1.0,1.2728505000122823,537
17,500.0,0.8,BIQAE,339120,0.8000104980319229,1.0498031922878681e-05,1.3122539903598351e-05,1.0,0.38464240002213046,5863
17,500.0,0.8,CABIQAE_latentt,1291320,0.7997337082049893,0.000266291795010698,0.0003328647437633725,0.0,9.181734299985692,317
18,500.0,0.8,BAE,110100,0.7999581844990191,4.1815500980924014e-05,5.226937622615502e-05,1.0,1.6549449999874923,527
18,500.0,0.8,BIQAE,324880,0.7999817783761423,1.8221623857783698e-05,2.2777029822229622e-05,1.0,0.38333079998847097,4805
18,500.0,0.8,CABIQAE_latentt,416600,0.8003822016133959,0.00038220161339586056,0.0004777520167448257,0.0,0.7670969999744557,809
19,500.0,0.8,BAE,103860,0.8000306864192843,3.0686419284275956e-05,3.8358024105344946e-05,1.0,1.3702273000089917,493
19,500.0,0.8,BIQAE,235960,0.7999717369423989,2.8263057601174424e-05,3.532882200146803e-05,1.0,0.3030870000075083,4033
19,500.0,0.8,CABIQAE_latentt,344760,0.8000183337329019,1.8333732901831823e-05,2.291716612728978e-05,1.0,1.1191009000176564,445
20,500.0,0.8,BAE,114020,0.8002243955270305,0.00022439552703046317,0.00028049440878807896,1.0,1.4046874000050593,551
20,500.0,0.8,BIQAE,365120,0.7999810935246365,1.8906475363511532e-05,2.3633094204389415e-05,1.0,0.3982341999944765,6265
20,500.0,0.8,CABIQAE_latentt,1145000,0.799836348700669,0.00016365129933104683,0.00020456412416380854,0.0,11.910708799987333,195
1,inf,0.05,BAE,134620,0.050078052094165576,7.805209416557324e-05,0.0015610418833114648,1.0,1.0053696999966633,1591
1,inf,0.05,BIQAE,158480,0.0500011590683591,1.1590683590967377e-06,2.3181367181934753e-05,1.0,0.24063549999846146,2789
1,inf,0.05,CABIQAE_latentt,200040,0.049995411183358915,4.5888166410879005e-06,9.177633282175801e-05,1.0,0.19312309997621924,3349
2,inf,0.05,BAE,138620,0.050050468366038346,5.0468366038343426e-05,0.0010093673207668685,1.0,1.2238352999847848,1555
2,inf,0.05,BIQAE,172360,0.05000898381872619,8.983818726188142e-06,0.00017967637452376284,1.0,0.29698309997911565,3047
2,inf,0.05,CABIQAE_latentt,272040,0.049985556121158334,1.4443878841668978e-05,0.00028887757683337956,1.0,0.25754930000402965,4401
3,inf,0.05,BAE,139420,0.04999774297673967,2.257023260329727e-06,4.514046520659454e-05,1.0,1.1402141000144184,1523
3,inf,0.05,BIQAE,204880,0.05000093476289564,9.347628956365983e-07,1.8695257912731966e-05,1.0,0.27090730000054464,2767
3,inf,0.05,CABIQAE_latentt,189600,0.049992257398386294,7.742601613708322e-06,0.00015485203227416644,1.0,0.1776462999987416,3201
4,inf,0.05,BAE,137420,0.050031115249847866,3.111524984786285e-05,0.0006223049969572569,1.0,1.3732549999840558,1507
4,inf,0.05,BIQAE,143600,0.04999219640143854,7.803598561464953e-06,0.00015607197122929906,1.0,0.22726099999272265,2373
4,inf,0.05,CABIQAE_latentt,155440,0.04999438785117151,5.6121488284932575e-06,0.00011224297656986515,1.0,0.15445809997618198,2645
5,inf,0.05,BAE,136900,0.04997589298550969,2.4107014490314105e-05,0.0004821402898062821,1.0,1.2277580999943893,1551
5,inf,0.05,BIQAE,188600,0.05000976678194452,9.766781944517411e-06,0.00019533563889034822,1.0,0.2581958999799099,3157
5,inf,0.05,CABIQAE_latentt,239480,0.050002947229970604,2.9472299706012617e-06,5.8944599412025234e-05,1.0,0.22614810001687147,4163
6,inf,0.05,BAE,138020,0.05002515481982166,2.515481982165446e-05,0.0005030963964330892,1.0,1.139952199999243,1599
6,inf,0.05,BIQAE,190120,0.049997623423642376,2.3765763576266696e-06,4.753152715253339e-05,1.0,0.2771020000218414,2977
6,inf,0.05,CABIQAE_latentt,340400,0.05000385535010711,3.855350107107025e-06,7.71070021421405e-05,1.0,0.32789539999794215,5825
7,inf,0.05,BAE,132140,0.04999212037979244,7.879620207561222e-06,0.00015759240415122444,1.0,0.899386399978539,1515
7,inf,0.05,BIQAE,275880,0.04999063144380132,9.368556198680045e-06,0.0001873711239736009,1.0,0.42023889999836683,4211
7,inf,0.05,CABIQAE_latentt,162920,0.05000034212893624,3.4212893623708496e-07,6.842578724741699e-06,1.0,0.15814730001147836,2741
8,inf,0.05,BAE,135060,0.050027216122136044,2.721612213604091e-05,0.0005443224427208182,1.0,1.200284799997462,1563
8,inf,0.05,BIQAE,167800,0.05002892337245206,2.892337245205545e-05,0.000578467449041109,1.0,0.24200540001038462,2803
8,inf,0.05,CABIQAE_latentt,123760,0.04999585440609538,4.145593904623934e-06,8.291187809247869e-05,1.0,0.12352190000819974,2045
9,inf,0.05,BAE,136740,0.04994583772688911,5.41622731108915e-05,0.00108324546221783,1.0,1.3331463999929838,1559
9,inf,0.05,BIQAE,162160,0.04996804464021551,3.195535978449404e-05,0.0006391071956898808,1.0,0.2489826999953948,2721
9,inf,0.05,CABIQAE_latentt,167800,0.050008170085151835,8.170085151831818e-06,0.00016340170303663637,1.0,0.16425580001669005,2691
10,inf,0.05,BAE,136820,0.04998687984799209,1.3120152007911612e-05,0.00026240304015823224,1.0,1.207121899991762,1577
10,inf,0.05,BIQAE,229800,0.04998354370537618,1.6456294623823364e-05,0.0003291258924764673,1.0,0.30495179997524247,4147
10,inf,0.05,CABIQAE_latentt,133800,0.04997859855960954,2.1401440390464432e-05,0.00042802880780928865,1.0,0.14064149998012,2261
11,inf,0.05,BAE,139260,0.049977445987134876,2.255401286512665e-05,0.000451080257302533,1.0,1.2088684999907855,1599
11,inf,0.05,BIQAE,200600,0.05001201551083847,1.2015510838465915e-05,0.0002403102167693183,1.0,0.26668310002423823,3423
11,inf,0.05,CABIQAE_latentt,117640,0.05000475329979703,4.753299797030652e-06,9.506599594061305e-05,1.0,0.12052659998880699,1987
12,inf,0.05,BAE,139900,0.05010581663688632,0.00010581663688631615,0.002116332737726323,1.0,1.2344134000013582,1549
12,inf,0.05,BIQAE,147360,0.04998334905606214,1.665094393786537e-05,0.0003330188787573074,1.0,0.2323100999929011,2373
12,inf,0.05,CABIQAE_latentt,198280,0.049999859821503935,1.4017849606778876e-07,2.803569921355775e-06,1.0,0.18717959997593425,3275
13,inf,0.05,BAE,103100,0.05000792224141503,7.922241415027342e-06,0.00015844482830054685,1.0,1.049027200002456,797
13,inf,0.05,BIQAE,169400,0.05002710630412767,2.710630412766646e-05,0.0005421260825533292,1.0,0.28941699999268167,2943
13,inf,0.05,CABIQAE_latentt,180360,0.049985696471584976,1.4303528415027245e-05,0.0002860705683005449,1.0,0.2427470000111498,3117
14,inf,0.05,BAE,151660,0.04998130752274736,1.8692477252640893e-05,0.00037384954505281787,1.0,1.2434718000004068,1543
14,inf,0.05,BIQAE,184360,0.04999883142552083,1.1685744791753438e-06,2.3371489583506877e-05,1.0,0.2820668999920599,3103
14,inf,0.05,CABIQAE_latentt,186440,0.049997341390397826,2.658609602176898e-06,5.317219204353796e-05,1.0,0.1845296999963466,3263
15,inf,0.05,BAE,136020,0.05001358592433739,1.3585924337387867e-05,0.00027171848674775734,1.0,1.2520197000121698,1579
15,inf,0.05,BIQAE,125600,0.050005861207089636,5.861207089633003e-06,0.00011722414179266005,1.0,0.21886359999189153,2003
15,inf,0.05,CABIQAE_latentt,222680,0.04999905622565724,9.437743427598289e-07,1.8875486855196577e-05,1.0,0.20699340000282973,3835
16,inf,0.05,BAE,139100,0.050001669009253624,1.6690092536214562e-06,3.3380185072429125e-05,1.0,1.27237530000275,1591
16,inf,0.05,BIQAE,128200,0.05001357820934196,1.3578209341960634e-05,0.0002715641868392127,1.0,0.21453979998477735,2219
16,inf,0.05,CABIQAE_latentt,68720,0.042729682974512656,0.007270317025487347,0.14540634050974693,0.0,0.08265799999935552,947
17,inf,0.05,BAE,139140,0.05006336705633531,6.336705633530615e-05,0.001267341126706123,1.0,1.0800050999969244,1597
17,inf,0.05,BIQAE,155240,0.05001831240457584,1.8312404575837604e-05,0.0003662480915167521,1.0,0.2425772999995388,2505
17,inf,0.05,CABIQAE_latentt,233200,0.04999192056659762,8.07943340238454e-06,0.0001615886680476908,1.0,0.2197472999978345,3981
18,inf,0.05,BAE,141340,0.04999465417128747,5.345828712532974e-06,0.00010691657425065948,1.0,1.2765594999946188,1579
18,inf,0.05,BIQAE,151800,0.04999298985053981,7.010149460195958e-06,0.00014020298920391916,1.0,0.23484319998533465,2589
18,inf,0.05,CABIQAE_latentt,151560,0.05001263665964546,1.263665964545968e-05,0.0002527331929091936,1.0,0.150783599994611,2497
19,inf,0.05,BAE,137220,0.04998570285531338,1.4297144686620245e-05,0.0002859428937324049,1.0,1.0061513000109699,1571
19,inf,0.05,BIQAE,149200,0.0499670917011458,3.290829885420343e-05,0.0006581659770840687,1.0,0.23195260000647977,2435
19,inf,0.05,CABIQAE_latentt,122320,0.05001876766607431,1.8767666074309686e-05,0.0003753533214861937,1.0,0.12159860000247136,2031
20,inf,0.05,BAE,141820,0.05001490365540466,1.4903655404657767e-05,0.00029807310809315535,1.0,1.1336358000116888,1583
20,inf,0.05,BIQAE,208000,0.049988090808216284,1.1909191783718298e-05,0.00023818383567436596,1.0,0.27960609999718145,3577
20,inf,0.05,CABIQAE_latentt,149280,0.05000395101125608,3.951011256074499e-06,7.902022512148998e-05,1.0,0.20286859999760054,2015
1,inf,0.2,BAE,137220,0.19988075221920926,0.00011924778079075438,0.0005962389039537719,1.0,1.1761459999834187,1581
1,inf,0.2,BIQAE,283840,0.20000028107363726,2.8107363725382584e-07,1.4053681862691292e-06,1.0,0.33134800000698306,4945
1,inf,0.2,CABIQAE_latentt,274520,0.20000701210662403,7.012106624015857e-06,3.5060533120079285e-05,1.0,0.2561742000107188,4477
2,inf,0.2,BAE,139500,0.19991535843408204,8.464156591797556e-05,0.0004232078295898778,1.0,1.2058156999992207,1527
2,inf,0.2,BIQAE,324600,0.19999497707072306,5.022929276954358e-06,2.5114646384771788e-05,1.0,0.36668240002472885,5473
2,inf,0.2,CABIQAE_latentt,230960,0.20000643981184962,6.439811849612287e-06,3.2199059248061435e-05,1.0,0.21318560000509024,3643
3,inf,0.2,BAE,137860,0.19998150172187518,1.84982781248344e-05,9.2491390624172e-05,1.0,1.1837419999937993,1537
3,inf,0.2,BIQAE,334960,0.1999973226987667,2.6773012333225488e-06,1.3386506166612744e-05,1.0,0.39408869997714646,4975
3,inf,0.2,CABIQAE_latentt,339480,0.20000490512431096,4.905124310949915e-06,2.4525621554749577e-05,1.0,0.30558669997844845,5795
4,inf,0.2,BAE,135740,0.19994624748199052,5.375251800948666e-05,0.0002687625900474333,1.0,0.9159019000071567,1567
4,inf,0.2,BIQAE,464920,0.1999953688640051,4.631135994914715e-06,2.3155679974573573e-05,1.0,0.577498700004071,8041
4,inf,0.2,CABIQAE_latentt,263600,0.1999868928639813,1.3107136018708498e-05,6.553568009354249e-05,1.0,0.2438927000039257,4643
5,inf,0.2,BAE,146860,0.20012584450667198,0.00012584450667196823,0.0006292225333598411,1.0,1.2362539999885485,1583
5,inf,0.2,BIQAE,287640,0.19999792849463052,2.0715053694886354e-06,1.0357526847443177e-05,1.0,0.3421682000043802,4149
5,inf,0.2,CABIQAE_latentt,279240,0.20000538028696432,5.380286964312697e-06,2.6901434821563486e-05,1.0,0.26098069999716245,4467
6,inf,0.2,BAE,148100,0.20003041107479197,3.041107479195837e-05,0.00015205537395979185,1.0,1.320882999978494,1563
6,inf,0.2,BIQAE,575760,0.19999829058231477,1.7094176852361365e-06,8.547088426180682e-06,1.0,0.5967584000027273,9389
6,inf,0.2,CABIQAE_latentt,224320,0.19996762385574873,3.2376144251278216e-05,0.00016188072125639108,1.0,0.21081630000844598,3667
7,inf,0.2,BAE,163900,0.2000356469705573,3.564697055730148e-05,0.00017823485278650741,1.0,1.194768599991221,1567
7,inf,0.2,BIQAE,276760,0.2000025660970325,2.5660970325025456e-06,1.2830485162512728e-05,1.0,0.3301707000064198,4589
7,inf,0.2,CABIQAE_latentt,598440,0.1999911768769423,8.823123057721816e-06,4.411561528860908e-05,1.0,0.5774018999945838,10359
8,inf,0.2,BAE,132140,0.19993357937848233,6.642062151768213e-05,0.00033210310758841066,1.0,1.3792612999968696,795
8,inf,0.2,BIQAE,263560,0.20000368497239285,3.684972392836716e-06,1.842486196418358e-05,1.0,0.32601969997631386,4501
8,inf,0.2,CABIQAE_latentt,288360,0.19998413475087579,1.5865249124225045e-05,7.932624562112522e-05,1.0,0.2615510000032373,4901
9,inf,0.2,BAE,137940,0.2000619045415254,6.19045415253816e-05,0.00030952270762690803,1.0,1.0637837999965996,1593
9,inf,0.2,BIQAE,263720,0.19999949230354483,5.076964551820051e-07,2.5384822759100256e-06,1.0,0.3174882000021171,4419
9,inf,0.2,CABIQAE_latentt,265280,0.19999664037535664,3.359624643373138e-06,1.679812321686569e-05,1.0,0.248618899990106,4427
10,inf,0.2,BAE,106580,0.19992482331051634,7.517668948367473e-05,0.00037588344741837365,1.0,0.961628799996106,785
10,inf,0.2,BIQAE,416480,0.2000018579021442,1.857902144186685e-06,9.289510720933425e-06,1.0,0.4682959000056144,7349
10,inf,0.2,CABIQAE_latentt,211720,0.19999756629833504,2.4337016649722543e-06,1.2168508324861271e-05,1.0,0.19972360000247136,3695
11,inf,0.2,BAE,137100,0.19994961237561573,5.038762438427935e-05,0.00025193812192139675,1.0,0.9532487999822479,1601
11,inf,0.2,BIQAE,360520,0.20000141719062453,1.4171906245197263e-06,7.085953122598632e-06,1.0,0.4701643000007607,6025
11,inf,0.2,CABIQAE_latentt,398680,0.19998594699027408,1.4053009725928378e-05,7.026504862964189e-05,1.0,0.35451500001363456,6351
12,inf,0.2,BAE,150900,0.19989520426801005,0.0001047957319899595,0.0005239786599497975,1.0,1.0569950000208337,1581
12,inf,0.2,BIQAE,206160,0.20000863587354328,8.635873543272332e-06,4.317936771636166e-05,1.0,0.2753171999938786,3477
12,inf,0.2,CABIQAE_latentt,278280,0.19999133550325754,8.66449674247205e-06,4.332248371236025e-05,1.0,0.25624259997857735,4531
13,inf,0.2,BAE,139500,0.19991738941961623,8.261058038377955e-05,0.00041305290191889776,1.0,1.151283000013791,1503
13,inf,0.2,BIQAE,572280,0.19999722478245613,2.7752175438822135e-06,1.3876087719411068e-05,1.0,0.5829688000085298,9339
13,inf,0.2,CABIQAE_latentt,584120,0.2000092153649693,9.215364969283879e-06,4.6076824846419395e-05,1.0,0.5661969999782741,9691
14,inf,0.2,BAE,110300,0.20003961303700674,3.9613037006724916e-05,0.00019806518503362458,1.0,1.095774999994319,791
14,inf,0.2,BIQAE,344000,0.16772964809089058,0.03227035190910943,0.16135175954554715,0.0,0.41169280000030994,5761
14,inf,0.2,CABIQAE_latentt,202440,0.1999940317858552,5.968214144808082e-06,2.9841070724040408e-05,1.0,0.1925185000000056,3471
15,inf,0.2,BAE,149860,0.20001075353374098,1.0753533740970322e-05,5.376766870485161e-05,1.0,1.5075462000095285,1585
15,inf,0.2,BIQAE,222240,0.200021419711991,2.1419711990988688e-05,0.00010709855995494344,1.0,0.2964595000084955,3467
15,inf,0.2,CABIQAE_latentt,348280,0.19998975212736014,1.0247872639868039e-05,5.123936319934019e-05,1.0,0.31758619999163784,5893
16,inf,0.2,BAE,139540,0.20001321746576176,1.321746576174454e-05,6.60873288087227e-05,1.0,1.1842623999982607,1591
16,inf,0.2,BIQAE,342680,0.199996567723491,3.4322765090077922e-06,1.716138254503896e-05,1.0,0.3878353000036441,5775
16,inf,0.2,CABIQAE_latentt,280560,0.1999846528367119,1.534716328810415e-05,7.673581644052074e-05,1.0,0.25977699999930337,2791
17,inf,0.2,BAE,138380,0.19999252184640295,7.478153597056947e-06,3.7390767985284734e-05,1.0,1.1186320999986492,1595
17,inf,0.2,BIQAE,293840,0.19999563962754224,4.36037245776788e-06,2.1801862288839402e-05,1.0,0.3522159999993164,2885
17,inf,0.2,CABIQAE_latentt,284840,0.19997350104170783,2.6498958292181518e-05,0.0001324947914609076,1.0,0.3138030999980401,4749
18,inf,0.2,BAE,142500,0.2000000488988492,4.889884919201393e-08,2.4449424596006963e-07,1.0,1.0911942000093404,1563
18,inf,0.2,BIQAE,301000,0.20001551695534903,1.5516955349015316e-05,7.758477674507658e-05,1.0,0.3619658999959938,5057
18,inf,0.2,CABIQAE_latentt,217960,0.1999813378445494,1.866215545059946e-05,9.33107772529973e-05,1.0,0.2052724999957718,3807
19,inf,0.2,BAE,139580,0.19995286135366208,4.7138646337929746e-05,0.00023569323168964873,1.0,1.1948794000199996,1563
19,inf,0.2,BIQAE,528640,0.2000008434376499,8.434376498889229e-07,4.2171882494446145e-06,1.0,0.5748045000073034,8627
19,inf,0.2,CABIQAE_latentt,298160,0.19999121127824748,8.788721752528428e-06,4.394360876264214e-05,1.0,0.2734547999862116,4955
20,inf,0.2,BAE,139020,0.2001234339122686,0.00012343391226860012,0.0006171695613430006,0.0,1.0770154000201728,1529
20,inf,0.2,BIQAE,222120,0.2000226808515011,2.2680851501089005e-05,0.00011340425750544503,1.0,0.2884855000011157,3721
20,inf,0.2,CABIQAE_latentt,366760,0.1999884396934204,1.1560306579616597e-05,5.7801532898082986e-05,1.0,0.32964939999510534,5135
1,inf,0.8,BAE,133500,0.8000207745947953,2.0774594795214263e-05,2.596824349401783e-05,1.0,1.005169099982595,1527
1,inf,0.8,BIQAE,371240,0.7999970717250771,2.928274922986418e-06,3.6603436537330225e-06,1.0,0.4518409999727737,6473
1,inf,0.8,CABIQAE_latentt,261040,0.8000017279336771,1.7279336770315012e-06,2.1599170962893766e-06,1.0,0.24009219999425113,4575
2,inf,0.8,BAE,142940,0.799951993172174,4.800682782601928e-05,6.00085347825241e-05,1.0,1.1589949999761302,1593
2,inf,0.8,BIQAE,227520,0.7999931511343035,6.848865696573725e-06,8.561082120717156e-06,1.0,0.29277770000044256,3945
2,inf,0.8,CABIQAE_latentt,258280,0.8000043879040895,4.387904089409034e-06,5.484880111761292e-06,1.0,0.2370504999998957,4515
3,inf,0.8,BAE,141540,0.8000431515142699,4.315151426981245e-05,5.3939392837265565e-05,1.0,1.3881985000043642,1581
3,inf,0.8,BIQAE,298040,0.8000028028201401,2.8028201400909225e-06,3.503525175113653e-06,1.0,0.35020820001955144,5165
3,inf,0.8,CABIQAE_latentt,334480,0.800017972694923,1.7972694922985255e-05,2.246586865373157e-05,1.0,0.30277619999833405,3325
4,inf,0.8,BAE,139980,0.7999701203832664,2.9879616733619052e-05,3.7349520917023815e-05,0.0,1.1965275999973528,1567
4,inf,0.8,BIQAE,383840,0.8000048316831744,4.831683174333357e-06,6.039603967916696e-06,1.0,0.4417959999991581,6507
4,inf,0.8,CABIQAE_latentt,474200,0.7999945497644946,5.4502355054664164e-06,6.8127943818330206e-06,1.0,0.46874860001844354,7959
5,inf,0.8,BAE,139780,0.7999502718130598,4.9728186940267705e-05,6.216023367533463e-05,1.0,1.0040077000157908,1601
5,inf,0.8,BIQAE,296280,0.7999917751470312,8.224852968807816e-06,1.028106621100977e-05,1.0,0.3451626999885775,4853
5,inf,0.8,CABIQAE_latentt,260320,0.8000070354728581,7.0354728580745984e-06,8.794341072593248e-06,1.0,0.23927479999838397,4071
6,inf,0.8,BAE,138980,0.8000289245758605,2.892457586045616e-05,3.61557198255702e-05,1.0,1.1854019000020344,1567
6,inf,0.8,BIQAE,602920,0.8000044784376947,4.478437694688253e-06,5.5980471183603164e-06,1.0,0.6367724000010639,10131
6,inf,0.8,CABIQAE_latentt,545120,0.7999983296280815,1.6703719185606758e-06,2.0879648982008447e-06,1.0,0.48444889998063445,9247
7,inf,0.8,BAE,151380,0.7999793052953914,2.0694704608636982e-05,2.5868380760796228e-05,1.0,1.0152966000023298,1577
7,inf,0.8,BIQAE,260000,0.8000012313553568,1.231355356789976e-06,1.53919419598747e-06,1.0,0.4042594999773428,4223
7,inf,0.8,CABIQAE_latentt,327440,0.7999901777126253,9.8222873747833e-06,1.2277859218479126e-05,1.0,0.29755990000558086,3331
8,inf,0.8,BAE,135540,0.7999798527311854,2.01472688146076e-05,2.51840860182595e-05,1.0,1.1635977999831084,1581
8,inf,0.8,BIQAE,244120,0.7999994936667305,5.063332695343092e-07,6.329165869178865e-07,1.0,0.3054740999941714,3969
8,inf,0.8,CABIQAE_latentt,257120,0.800005457275619,5.45727561895859e-06,6.821594523698238e-06,1.0,0.23462289999588393,4159
9,inf,0.8,BAE,138460,0.8000754302704026,7.543027040257666e-05,9.428783800322083e-05,1.0,1.269576099992264,1581
9,inf,0.8,BIQAE,413960,0.8000003361097981,3.361097981047223e-07,4.201372476309029e-07,1.0,0.44569150000461377,7357
9,inf,0.8,CABIQAE_latentt,275680,0.7999982136722863,1.7863277137486477e-06,2.2329096421858097e-06,1.0,0.2613614999863785,4633
10,inf,0.8,BAE,141020,0.7998957111221325,0.00010428887786750884,0.00013036109733438606,1.0,1.247520999982953,1573
10,inf,0.8,BIQAE,602000,0.8000005488506576,5.488506575890284e-07,6.860633219862855e-07,1.0,0.6229447999794502,10239
10,inf,0.8,CABIQAE_latentt,275320,0.800015170307628,1.5170307627987434e-05,1.8962884534984292e-05,1.0,0.3085002000152599,4369
11,inf,0.8,BAE,109900,0.8001078487860358,0.00010784878603575798,0.00013481098254469748,1.0,1.1067482000216842,801
11,inf,0.8,BIQAE,335520,0.8000174945637113,1.7494563711251132e-05,2.1868204639063915e-05,1.0,0.3932580999971833,5595
11,inf,0.8,CABIQAE_latentt,543880,0.8000137655921922,1.3765592192127585e-05,1.720699024015948e-05,1.0,0.47583120001945645,8855
12,inf,0.8,BAE,143540,0.8000299583354225,2.9958335422408666e-05,3.744791927801083e-05,1.0,1.2900072000047658,1597
12,inf,0.8,BIQAE,452600,0.8000134610915994,1.3461091599387132e-05,1.6826364499233915e-05,1.0,0.4965848999854643,7405
12,inf,0.8,CABIQAE_latentt,306280,0.8000167895871588,1.6789587158783092e-05,2.0986983948478866e-05,1.0,0.2769894000084605,5043
13,inf,0.8,BAE,139420,0.8000237645892156,2.3764589215602427e-05,2.9705736519503034e-05,1.0,1.242721899994649,1519
13,inf,0.8,BIQAE,244080,0.7999934970655511,6.502934448926467e-06,8.128668061158084e-06,1.0,0.316907500004163,3813
13,inf,0.8,CABIQAE_latentt,223160,0.8000183303298608,1.8330329860760664e-05,2.291291232595083e-05,1.0,0.2636843000072986,3813
14,inf,0.8,BAE,143300,0.7998882911203133,0.00011170887968670051,0.00013963609960837564,1.0,1.3173688000242691,1569
14,inf,0.8,BIQAE,251600,0.7999577781191043,4.222188089575418e-05,5.277735111969273e-05,0.0,0.3179447999864351,4409
14,inf,0.8,CABIQAE_latentt,250960,0.8000100967518013,1.0096751801302872e-05,1.262093975162859e-05,1.0,0.23320440002135,4229
15,inf,0.8,BAE,105780,0.800116264583935,0.00011626458393498851,0.00014533072991873563,1.0,1.1214995000045747,797
15,inf,0.8,BIQAE,419360,0.8000014179936501,1.417993650054683e-06,1.7724920625683538e-06,1.0,0.4572875000012573,7357
15,inf,0.8,CABIQAE_latentt,320360,0.8000006202668721,6.202668720867166e-07,7.753335901083958e-07,1.0,0.28756259998772293,5561
16,inf,0.8,BAE,134500,0.8000655427279652,6.554272796510663e-05,8.192840995638329e-05,1.0,1.1199095999763813,1523
16,inf,0.8,BIQAE,335840,0.8000075041829655,7.504182965467621e-06,9.380228706834526e-06,1.0,0.3803582000255119,5805
16,inf,0.8,CABIQAE_latentt,107840,0.8001642426557565,0.00016424265575643027,0.00020530331969553783,0.0,0.1161302000109572,1897
17,inf,0.8,BAE,144020,0.8000890812049797,8.908120497963523e-05,0.00011135150622454404,1.0,1.2445644999970682,1591
17,inf,0.8,BIQAE,242200,0.7999942257537098,5.774246290224383e-06,7.217807862780479e-06,1.0,0.31144119999953546,3881
17,inf,0.8,CABIQAE_latentt,323680,0.800002683698234,2.6836982339739635e-06,3.3546227924674543e-06,1.0,0.34815960002015345,5429
18,inf,0.8,BAE,105060,0.8000379136005131,3.7913600513084234e-05,4.739200064135529e-05,1.0,0.9547132999869063,771
18,inf,0.8,BIQAE,318480,0.800003320774693,3.3207746930052906e-06,4.150968366256613e-06,1.0,0.3919824000040535,5287
18,inf,0.8,CABIQAE_latentt,332480,0.8000104307730213,1.0430773021208317e-05,1.3038466276510396e-05,1.0,0.29978959998697974,5277
19,inf,0.8,BAE,137860,0.8000312686747466,3.126867474656514e-05,3.9085843433206424e-05,1.0,1.2390025000204332,1543
19,inf,0.8,BIQAE,557760,0.8000083105396328,8.310539632794267e-06,1.0388174540992834e-05,1.0,0.5929487000103109,9445
19,inf,0.8,CABIQAE_latentt,265120,0.8000155614999892,1.5561499989158456e-05,1.945187498644807e-05,1.0,0.24629569999524392,4529
20,inf,0.8,BAE,137060,0.8000013677682667,1.3677682666468627e-06,1.7097103333085784e-06,1.0,1.014670100004878,1581
20,inf,0.8,BIQAE,529880,0.8000084442626489,8.44426264889897e-06,1.0555328311123713e-05,1.0,0.5585821999993641,8979
20,inf,0.8,CABIQAE_latentt,311720,0.7999902134822319,9.786517768173297e-06,1.2233147210216622e-05,1.0,0.3410812999936752,5155
