rep,T_noise,a_true,budget,algorithm,estimate,abs_error,nrmse,common_budget_ceiling
1,5.0,0.05,200,BAE,0.07515736528347333,0.02515736528347333,0.5031473056694665,25540
1,5.0,0.05,200,BIQAE,0.1507830448883107,0.1007830448883107,2.015660897766214,25540
1,5.0,0.05,200,CABIQAE_latentt,0.04852264881365816,0.0014773511863418395,0.02954702372683679,25540
1,5.0,0.05,400,BAE,0.07515736528347333,0.02515736528347333,0.5031473056694665,25540
1,5.0,0.05,400,BIQAE,0.07350760604261865,0.023507606042618645,0.4701521208523729,25540
1,5.0,0.05,400,CABIQAE_latentt,0.05588423433248807,0.005884234332488067,0.11768468664976134,25540
1,5.0,0.05,800,BAE,0.08760069896372215,0.037600698963722146,0.7520139792744429,25540
1,5.0,0.05,800,BIQAE,0.05249659465704886,0.0024965946570488576,0.04993189314097715,25540
1,5.0,0.05,800,CABIQAE_latentt,0.05507174803761031,0.005071748037610305,0.1014349607522061,25540
1,5.0,0.05,1600,BAE,0.059658368469812414,0.009658368469812412,0.19316736939624823,25540
1,5.0,0.05,1600,BIQAE,0.05212075513195378,0.0021207551319537762,0.042415102639075525,25540
1,5.0,0.05,1600,CABIQAE_latentt,0.04762854658498783,0.002371453415012173,0.04742906830024346,25540
1,5.0,0.05,3200,BAE,0.050093216757051286,9.32167570512829e-05,0.0018643351410256581,25540
1,5.0,0.05,3200,BIQAE,0.05212075513195378,0.0021207551319537762,0.042415102639075525,25540
1,5.0,0.05,3200,CABIQAE_latentt,0.043598011220639186,0.006401988779360816,0.12803977558721633,25540
1,5.0,0.05,6400,BAE,0.04939438920366584,0.0006056107963341648,0.012112215926683295,25540
1,5.0,0.05,6400,BIQAE,0.04997460527059573,2.539472940427112e-05,0.0005078945880854224,25540
1,5.0,0.05,6400,CABIQAE_latentt,0.040610838560214274,0.009389161439785729,0.18778322879571457,25540
1,5.0,0.05,12800,BAE,0.051430142768528773,0.0014301427685287707,0.028602855370575414,25540
1,5.0,0.05,12800,BIQAE,0.05014532901167687,0.0001453290116768674,0.002906580233537348,25540
1,5.0,0.05,12800,CABIQAE_latentt,0.0395269693388941,0.0104730306611059,0.209460613222118,25540
2,5.0,0.05,200,BAE,0.07030627493237603,0.020306274932376023,0.40612549864752046,25500
2,5.0,0.05,200,BIQAE,0.05669890924410818,0.006698909244108174,0.13397818488216348,25500
2,5.0,0.05,200,CABIQAE_latentt,0.04480249846153169,0.005197501538468312,0.10395003076936624,25500
2,5.0,0.05,400,BAE,0.07030627493237603,0.020306274932376023,0.40612549864752046,25500
2,5.0,0.05,400,BIQAE,0.04892852573622362,0.0010714742637763855,0.02142948527552771,25500
2,5.0,0.05,400,CABIQAE_latentt,0.047055828988358625,0.0029441710116413777,0.058883420232827555,25500
2,5.0,0.05,800,BAE,0.0698441846112907,0.0198441846112907,0.396883692225814,25500
2,5.0,0.05,800,BIQAE,0.049817143523499724,0.0001828564765002788,0.003657129530005576,25500
2,5.0,0.05,800,CABIQAE_latentt,0.04820435412303542,0.0017956458769645828,0.035912917539291656,25500
2,5.0,0.05,1600,BAE,0.05894982681506132,0.008949826815061318,0.17899653630122636,25500
2,5.0,0.05,1600,BIQAE,0.049817143523499724,0.0001828564765002788,0.003657129530005576,25500
2,5.0,0.05,1600,CABIQAE_latentt,0.04553806982227497,0.004461930177725032,0.08923860355450064,25500
2,5.0,0.05,3200,BAE,0.05233932377298292,0.002339323772982918,0.04678647545965836,25500
2,5.0,0.05,3200,BIQAE,0.049108571161948944,0.0008914288380510588,0.017828576761021175,25500
2,5.0,0.05,3200,CABIQAE_latentt,0.04299234432779025,0.007007655672209755,0.1401531134441951,25500
2,5.0,0.05,6400,BAE,0.049848172066886194,0.00015182793311380866,0.003036558662276173,25500
2,5.0,0.05,6400,BIQAE,0.04924693884445795,0.0007530611555420508,0.015061223110841016,25500
2,5.0,0.05,6400,CABIQAE_latentt,0.03972055603789591,0.01027944396210409,0.2055888792420818,25500
2,5.0,0.05,12800,BAE,0.04911562762483232,0.000884372375167683,0.01768744750335366,25500
2,5.0,0.05,12800,BIQAE,0.04924693884445795,0.0007530611555420508,0.015061223110841016,25500
2,5.0,0.05,12800,CABIQAE_latentt,0.04099622318195567,0.009003776818044332,0.18007553636088663,25500
3,5.0,0.05,200,BAE,0.017636176875879806,0.0323638231241202,0.647276462482404,25500
3,5.0,0.05,200,BIQAE,0.046670286231113106,0.0033297137688868966,0.06659427537773793,25500
3,5.0,0.05,200,CABIQAE_latentt,0.11099442823510691,0.06099442823510691,1.219888564702138,25500
3,5.0,0.05,400,BAE,0.05929238720047539,0.009292387200475385,0.1858477440095077,25500
3,5.0,0.05,400,BIQAE,0.051871361213075756,0.0018713612130757534,0.03742722426151507,25500
3,5.0,0.05,400,CABIQAE_latentt,0.07492332426768138,0.024923324267681374,0.4984664853536275,25500
3,5.0,0.05,800,BAE,0.06705572566622109,0.017055725666221086,0.3411145133244217,25500
3,5.0,0.05,800,BIQAE,0.04765315569207189,0.0023468443079281143,0.046936886158562285,25500
3,5.0,0.05,800,CABIQAE_latentt,0.06633907778630246,0.01633907778630246,0.3267815557260492,25500
3,5.0,0.05,1600,BAE,0.05089494857499321,0.0008949485749932054,0.017898971499864108,25500
3,5.0,0.05,1600,BIQAE,0.04765315569207189,0.0023468443079281143,0.046936886158562285,25500
3,5.0,0.05,1600,CABIQAE_latentt,0.055189606671580196,0.005189606671580194,0.10379213343160387,25500
3,5.0,0.05,3200,BAE,0.05678932901514956,0.006789329015149559,0.13578658030299118,25500
3,5.0,0.05,3200,BIQAE,0.048675075479695545,0.0013249245203044574,0.026498490406089148,25500
3,5.0,0.05,3200,CABIQAE_latentt,0.05015555816765052,0.00015555816765051855,0.003111163353010371,25500
3,5.0,0.05,6400,BAE,0.05192401621255931,0.001924016212559304,0.03848032425118608,25500
3,5.0,0.05,6400,BIQAE,0.04937312710038876,0.0006268728996112402,0.012537457992224804,25500
3,5.0,0.05,6400,CABIQAE_latentt,0.048434073881843426,0.001565926118156577,0.03131852236313154,25500
3,5.0,0.05,12800,BAE,0.04794336948004851,0.0020566305199514953,0.041132610399029906,25500
3,5.0,0.05,12800,BIQAE,0.04937312710038876,0.0006268728996112402,0.012537457992224804,25500
3,5.0,0.05,12800,CABIQAE_latentt,0.04681394426904564,0.0031860557309543597,0.0637211146190872,25500
4,5.0,0.05,200,BAE,0.03170419953977579,0.018295800460224214,0.36591600920448425,25380
4,5.0,0.05,200,BIQAE,0.13523851707248372,0.08523851707248371,1.7047703414496742,25380
4,5.0,0.05,200,CABIQAE_latentt,0.04984823097211754,0.00015176902788246321,0.0030353805576492643,25380
4,5.0,0.05,400,BAE,0.0412634839739356,0.0087365160260644,0.174730320521288,25380
4,5.0,0.05,400,BIQAE,0.07989126689152917,0.02989126689152917,0.5978253378305833,25380
4,5.0,0.05,400,CABIQAE_latentt,0.051907121597087755,0.001907121597087752,0.03814243194175504,25380
4,5.0,0.05,800,BAE,0.0412634839739356,0.0087365160260644,0.174730320521288,25380
4,5.0,0.05,800,BIQAE,0.056637657251628976,0.006637657251628973,0.13275314503257946,25380
4,5.0,0.05,800,CABIQAE_latentt,0.043105221557365826,0.0068947784426341766,0.13789556885268353,25380
4,5.0,0.05,1600,BAE,0.04202686588389448,0.00797313411610552,0.15946268232211042,25380
4,5.0,0.05,1600,BIQAE,0.0531605176472721,0.0031605176472720986,0.06321035294544197,25380
4,5.0,0.05,1600,CABIQAE_latentt,0.03990814957850514,0.010091850421494866,0.20183700842989732,25380
4,5.0,0.05,3200,BAE,0.044624938261038666,0.005375061738961337,0.10750123477922674,25380
4,5.0,0.05,3200,BIQAE,0.0531605176472721,0.0031605176472720986,0.06321035294544197,25380
4,5.0,0.05,3200,CABIQAE_latentt,0.044260120283076534,0.005739879716923468,0.11479759433846937,25380
4,5.0,0.05,6400,BAE,0.04808526931401968,0.0019147306859803245,0.03829461371960649,25380
4,5.0,0.05,6400,BIQAE,0.05110055264526146,0.00110055264526146,0.0220110529052292,25380
4,5.0,0.05,6400,CABIQAE_latentt,0.04339298067857904,0.006607019321420965,0.1321403864284193,25380
4,5.0,0.05,12800,BAE,0.04405622873210388,0.005943771267896122,0.11887542535792245,25380
4,5.0,0.05,12800,BIQAE,0.05110055264526146,0.00110055264526146,0.0220110529052292,25380
4,5.0,0.05,12800,CABIQAE_latentt,0.04268901842653393,0.007310981573466074,0.1462196314693215,25380
1,5.0,0.2,200,BAE,0.2570857777243623,0.0570857777243623,0.2854288886218115,25220
1,5.0,0.2,200,BIQAE,0.28648944047747793,0.08648944047747792,0.4324472023873896,25220
1,5.0,0.2,200,CABIQAE_latentt,0.17110160800143379,0.028898391998566225,0.14449195999283113,25220
1,5.0,0.2,400,BAE,0.2365407645509511,0.036540764550951094,0.18270382275475547,25220
1,5.0,0.2,400,BIQAE,0.28648944047747793,0.08648944047747792,0.4324472023873896,25220
1,5.0,0.2,400,CABIQAE_latentt,0.19679969875146897,0.0032003012485310456,0.016001506242655228,25220
1,5.0,0.2,800,BAE,0.22256598368484465,0.022565983684844637,0.11282991842422319,25220
1,5.0,0.2,800,BIQAE,0.22499051091955308,0.024990510919553066,0.12495255459776533,25220
1,5.0,0.2,800,CABIQAE_latentt,0.19528925050759693,0.004710749492403077,0.023553747462015384,25220
1,5.0,0.2,1600,BAE,0.1996173804643757,0.0003826195356243234,0.001913097678121617,25220
1,5.0,0.2,1600,BIQAE,0.21297312884346553,0.01297312884346552,0.0648656442173276,25220
1,5.0,0.2,1600,CABIQAE_latentt,0.19379470428790624,0.006205295712093772,0.031026478560468862,25220
1,5.0,0.2,3200,BAE,0.2146547058573271,0.014654705857327088,0.07327352928663544,25220
1,5.0,0.2,3200,BIQAE,0.2060331785543415,0.0060331785543414895,0.030165892771707448,25220
1,5.0,0.2,3200,CABIQAE_latentt,0.19006484461571466,0.009935155384285355,0.04967577692142677,25220
1,5.0,0.2,6400,BAE,0.20498522777302158,0.004985227773021572,0.02492613886510786,25220
1,5.0,0.2,6400,BIQAE,0.2060331785543415,0.0060331785543414895,0.030165892771707448,25220
1,5.0,0.2,6400,CABIQAE_latentt,0.18591100838317648,0.014088991616823532,0.07044495808411766,25220
1,5.0,0.2,12800,BAE,0.19589621699747256,0.00410378300252745,0.02051891501263725,25220
1,5.0,0.2,12800,BIQAE,0.20463910563152637,0.0046391056315263635,0.023195528157631817,25220
1,5.0,0.2,12800,CABIQAE_latentt,0.1849608307141848,0.015039169285815224,0.07519584642907612,25220
2,5.0,0.2,200,BAE,0.21671699495150232,0.016716994951502306,0.08358497475751153,25300
2,5.0,0.2,200,BIQAE,0.2350947817208109,0.0350947817208109,0.1754739086040545,25300
2,5.0,0.2,200,CABIQAE_latentt,0.145284762567595,0.054715237432405,0.273576187162025,25300
2,5.0,0.2,400,BAE,0.2212087954047103,0.021208795404710296,0.10604397702355148,25300
2,5.0,0.2,400,BIQAE,0.1991828971590212,0.0008171028409788006,0.004085514204894003,25300
2,5.0,0.2,400,CABIQAE_latentt,0.16606527997870082,0.033934720021299186,0.16967360010649593,25300
2,5.0,0.2,800,BAE,0.21286258828103796,0.012862588281037951,0.06431294140518976,25300
2,5.0,0.2,800,BIQAE,0.1991828971590212,0.0008171028409788006,0.004085514204894003,25300
2,5.0,0.2,800,CABIQAE_latentt,0.19501102448919047,0.00498897551080954,0.0249448775540477,25300
2,5.0,0.2,1600,BAE,0.2120802699750034,0.012080269975003388,0.06040134987501694,25300
2,5.0,0.2,1600,BIQAE,0.1945526644162531,0.0054473355837469095,0.027236677918734548,25300
2,5.0,0.2,1600,CABIQAE_latentt,0.20259349980326335,0.002593499803263344,0.01296749901631672,25300
2,5.0,0.2,3200,BAE,0.20572213755374263,0.005722137553742623,0.028610687768713117,25300
2,5.0,0.2,3200,BIQAE,0.19764153422980507,0.0023584657701949396,0.011792328850974698,25300
2,5.0,0.2,3200,CABIQAE_latentt,0.21649671886307087,0.01649671886307086,0.08248359431535429,25300
2,5.0,0.2,6400,BAE,0.20662918469746305,0.006629184697463042,0.03314592348731521,25300
2,5.0,0.2,6400,BIQAE,0.19764153422980507,0.0023584657701949396,0.011792328850974698,25300
2,5.0,0.2,6400,CABIQAE_latentt,0.22347721778644825,0.023477217786448235,0.11738608893224117,25300
2,5.0,0.2,12800,BAE,0.205408666116187,0.005408666116186983,0.027043330580934916,25300
2,5.0,0.2,12800,BIQAE,0.19931461294354758,0.0006853870564524356,0.003426935282262178,25300
2,5.0,0.2,12800,CABIQAE_latentt,0.22815616558075305,0.02815616558075304,0.1407808279037652,25300
3,5.0,0.2,200,BAE,0.3468407990361527,0.1468407990361527,0.7342039951807635,25580
3,5.0,0.2,200,BIQAE,0.24766720725113295,0.04766720725113294,0.23833603625566468,25580
3,5.0,0.2,200,CABIQAE_latentt,0.2524494809780717,0.05244948097807167,0.26224740489035836,25580
3,5.0,0.2,400,BAE,0.3468407990361527,0.1468407990361527,0.7342039951807635,25580
3,5.0,0.2,400,BIQAE,0.21545873814288274,0.015458738142882733,0.07729369071441367,25580
3,5.0,0.2,400,CABIQAE_latentt,0.23183142668566487,0.031831426685664854,0.15915713342832427,25580
3,5.0,0.2,800,BAE,0.19903304546149242,0.0009669545385075917,0.004834772692537959,25580
3,5.0,0.2,800,BIQAE,0.21545873814288274,0.015458738142882733,0.07729369071441367,25580
3,5.0,0.2,800,CABIQAE_latentt,0.22626787719865776,0.026267877198657752,0.13133938599328876,25580
3,5.0,0.2,1600,BAE,0.19554308787316416,0.004456912126835855,0.022284560634179273,25580
3,5.0,0.2,1600,BIQAE,0.20238227153490573,0.002382271534905722,0.011911357674528611,25580
3,5.0,0.2,1600,CABIQAE_latentt,0.20935111989672328,0.00935111989672327,0.04675559948361635,25580
3,5.0,0.2,3200,BAE,0.2070655377770048,0.007065537777004777,0.035327688885023883,25580
3,5.0,0.2,3200,BIQAE,0.20066838480732724,0.0006683848073272269,0.0033419240366361347,25580
3,5.0,0.2,3200,CABIQAE_latentt,0.2089030172373327,0.008903017237332694,0.04451508618666347,25580
3,5.0,0.2,6400,BAE,0.20874868807630675,0.008748688076306743,0.043743440381533716,25580
3,5.0,0.2,6400,BIQAE,0.20066838480732724,0.0006683848073272269,0.0033419240366361347,25580
3,5.0,0.2,6400,CABIQAE_latentt,0.2011012630731408,0.0011012630731407902,0.005506315365703951,25580
3,5.0,0.2,12800,BAE,0.20406056463727346,0.004060564637273445,0.020302823186367225,25580
3,5.0,0.2,12800,BIQAE,0.19993934906342697,6.065093657303677e-05,0.00030325468286518387,25580
3,5.0,0.2,12800,CABIQAE_latentt,0.1967742519084128,0.0032257480915872105,0.016128740457936053,25580
4,5.0,0.2,200,BAE,0.1940407925678946,0.005959207432105401,0.029796037160527006,25460
4,5.0,0.2,200,BIQAE,0.28648944047747793,0.08648944047747792,0.4324472023873896,25460
4,5.0,0.2,200,CABIQAE_latentt,0.23117731179559636,0.031177311795596352,0.15588655897798176,25460
4,5.0,0.2,400,BAE,0.1788931775646882,0.02110682243531181,0.10553411217655906,25460
4,5.0,0.2,400,BIQAE,0.28648944047747793,0.08648944047747792,0.4324472023873896,25460
4,5.0,0.2,400,CABIQAE_latentt,0.20860624036917058,0.00860624036917057,0.04303120184585285,25460
4,5.0,0.2,800,BAE,0.1754098007070862,0.02459019929291381,0.12295099646456906,25460
4,5.0,0.2,800,BIQAE,0.22951872849629235,0.029518728496292335,0.14759364248146167,25460
4,5.0,0.2,800,CABIQAE_latentt,0.21087259111850581,0.010872591118505803,0.054362955592529016,25460
4,5.0,0.2,1600,BAE,0.17965030077342264,0.020349699226577367,0.10174849613288683,25460
4,5.0,0.2,1600,BIQAE,0.2172042707054396,0.01720427070543959,0.08602135352719795,25460
4,5.0,0.2,1600,CABIQAE_latentt,0.20030594309943256,0.0003059430994325485,0.0015297154971627425,25460
4,5.0,0.2,3200,BAE,0.19574574385976606,0.004254256140233947,0.021271280701169737,25460
4,5.0,0.2,3200,BIQAE,0.21035882572195808,0.010358825721958065,0.051794128609790324,25460
4,5.0,0.2,3200,CABIQAE_latentt,0.19273174761226694,0.007268252387733071,0.036341261938665353,25460
4,5.0,0.2,6400,BAE,0.1986174237466785,0.0013825762533214991,0.006912881266607496,25460
4,5.0,0.2,6400,BIQAE,0.21035882572195808,0.010358825721958065,0.051794128609790324,25460
4,5.0,0.2,6400,CABIQAE_latentt,0.18913926976525822,0.010860730234741794,0.05430365117370897,25460
4,5.0,0.2,12800,BAE,0.19585701774852943,0.004142982251470584,0.02071491125735292,25460
4,5.0,0.2,12800,BIQAE,0.21026384890632677,0.010263848906326756,0.05131924453163378,25460
4,5.0,0.2,12800,CABIQAE_latentt,0.19040161000264927,0.009598389997350742,0.04799194998675371,25460
1,5.0,0.8,200,BAE,0.804158101705195,0.004158101705194928,0.0051976271314936595,25580
1,5.0,0.8,200,BIQAE,0.7426271002802374,0.05737289971976267,0.07171612464970334,25580
1,5.0,0.8,200,CABIQAE_latentt,0.8123791935941036,0.012379193594103555,0.015473991992629443,25580
1,5.0,0.8,400,BAE,0.804158101705195,0.004158101705194928,0.0051976271314936595,25580
1,5.0,0.8,400,BIQAE,0.747903741846243,0.05209625815375707,0.06512032269219634,25580
1,5.0,0.8,400,CABIQAE_latentt,0.8160798230378143,0.0160798230378143,0.020099778797267875,25580
1,5.0,0.8,800,BAE,0.7816317155568904,0.018368284443109673,0.02296035555388709,25580
1,5.0,0.8,800,BIQAE,0.8060911757023506,0.006091175702350515,0.007613969627938144,25580
1,5.0,0.8,800,CABIQAE_latentt,0.8086465592401767,0.008646559240176654,0.010808199050220818,25580
1,5.0,0.8,1600,BAE,0.79100119113484,0.008998808865160024,0.01124851108145003,25580
1,5.0,0.8,1600,BIQAE,0.7977706471405688,0.002229352859431266,0.0027866910742890827,25580
1,5.0,0.8,1600,CABIQAE_latentt,0.8057462020776358,0.005746202077635765,0.007182752597044706,25580
1,5.0,0.8,3200,BAE,0.7863807613382916,0.013619238661708444,0.017024048327135555,25580
1,5.0,0.8,3200,BIQAE,0.7977706471405688,0.002229352859431266,0.0027866910742890827,25580
1,5.0,0.8,3200,CABIQAE_latentt,0.8036484725805304,0.0036484725805303597,0.00456059072566295,25580
1,5.0,0.8,6400,BAE,0.8047333078553659,0.004733307855365854,0.005916634819207317,25580
1,5.0,0.8,6400,BIQAE,0.7984374034218942,0.0015625965781058682,0.001953245722632335,25580
1,5.0,0.8,6400,CABIQAE_latentt,0.8048517974112503,0.004851797411250303,0.006064746764062878,25580
1,5.0,0.8,12800,BAE,0.7962698936106325,0.003730106389367549,0.004662632986709436,25580
1,5.0,0.8,12800,BIQAE,0.7998268367602612,0.0001731632397388161,0.0002164540496735201,25580
1,5.0,0.8,12800,CABIQAE_latentt,0.8062073134460237,0.0062073134460236545,0.007759141807529568,25580
2,5.0,0.8,200,BAE,0.8685112081564104,0.06851120815641032,0.0856390101955129,25540
2,5.0,0.8,200,BIQAE,0.7086578679481939,0.09134213205180619,0.11417766506475774,25540
2,5.0,0.8,200,CABIQAE_latentt,0.7778746380083755,0.022125361991624515,0.027656702489530643,25540
2,5.0,0.8,400,BAE,0.8343044761050604,0.03430447610506038,0.04288059513132547,25540
2,5.0,0.8,400,BIQAE,0.7086578679481939,0.09134213205180619,0.11417766506475774,25540
2,5.0,0.8,400,CABIQAE_latentt,0.7647750857088687,0.03522491429113139,0.04403114286391424,25540
2,5.0,0.8,800,BAE,0.7851153222462276,0.014884677753772446,0.018605847192215558,25540
2,5.0,0.8,800,BIQAE,0.7584703145815248,0.04152968541847524,0.05191210677309405,25540
2,5.0,0.8,800,CABIQAE_latentt,0.7628355853281319,0.03716441467186815,0.04645551833983519,25540
2,5.0,0.8,1600,BAE,0.8005838218997807,0.0005838218997806788,0.0007297773747258485,25540
2,5.0,0.8,1600,BIQAE,0.7647894299747393,0.035210570025260735,0.04401321253157592,25540
2,5.0,0.8,1600,CABIQAE_latentt,0.7819001056526612,0.01809989434733883,0.022624867934173537,25540
2,5.0,0.8,3200,BAE,0.7941788471577476,0.005821152842252486,0.007276441052815608,25540
2,5.0,0.8,3200,BIQAE,0.7647894299747393,0.035210570025260735,0.04401321253157592,25540
2,5.0,0.8,3200,CABIQAE_latentt,0.7896569614712183,0.010343038528781712,0.01292879816097714,25540
2,5.0,0.8,6400,BAE,0.7958726433485313,0.004127356651468794,0.005159195814335993,25540
2,5.0,0.8,6400,BIQAE,0.7640220817410679,0.03597791825893215,0.04497239782366519,25540
2,5.0,0.8,6400,CABIQAE_latentt,0.7942029205774268,0.005797079422573237,0.007246349278216546,25540
2,5.0,0.8,12800,BAE,0.8013922359550816,0.0013922359550815333,0.0017402949438519166,25540
2,5.0,0.8,12800,BIQAE,0.7640220817410679,0.03597791825893215,0.04497239782366519,25540
2,5.0,0.8,12800,CABIQAE_latentt,0.7977512007338796,0.002248799266120427,0.0028109990826505338,25540
3,5.0,0.8,200,BAE,0.7424825433774885,0.05751745662251151,0.07189682077813939,25580
3,5.0,0.8,200,BIQAE,0.7280687392800427,0.07193126071995737,0.08991407589994671,25580
3,5.0,0.8,200,CABIQAE_latentt,0.7698581078520318,0.030141892147968252,0.037677365184960315,25580
3,5.0,0.8,400,BAE,0.8302342710304488,0.030234271030448734,0.03779283878806092,25580
3,5.0,0.8,400,BIQAE,0.7235189397299401,0.07648106027005996,0.09560132533757495,25580
3,5.0,0.8,400,CABIQAE_latentt,0.775345028869143,0.024654971130857017,0.030818713913571272,25580
3,5.0,0.8,800,BAE,0.819504925471811,0.01950492547181093,0.024381156839763662,25580
3,5.0,0.8,800,BIQAE,0.770746869951082,0.029253130048918052,0.036566412561147565,25580
3,5.0,0.8,800,CABIQAE_latentt,0.7955354398717365,0.004464560128263573,0.005580700160329466,25580
3,5.0,0.8,1600,BAE,0.8064313678403793,0.006431367840379232,0.00803920980047404,25580
3,5.0,0.8,1600,BIQAE,0.7843050443484088,0.01569495565159129,0.019618694564489114,25580
3,5.0,0.8,1600,CABIQAE_latentt,0.8030010211064936,0.0030010211064935843,0.0037512763831169804,25580
3,5.0,0.8,3200,BAE,0.8027529857696734,0.0027529857696733107,0.0034412322120916383,25580
3,5.0,0.8,3200,BIQAE,0.7843050443484088,0.01569495565159129,0.019618694564489114,25580
3,5.0,0.8,3200,CABIQAE_latentt,0.8090938624364983,0.009093862436498235,0.011367328045622793,25580
3,5.0,0.8,6400,BAE,0.807122155689783,0.007122155689782916,0.008902694612228645,25580
3,5.0,0.8,6400,BIQAE,0.7906133367912537,0.00938666320874637,0.011733329010932964,25580
3,5.0,0.8,6400,CABIQAE_latentt,0.8066274408619318,0.006627440861931788,0.008284301077414735,25580
3,5.0,0.8,12800,BAE,0.796221954452025,0.0037780455479750064,0.004722556934968758,25580
3,5.0,0.8,12800,BIQAE,0.7894608380088517,0.01053916199114835,0.013173952488935436,25580
3,5.0,0.8,12800,CABIQAE_latentt,0.8029666265639741,0.002966626563974062,0.0037082832049675774,25580
4,5.0,0.8,200,BAE,0.7912021278780267,0.00879787212197336,0.0109973401524667,25420
4,5.0,0.8,200,BIQAE,0.6843946314176474,0.1156053685823526,0.14450671072794075,25420
4,5.0,0.8,200,CABIQAE_latentt,0.7373403697710808,0.0626596302289193,0.07832453778614912,25420
4,5.0,0.8,400,BAE,0.7912021278780267,0.00879787212197336,0.0109973401524667,25420
4,5.0,0.8,400,BIQAE,0.7097503462898754,0.09024965371012461,0.11281206713765576,25420
4,5.0,0.8,400,CABIQAE_latentt,0.7425189244309607,0.057481075569039364,0.0718513444612992,25420
4,5.0,0.8,800,BAE,0.8029739841368563,0.0029739841368562336,0.003717480171070292,25420
4,5.0,0.8,800,BIQAE,0.7676447803542396,0.03235521964576049,0.040444024557200614,25420
4,5.0,0.8,800,CABIQAE_latentt,0.7631292301571411,0.036870769842858975,0.04608846230357372,25420
4,5.0,0.8,1600,BAE,0.7938351894438229,0.006164810556177125,0.007706013195221406,25420
4,5.0,0.8,1600,BIQAE,0.7822854083940585,0.017714591605941576,0.02214323950742697,25420
4,5.0,0.8,1600,CABIQAE_latentt,0.7712318564318638,0.028768143568136284,0.035960179460170355,25420
4,5.0,0.8,3200,BAE,0.8035777542713174,0.003577754271317346,0.0044721928391466825,25420
4,5.0,0.8,3200,BIQAE,0.7904950731664808,0.009504926833519223,0.011881158541899028,25420
4,5.0,0.8,3200,CABIQAE_latentt,0.7836832853933279,0.016316714606672167,0.02039589325834021,25420
4,5.0,0.8,6400,BAE,0.8072372556982953,0.007237255698295253,0.009046569622869066,25420
4,5.0,0.8,6400,BIQAE,0.7904950731664808,0.009504926833519223,0.011881158541899028,25420
4,5.0,0.8,6400,CABIQAE_latentt,0.7893915055527496,0.010608494447250427,0.013260618059063034,25420
4,5.0,0.8,12800,BAE,0.8039578261133402,0.003957826113340168,0.00494728264167521,25420
4,5.0,0.8,12800,BIQAE,0.7895927074292398,0.01040729257076023,0.013009115713450287,25420
4,5.0,0.8,12800,CABIQAE_latentt,0.793077022470315,0.00692297752968507,0.008653721912106338,25420
1,200.0,0.05,200,BAE,0.0712220213887295,0.0212220213887295,0.42444042777459,22180
1,200.0,0.05,200,BIQAE,0.0439941333248519,0.006005866675148103,0.12011733350296205,22180
1,200.0,0.05,200,CABIQAE_latentt,0.052989879469654035,0.002989879469654032,0.059797589393080636,22180
1,200.0,0.05,400,BAE,0.0712220213887295,0.0212220213887295,0.42444042777459,22180
1,200.0,0.05,400,BIQAE,0.0472321191938144,0.0027678808061856047,0.055357616123712095,22180
1,200.0,0.05,400,CABIQAE_latentt,0.05028792470274572,0.0002879247027457177,0.005758494054914354,22180
1,200.0,0.05,800,BAE,0.04430885378253163,0.005691146217468371,0.11382292434936742,22180
1,200.0,0.05,800,BIQAE,0.04705242785361186,0.00294757214638814,0.058951442927762804,22180
1,200.0,0.05,800,CABIQAE_latentt,0.050222630642056856,0.00022263064205685357,0.004452612841137071,22180
1,200.0,0.05,1600,BAE,0.053489612922253085,0.0034896129222530825,0.06979225844506165,22180
1,200.0,0.05,1600,BIQAE,0.04705242785361186,0.00294757214638814,0.058951442927762804,22180
1,200.0,0.05,1600,CABIQAE_latentt,0.050222630642056856,0.00022263064205685357,0.004452612841137071,22180
1,200.0,0.05,3200,BAE,0.05079950319716706,0.0007995031971670605,0.01599006394334121,22180
1,200.0,0.05,3200,BIQAE,0.05009118577046957,9.118577046957066e-05,0.0018237154093914132,22180
1,200.0,0.05,3200,CABIQAE_latentt,0.05096593329297568,0.0009659332929756806,0.019318665859513612,22180
1,200.0,0.05,6400,BAE,0.05064295260871045,0.0006429526087104454,0.012859052174208907,22180
1,200.0,0.05,6400,BIQAE,0.05009118577046957,9.118577046957066e-05,0.0018237154093914132,22180
1,200.0,0.05,6400,CABIQAE_latentt,0.04941963465547254,0.0005803653445274615,0.01160730689054923,22180
1,200.0,0.05,12800,BAE,0.04939912253333596,0.0006008774666640404,0.012017549333280808,22180
1,200.0,0.05,12800,BIQAE,0.05013643552946559,0.00013643552946558668,0.0027287105893117336,22180
1,200.0,0.05,12800,CABIQAE_latentt,0.05023443498790159,0.00023443498790158557,0.004688699758031711,22180
2,200.0,0.05,200,BAE,0.020579185759090055,0.029420814240909948,0.588416284818199,23100
2,200.0,0.05,200,BIQAE,0.04942756463923171,0.0005724353607682933,0.011448707215365866,23100
2,200.0,0.05,200,CABIQAE_latentt,0.07382246894325313,0.023822468943253128,0.47644937886506256,23100
2,200.0,0.05,400,BAE,0.020579185759090055,0.029420814240909948,0.588416284818199,23100
2,200.0,0.05,400,BIQAE,0.04942756463923171,0.0005724353607682933,0.011448707215365866,23100
2,200.0,0.05,400,CABIQAE_latentt,0.07382246894325313,0.023822468943253128,0.47644937886506256,23100
2,200.0,0.05,800,BAE,0.023513074557674374,0.02648692544232563,0.5297385088465125,23100
2,200.0,0.05,800,BIQAE,0.04636316472364688,0.003636835276353126,0.07273670552706252,23100
2,200.0,0.05,800,CABIQAE_latentt,0.051344152299524506,0.0013441522995245037,0.026883045990490073,23100
2,200.0,0.05,1600,BAE,0.048123642278098684,0.0018763577219013186,0.03752715443802637,23100
2,200.0,0.05,1600,BIQAE,0.04636316472364688,0.003636835276353126,0.07273670552706252,23100
2,200.0,0.05,1600,CABIQAE_latentt,0.048444388690250376,0.0015556113097496271,0.031112226194992543,23100
2,200.0,0.05,3200,BAE,0.048123642278098684,0.0018763577219013186,0.03752715443802637,23100
2,200.0,0.05,3200,BIQAE,0.05031134498967853,0.00031134498967852475,0.006226899793570495,23100
2,200.0,0.05,3200,CABIQAE_latentt,0.050077607363508685,7.760736350868186e-05,0.0015521472701736372,23100
2,200.0,0.05,6400,BAE,0.050307705834039866,0.00030770583403986335,0.006154116680797267,23100
2,200.0,0.05,6400,BIQAE,0.049946298955808405,5.3701044191598046e-05,0.001074020883831961,23100
2,200.0,0.05,6400,CABIQAE_latentt,0.050368904388131734,0.0003689043881317314,0.0073780877626346275,23100
2,200.0,0.05,12800,BAE,0.049407969138103684,0.0005920308618963185,0.01184061723792637,23100
2,200.0,0.05,12800,BIQAE,0.049946298955808405,5.3701044191598046e-05,0.001074020883831961,23100
2,200.0,0.05,12800,CABIQAE_latentt,0.05032529415555637,0.00032529415555637015,0.006505883111127403,23100
3,200.0,0.05,200,BAE,0.021772410035948764,0.02822758996405124,0.5645517992810247,23180
3,200.0,0.05,200,BIQAE,0.04714175328066541,0.0028582467193345937,0.057164934386691874,23180
3,200.0,0.05,200,CABIQAE_latentt,0.048113586107844844,0.0018864138921551588,0.037728277843103175,23180
3,200.0,0.05,400,BAE,0.046831838436604274,0.0031681615633957286,0.06336323126791457,23180
3,200.0,0.05,400,BIQAE,0.04561041735040539,0.00438958264959461,0.0877916529918922,23180
3,200.0,0.05,400,CABIQAE_latentt,0.05176289499688641,0.0017628949968864077,0.035257899937728154,23180
3,200.0,0.05,800,BAE,0.046831838436604274,0.0031681615633957286,0.06336323126791457,23180
3,200.0,0.05,800,BIQAE,0.05111053069937921,0.0011105306993792058,0.022210613987584116,23180
3,200.0,0.05,800,CABIQAE_latentt,0.05537502035445427,0.005375020354454266,0.10750040708908531,23180
3,200.0,0.05,1600,BAE,0.05091811851949259,0.0009181185194925903,0.018362370389851806,23180
3,200.0,0.05,1600,BIQAE,0.05111053069937921,0.0011105306993792058,0.022210613987584116,23180
3,200.0,0.05,1600,CABIQAE_latentt,0.05537502035445427,0.005375020354454266,0.10750040708908531,23180
3,200.0,0.05,3200,BAE,0.05091811851949259,0.0009181185194925903,0.018362370389851806,23180
3,200.0,0.05,3200,BIQAE,0.05051985657370656,0.0005198565737065605,0.01039713147413121,23180
3,200.0,0.05,3200,CABIQAE_latentt,0.050430056087791456,0.00043005608779145277,0.008601121755829055,23180
3,200.0,0.05,6400,BAE,0.05136676555804179,0.0013667655580417853,0.027335311160835707,23180
3,200.0,0.05,6400,BIQAE,0.050192473289900605,0.00019247328990060208,0.0038494657980120417,23180
3,200.0,0.05,6400,CABIQAE_latentt,0.04999567078936265,4.329210637352143e-06,8.658421274704287e-05,23180
3,200.0,0.05,12800,BAE,0.05046926623116549,0.0004692662311654855,0.00938532462330971,23180
3,200.0,0.05,12800,BIQAE,0.050192473289900605,0.00019247328990060208,0.0038494657980120417,23180
3,200.0,0.05,12800,CABIQAE_latentt,0.050052107142649196,5.2107142649193694e-05,0.0010421428529838739,23180
4,200.0,0.05,200,BAE,0.08951549436063286,0.039515494360632855,0.790309887212657,23060
4,200.0,0.05,200,BIQAE,0.07469339817535736,0.02469339817535736,0.4938679635071472,23060
4,200.0,0.05,200,CABIQAE_latentt,0.041154094292866816,0.008845905707133186,0.17691811414266373,23060
4,200.0,0.05,400,BAE,0.08951549436063286,0.039515494360632855,0.790309887212657,23060
4,200.0,0.05,400,BIQAE,0.07469339817535736,0.02469339817535736,0.4938679635071472,23060
4,200.0,0.05,400,CABIQAE_latentt,0.044541083499508055,0.005458916500491948,0.10917833000983895,23060
4,200.0,0.05,800,BAE,0.08633554643681869,0.03633554643681869,0.7267109287363738,23060
4,200.0,0.05,800,BIQAE,0.057328636596441114,0.007328636596441111,0.14657273192882223,23060
4,200.0,0.05,800,CABIQAE_latentt,0.046023135581629196,0.003976864418370807,0.07953728836741614,23060
4,200.0,0.05,1600,BAE,0.04773757760000033,0.0022624223999996723,0.045248447999993446,23060
4,200.0,0.05,1600,BIQAE,0.057328636596441114,0.007328636596441111,0.14657273192882223,23060
4,200.0,0.05,1600,CABIQAE_latentt,0.046023135581629196,0.003976864418370807,0.07953728836741614,23060
4,200.0,0.05,3200,BAE,0.04773757760000033,0.0022624223999996723,0.045248447999993446,23060
4,200.0,0.05,3200,BIQAE,0.05136296317712645,0.0013629631771264472,0.027259263542528944,23060
4,200.0,0.05,3200,CABIQAE_latentt,0.05079423230252502,0.0007942323025250178,0.015884646050500356,23060
4,200.0,0.05,6400,BAE,0.04944588639104259,0.0005541136089574142,0.011082272179148284,23060
4,200.0,0.05,6400,BIQAE,0.050124740043467696,0.0001247400434676929,0.002494800869353858,23060
4,200.0,0.05,6400,CABIQAE_latentt,0.05054697844623053,0.0005469784462305283,0.010939568924610565,23060
4,200.0,0.05,12800,BAE,0.05026153404802043,0.0002615340480204287,0.0052306809604085736,23060
4,200.0,0.05,12800,BIQAE,0.050124740043467696,0.0001247400434676929,0.002494800869353858,23060
4,200.0,0.05,12800,CABIQAE_latentt,0.05000622308005316,6.223080053158192e-06,0.00012446160106316384,23060
1,200.0,0.2,200,BAE,0.23436014151336662,0.03436014151336661,0.17180070756683305,22020
1,200.0,0.2,200,BIQAE,0.20664740299554174,0.006647402995541729,0.033237014977708645,22020
1,200.0,0.2,200,CABIQAE_latentt,0.2107287851861475,0.010728785186147477,0.053643925930737385,22020
1,200.0,0.2,400,BAE,0.23436014151336662,0.03436014151336661,0.17180070756683305,22020
1,200.0,0.2,400,BIQAE,0.1953455067314192,0.004654493268580806,0.02327246634290403,22020
1,200.0,0.2,400,CABIQAE_latentt,0.1957522903462428,0.0042477096537572034,0.021238548268786017,22020
1,200.0,0.2,800,BAE,0.2008805822984578,0.0008805822984577771,0.004402911492288886,22020
1,200.0,0.2,800,BIQAE,0.19661175314712234,0.003388246852877669,0.016941234264388344,22020
1,200.0,0.2,800,CABIQAE_latentt,0.20193997264721597,0.0019399726472159595,0.009699863236079798,22020
1,200.0,0.2,1600,BAE,0.20166376772059472,0.0016637677205947055,0.008318838602973527,22020
1,200.0,0.2,1600,BIQAE,0.19510418355824738,0.004895816441752632,0.02447908220876316,22020
1,200.0,0.2,1600,CABIQAE_latentt,0.20531278733362468,0.005312787333624669,0.026563936668123345,22020
1,200.0,0.2,3200,BAE,0.20166376772059472,0.0016637677205947055,0.008318838602973527,22020
1,200.0,0.2,3200,BIQAE,0.19510418355824738,0.004895816441752632,0.02447908220876316,22020
1,200.0,0.2,3200,CABIQAE_latentt,0.19975685783484426,0.00024314216515575193,0.0012157108257787597,22020
1,200.0,0.2,6400,BAE,0.20021408729458687,0.0002140872945868566,0.001070436472934283,22020
1,200.0,0.2,6400,BIQAE,0.19927384504073714,0.0007261549592628702,0.003630774796314351,22020
1,200.0,0.2,6400,CABIQAE_latentt,0.19738801452986862,0.0026119854701313894,0.013059927350656947,22020
1,200.0,0.2,12800,BAE,0.20013766202745137,0.00013766202745135736,0.0006883101372567868,22020
1,200.0,0.2,12800,BIQAE,0.20024248987194665,0.0002424898719466384,0.001212449359733192,22020
1,200.0,0.2,12800,CABIQAE_latentt,0.19872387634977634,0.0012761236502236706,0.006380618251118353,22020
2,200.0,0.2,200,BAE,0.20362234515517308,0.003622345155173068,0.01811172577586534,24580
2,200.0,0.2,200,BIQAE,0.2225091851349916,0.02250918513499159,0.11254592567495794,24580
2,200.0,0.2,200,CABIQAE_latentt,0.15006691976267128,0.04993308023732873,0.24966540118664365,24580
2,200.0,0.2,400,BAE,0.19531338069981002,0.004686619300189987,0.023433096500949935,24580
2,200.0,0.2,400,BIQAE,0.19699724672782642,0.003002753272173586,0.01501376636086793,24580
2,200.0,0.2,400,CABIQAE_latentt,0.17497058032829516,0.025029419671704856,0.12514709835852428,24580
2,200.0,0.2,800,BAE,0.19531338069981002,0.004686619300189987,0.023433096500949935,24580
2,200.0,0.2,800,BIQAE,0.19936383730419957,0.0006361626958004407,0.0031808134790022036,24580
2,200.0,0.2,800,CABIQAE_latentt,0.17497058032829516,0.025029419671704856,0.12514709835852428,24580
2,200.0,0.2,1600,BAE,0.202093751709101,0.002093751709100977,0.010468758545504886,24580
2,200.0,0.2,1600,BIQAE,0.20007562176438984,7.562176438982715e-05,0.00037810882194913575,24580
2,200.0,0.2,1600,CABIQAE_latentt,0.1967497089179101,0.0032502910820899067,0.016251455410449533,24580
2,200.0,0.2,3200,BAE,0.202093751709101,0.002093751709100977,0.010468758545504886,24580
2,200.0,0.2,3200,BIQAE,0.20007562176438984,7.562176438982715e-05,0.00037810882194913575,24580
2,200.0,0.2,3200,CABIQAE_latentt,0.19960110942870063,0.00039889057129938177,0.001994452856496909,24580
2,200.0,0.2,6400,BAE,0.20116515411447414,0.0011651541144741262,0.005825770572370631,24580
2,200.0,0.2,6400,BIQAE,0.2005009893864435,0.0005009893864434956,0.0025049469322174778,24580
2,200.0,0.2,6400,CABIQAE_latentt,0.2009690476933289,0.000969047693328895,0.004845238466644475,24580
2,200.0,0.2,12800,BAE,0.20079634410845787,0.0007963441084578582,0.003981720542289291,24580
2,200.0,0.2,12800,BIQAE,0.19992440516365062,7.559483634939079e-05,0.00037797418174695396,24580
2,200.0,0.2,12800,CABIQAE_latentt,0.20092667133709857,0.0009266713370985613,0.0046333566854928065,24580
3,200.0,0.2,200,BAE,0.32076287249031804,0.12076287249031803,0.6038143624515901,24660
3,200.0,0.2,200,BIQAE,0.18943008381393978,0.010569916186060235,0.05284958093030118,24660
3,200.0,0.2,200,CABIQAE_latentt,0.21444675468515995,0.014446754685159935,0.07223377342579967,24660
3,200.0,0.2,400,BAE,0.32076287249031804,0.12076287249031803,0.6038143624515901,24660
3,200.0,0.2,400,BIQAE,0.20014629277080587,0.0001462927708058559,0.0007314638540292795,24660
3,200.0,0.2,400,CABIQAE_latentt,0.21379655767585037,0.013796557675850363,0.06898278837925181,24660
3,200.0,0.2,800,BAE,0.3011075269252549,0.10110752692525488,0.5055376346262743,24660
3,200.0,0.2,800,BIQAE,0.20014629277080587,0.0001462927708058559,0.0007314638540292795,24660
3,200.0,0.2,800,CABIQAE_latentt,0.21379655767585037,0.013796557675850363,0.06898278837925181,24660
3,200.0,0.2,1600,BAE,0.19674064619521314,0.0032593538047868686,0.016296769023934343,24660
3,200.0,0.2,1600,BIQAE,0.19595840043984053,0.004041599560159481,0.020207997800797406,24660
3,200.0,0.2,1600,CABIQAE_latentt,0.20071727347889215,0.0007172734788921387,0.0035863673944606933,24660
3,200.0,0.2,3200,BAE,0.19674064619521314,0.0032593538047868686,0.016296769023934343,24660
3,200.0,0.2,3200,BIQAE,0.1991326359984791,0.0008673640015209039,0.004336820007604519,24660
3,200.0,0.2,3200,CABIQAE_latentt,0.20030064852585217,0.00030064852585215407,0.0015032426292607703,24660
3,200.0,0.2,6400,BAE,0.20180242508545082,0.0018024250854508095,0.009012125427254047,24660
3,200.0,0.2,6400,BIQAE,0.1991326359984791,0.0008673640015209039,0.004336820007604519,24660
3,200.0,0.2,6400,CABIQAE_latentt,0.2006714037104011,0.0006714037104010862,0.0033570185520054308,24660
3,200.0,0.2,12800,BAE,0.20055922246619123,0.0005592224661912226,0.002796112330956113,24660
3,200.0,0.2,12800,BIQAE,0.19974396544851453,0.0002560345514854845,0.0012801727574274224,24660
3,200.0,0.2,12800,CABIQAE_latentt,0.20024146970676157,0.0002414697067615601,0.0012073485338078005,24660
4,200.0,0.2,200,BAE,0.26852155835907804,0.06852155835907803,0.34260779179539014,22860
4,200.0,0.2,200,BIQAE,0.19294298757258066,0.007057012427419351,0.03528506213709676,22860
4,200.0,0.2,200,CABIQAE_latentt,0.26568995979174953,0.06568995979174952,0.3284497989587476,22860
4,200.0,0.2,400,BAE,0.19630841779824137,0.0036915822017586364,0.018457911008793182,22860
4,200.0,0.2,400,BIQAE,0.2010316344998923,0.0010316344998922977,0.005158172499461489,22860
4,200.0,0.2,400,CABIQAE_latentt,0.2569839735466264,0.056983973546626376,0.2849198677331319,22860
4,200.0,0.2,800,BAE,0.19630841779824137,0.0036915822017586364,0.018457911008793182,22860
4,200.0,0.2,800,BIQAE,0.2010316344998923,0.0010316344998922977,0.005158172499461489,22860
4,200.0,0.2,800,CABIQAE_latentt,0.21287253112864735,0.012872531128647335,0.06436265564323668,22860
4,200.0,0.2,1600,BAE,0.19555960532140687,0.00444039467859314,0.0222019733929657,22860
4,200.0,0.2,1600,BIQAE,0.20326195822067342,0.0032619582206734055,0.016309791103367027,22860
4,200.0,0.2,1600,CABIQAE_latentt,0.20029039371248075,0.000290393712480741,0.0014519685624037049,22860
4,200.0,0.2,3200,BAE,0.19555960532140687,0.00444039467859314,0.0222019733929657,22860
4,200.0,0.2,3200,BIQAE,0.1996244080034631,0.000375591996536917,0.001877959982684585,22860
4,200.0,0.2,3200,CABIQAE_latentt,0.19918687847074373,0.0008131215292562777,0.004065607646281388,22860
4,200.0,0.2,6400,BAE,0.19837100799131047,0.0016289920086895449,0.008144960043447724,22860
4,200.0,0.2,6400,BIQAE,0.1996244080034631,0.000375591996536917,0.001877959982684585,22860
4,200.0,0.2,6400,CABIQAE_latentt,0.198327295412348,0.0016727045876520075,0.008363522938260037,22860
4,200.0,0.2,12800,BAE,0.19952828802846395,0.0004717119715360596,0.002358559857680298,22860
4,200.0,0.2,12800,BIQAE,0.20022752272691022,0.00022752272691020647,0.0011376136345510324,22860
4,200.0,0.2,12800,CABIQAE_latentt,0.19888805882302893,0.0011119411769710819,0.005559705884855409,22860
1,200.0,0.8,200,BAE,0.7441661767154353,0.055833823284564765,0.06979227910570596,23620
1,200.0,0.8,200,BIQAE,0.752862710870742,0.047137289129258075,0.058921611411572594,23620
1,200.0,0.8,200,CABIQAE_latentt,0.8125202965063709,0.012520296506370876,0.015650370632963595,23620
1,200.0,0.8,400,BAE,0.805335870716064,0.005335870716064006,0.006669838395080008,23620
1,200.0,0.8,400,BIQAE,0.7822084733006617,0.017791526699338367,0.02223940837417296,23620
1,200.0,0.8,400,CABIQAE_latentt,0.8058580316649977,0.005858031664997654,0.007322539581247067,23620
1,200.0,0.8,800,BAE,0.805335870716064,0.005335870716064006,0.006669838395080008,23620
1,200.0,0.8,800,BIQAE,0.7952084821060157,0.004791517893984354,0.005989397367480442,23620
1,200.0,0.8,800,CABIQAE_latentt,0.7946389107895109,0.005361089210489167,0.006701361513111459,23620
1,200.0,0.8,1600,BAE,0.7970582369012515,0.0029417630987484955,0.0036772038734356194,23620
1,200.0,0.8,1600,BIQAE,0.7952084821060157,0.004791517893984354,0.005989397367480442,23620
1,200.0,0.8,1600,CABIQAE_latentt,0.8003832083325138,0.000383208332513707,0.00047901041564213376,23620
1,200.0,0.8,3200,BAE,0.8011751555417547,0.0011751555417546244,0.0014689444271932806,23620
1,200.0,0.8,3200,BIQAE,0.7951013468076339,0.004898653192366154,0.006123316490457692,23620
1,200.0,0.8,3200,CABIQAE_latentt,0.8003832083325138,0.000383208332513707,0.00047901041564213376,23620
1,200.0,0.8,6400,BAE,0.7999677880429232,3.2211957076810904e-05,4.026494634601363e-05,23620
1,200.0,0.8,6400,BIQAE,0.7993740285810882,0.0006259714189118526,0.0007824642736398157,23620
1,200.0,0.8,6400,CABIQAE_latentt,0.7996633629918298,0.00033663700817021525,0.00042079626021276906,23620
1,200.0,0.8,12800,BAE,0.7999032349147894,9.6765085210615e-05,0.00012095635651326875,23620
1,200.0,0.8,12800,BIQAE,0.7993740285810882,0.0006259714189118526,0.0007824642736398157,23620
1,200.0,0.8,12800,CABIQAE_latentt,0.7999234596920728,7.654030792725308e-05,9.567538490906635e-05,23620
2,200.0,0.8,200,BAE,0.761129640182863,0.038870359817137046,0.04858794977142131,24180
2,200.0,0.8,200,BIQAE,0.7588839272278468,0.041116072772153234,0.05139509096519154,24180
2,200.0,0.8,200,CABIQAE_latentt,0.8019553197375624,0.0019553197375623554,0.0024441496719529443,24180
2,200.0,0.8,400,BAE,0.761129640182863,0.038870359817137046,0.04858794977142131,24180
2,200.0,0.8,400,BIQAE,0.7860680131639075,0.013931986836092536,0.01741498354511567,24180
2,200.0,0.8,400,CABIQAE_latentt,0.7945785695433976,0.005421430456602483,0.006776788070753104,24180
2,200.0,0.8,800,BAE,0.8211171875005098,0.021117187500509726,0.026396484375637158,24180
2,200.0,0.8,800,BIQAE,0.7860680131639075,0.013931986836092536,0.01741498354511567,24180
2,200.0,0.8,800,CABIQAE_latentt,0.7945785695433976,0.005421430456602483,0.006776788070753104,24180
2,200.0,0.8,1600,BAE,0.8211171875005098,0.021117187500509726,0.026396484375637158,24180
2,200.0,0.8,1600,BIQAE,0.7991518754506205,0.0008481245493795475,0.0010601556867244344,24180
2,200.0,0.8,1600,CABIQAE_latentt,0.7939502871206079,0.006049712879392155,0.007562141099240194,24180
2,200.0,0.8,3200,BAE,0.8015049404734398,0.001504940473439742,0.0018811755917996775,24180
2,200.0,0.8,3200,BIQAE,0.8008958895726905,0.0008958895726904892,0.0011198619658631115,24180
2,200.0,0.8,3200,CABIQAE_latentt,0.8015618085975328,0.0015618085975327434,0.0019522607469159292,24180
2,200.0,0.8,6400,BAE,0.8012118793617306,0.0012118793617305057,0.0015148492021631321,24180
2,200.0,0.8,6400,BIQAE,0.8008958895726905,0.0008958895726904892,0.0011198619658631115,24180
2,200.0,0.8,6400,CABIQAE_latentt,0.7998648790662897,0.00013512093371037537,0.0001689011671379692,24180
2,200.0,0.8,12800,BAE,0.8004407866916323,0.0004407866916322778,0.0005509833645403472,24180
2,200.0,0.8,12800,BIQAE,0.8011660154615305,0.0011660154615305007,0.001457519326913126,24180
2,200.0,0.8,12800,CABIQAE_latentt,0.7998984278001029,0.00010157219989714861,0.00012696524987143576,24180
3,200.0,0.8,200,BAE,0.7495441766623825,0.050455823337617556,0.06306977917202194,22700
3,200.0,0.8,200,BIQAE,0.7854215238924216,0.014578476107578453,0.018223095134473066,22700
3,200.0,0.8,200,CABIQAE_latentt,0.7641850238247834,0.03581497617521667,0.04476872021902084,22700
3,200.0,0.8,400,BAE,0.80663638438519,0.006636384385189986,0.008295480481487483,22700
3,200.0,0.8,400,BIQAE,0.7933074355963666,0.006692564403633416,0.00836570550454177,22700
3,200.0,0.8,400,CABIQAE_latentt,0.8087504908373672,0.00875049083736712,0.0109381135467089,22700
3,200.0,0.8,800,BAE,0.80663638438519,0.006636384385189986,0.008295480481487483,22700
3,200.0,0.8,800,BIQAE,0.7933074355963666,0.006692564403633416,0.00836570550454177,22700
3,200.0,0.8,800,CABIQAE_latentt,0.8040630201583339,0.004063020158333819,0.0050787751979172735,22700
3,200.0,0.8,1600,BAE,0.7930659783310371,0.006934021668962953,0.008667527086203691,22700
3,200.0,0.8,1600,BIQAE,0.8009276521690369,0.0009276521690368966,0.0011595652112961208,22700
3,200.0,0.8,1600,CABIQAE_latentt,0.8026884269071679,0.0026884269071678624,0.003360533633959828,22700
3,200.0,0.8,3200,BAE,0.7930659783310371,0.006934021668962953,0.008667527086203691,22700
3,200.0,0.8,3200,BIQAE,0.8017499864315296,0.001749986431529571,0.0021874830394119638,22700
3,200.0,0.8,3200,CABIQAE_latentt,0.8024045297232538,0.002404529723253779,0.0030056621540672235,22700
3,200.0,0.8,6400,BAE,0.7973660775944413,0.0026339224055587085,0.0032924030069483856,22700
3,200.0,0.8,6400,BIQAE,0.8017499864315296,0.001749986431529571,0.0021874830394119638,22700
3,200.0,0.8,6400,CABIQAE_latentt,0.7997625959176602,0.00023740408233985377,0.0002967551029248172,22700
3,200.0,0.8,12800,BAE,0.8009634958682426,0.0009634958682425143,0.001204369835303143,22700
3,200.0,0.8,12800,BIQAE,0.8002066687240801,0.0002066687240800391,0.0002583359051000489,22700
3,200.0,0.8,12800,CABIQAE_latentt,0.7992105483377193,0.0007894516622807268,0.0009868145778509085,22700
4,200.0,0.8,200,BAE,0.7807081564110152,0.019291843588984836,0.024114804486231045,20660
4,200.0,0.8,200,BIQAE,0.7588839272278468,0.041116072772153234,0.05139509096519154,20660
4,200.0,0.8,200,CABIQAE_latentt,0.7646316793166547,0.03536832068334539,0.044210400854181736,20660
4,200.0,0.8,400,BAE,0.7807081564110152,0.019291843588984836,0.024114804486231045,20660
4,200.0,0.8,400,BIQAE,0.8102883823214735,0.010288382321473444,0.012860477901841805,20660
4,200.0,0.8,400,CABIQAE_latentt,0.7972203966235765,0.0027796033764235784,0.003474504220529473,20660
4,200.0,0.8,800,BAE,0.8099784354145012,0.009978435414501163,0.012473044268126454,20660
4,200.0,0.8,800,BIQAE,0.8027896428841652,0.0027896428841651666,0.0034870536052064582,20660
4,200.0,0.8,800,CABIQAE_latentt,0.7972203966235765,0.0027796033764235784,0.003474504220529473,20660
4,200.0,0.8,1600,BAE,0.7975045853843661,0.002495414615633962,0.0031192682695424523,20660
4,200.0,0.8,1600,BIQAE,0.8011987384972878,0.001198738497287799,0.0014984231216097488,20660
4,200.0,0.8,1600,CABIQAE_latentt,0.798069893549382,0.0019301064506180854,0.0024126330632726067,20660
4,200.0,0.8,3200,BAE,0.7975045853843661,0.002495414615633962,0.0031192682695424523,20660
4,200.0,0.8,3200,BIQAE,0.8011987384972878,0.001198738497287799,0.0014984231216097488,20660
4,200.0,0.8,3200,CABIQAE_latentt,0.7994613739587504,0.0005386260412496569,0.0006732825515620711,20660
4,200.0,0.8,6400,BAE,0.8013153622785015,0.0013153622785014862,0.0016442028481268578,20660
4,200.0,0.8,6400,BIQAE,0.8009728950275905,0.0009728950275904591,0.0012161187844880739,20660
4,200.0,0.8,6400,CABIQAE_latentt,0.8006255599262506,0.000625559926250574,0.0007819499078132175,20660
4,200.0,0.8,12800,BAE,0.801857081055799,0.0018570810557989592,0.002321351319748699,20660
4,200.0,0.8,12800,BIQAE,0.8002380728263984,0.00023807282639831673,0.0002975910329978959,20660
4,200.0,0.8,12800,CABIQAE_latentt,0.8002104440347,0.00021044403469994144,0.0002630550433749268,20660
1,inf,0.05,200,BAE,0.05628563476165231,0.006285634761652309,0.12571269523304618,20260
1,inf,0.05,200,BIQAE,0.05209986348288254,0.00209986348288254,0.0419972696576508,20260
1,inf,0.05,200,CABIQAE_latentt,0.0394797324699028,0.010520267530097202,0.21040535060194404,20260
1,inf,0.05,400,BAE,0.05628563476165231,0.006285634761652309,0.12571269523304618,20260
1,inf,0.05,400,BIQAE,0.05844128777577583,0.008441287775775824,0.16882575551551648,20260
1,inf,0.05,400,CABIQAE_latentt,0.046347911380657095,0.003652088619342908,0.07304177238685816,20260
1,inf,0.05,800,BAE,0.0416729710214417,0.008327028978558304,0.16654057957116608,20260
1,inf,0.05,800,BIQAE,0.05434825073368818,0.004348250733688178,0.08696501467376355,20260
1,inf,0.05,800,CABIQAE_latentt,0.04253308828131838,0.007466911718681621,0.14933823437363242,20260
1,inf,0.05,1600,BAE,0.04909615113308795,0.0009038488669120548,0.018076977338241096,20260
1,inf,0.05,1600,BIQAE,0.04911501652374058,0.0008849834762594197,0.017699669525188394,20260
1,inf,0.05,1600,CABIQAE_latentt,0.04253308828131838,0.007466911718681621,0.14933823437363242,20260
1,inf,0.05,3200,BAE,0.04909615113308795,0.0009038488669120548,0.018076977338241096,20260
1,inf,0.05,3200,BIQAE,0.04911501652374058,0.0008849834762594197,0.017699669525188394,20260
1,inf,0.05,3200,CABIQAE_latentt,0.04696906490931303,0.0030309350906869703,0.060618701813739406,20260
1,inf,0.05,6400,BAE,0.04998394084661235,1.6059153387655567e-05,0.00032118306775311134,20260
1,inf,0.05,6400,BIQAE,0.0494015135766792,0.0005984864233208043,0.011969728466416085,20260
1,inf,0.05,6400,CABIQAE_latentt,0.04933569968216571,0.0006643003178342932,0.013286006356685864,20260
1,inf,0.05,12800,BAE,0.049792172853903915,0.00020782714609608732,0.0041565429219217465,20260
1,inf,0.05,12800,BIQAE,0.0494015135766792,0.0005984864233208043,0.011969728466416085,20260
1,inf,0.05,12800,CABIQAE_latentt,0.04933569968216571,0.0006643003178342932,0.013286006356685864,20260
2,inf,0.05,200,BAE,0.04175470898084669,0.008245291019153313,0.16490582038306625,19220
2,inf,0.05,200,BIQAE,0.07060241674377353,0.020602416743773527,0.41204833487547055,19220
2,inf,0.05,200,CABIQAE_latentt,0.0632796494527835,0.013279649452783496,0.2655929890556699,19220
2,inf,0.05,400,BAE,0.04175470898084669,0.008245291019153313,0.16490582038306625,19220
2,inf,0.05,400,BIQAE,0.07060241674377353,0.020602416743773527,0.41204833487547055,19220
2,inf,0.05,400,CABIQAE_latentt,0.06300808984218775,0.01300808984218775,0.260161796843755,19220
2,inf,0.05,800,BAE,0.05447413021324714,0.004474130213247135,0.0894826042649427,19220
2,inf,0.05,800,BIQAE,0.05910157146941154,0.00910157146941154,0.1820314293882308,19220
2,inf,0.05,800,CABIQAE_latentt,0.055426311074668555,0.005426311074668552,0.10852622149337104,19220
2,inf,0.05,1600,BAE,0.045554598920569456,0.004445401079430547,0.08890802158861094,19220
2,inf,0.05,1600,BIQAE,0.05910157146941154,0.00910157146941154,0.1820314293882308,19220
2,inf,0.05,1600,CABIQAE_latentt,0.051748510690673474,0.0017485106906734715,0.03497021381346943,19220
2,inf,0.05,3200,BAE,0.045554598920569456,0.004445401079430547,0.08890802158861094,19220
2,inf,0.05,3200,BIQAE,0.052565265898845255,0.0025652658988452523,0.051305317976905046,19220
2,inf,0.05,3200,CABIQAE_latentt,0.051748510690673474,0.0017485106906734715,0.03497021381346943,19220
2,inf,0.05,6400,BAE,0.04941969360374772,0.0005803063962522836,0.011606127925045673,19220
2,inf,0.05,6400,BIQAE,0.05057894251286914,0.000578942512869135,0.0115788502573827,19220
2,inf,0.05,6400,CABIQAE_latentt,0.050390929415980446,0.00039092941598044273,0.007818588319608855,19220
2,inf,0.05,12800,BAE,0.049958689781366666,4.131021863333639e-05,0.0008262043726667279,19220
2,inf,0.05,12800,BIQAE,0.05057894251286914,0.000578942512869135,0.0115788502573827,19220
2,inf,0.05,12800,CABIQAE_latentt,0.050390929415980446,0.00039092941598044273,0.007818588319608855,19220
3,inf,0.05,200,BAE,0.07157824057305594,0.021578240573055935,0.4315648114611187,20540
3,inf,0.05,200,BIQAE,0.057329472885978054,0.007329472885978051,0.14658945771956103,20540
3,inf,0.05,200,CABIQAE_latentt,0.06424415425674161,0.014244154256741609,0.2848830851348322,20540
3,inf,0.05,400,BAE,0.07157824057305594,0.021578240573055935,0.4315648114611187,20540
3,inf,0.05,400,BIQAE,0.047635981232522474,0.0023640187674775284,0.04728037534955057,20540
3,inf,0.05,400,CABIQAE_latentt,0.06424415425674161,0.014244154256741609,0.2848830851348322,20540
3,inf,0.05,800,BAE,0.05391233702980922,0.0039123370298092194,0.07824674059618439,20540
3,inf,0.05,800,BIQAE,0.050498975809832765,0.0004989758098327621,0.009979516196655241,20540
3,inf,0.05,800,CABIQAE_latentt,0.0522855304139833,0.0022855304139833,0.045710608279666,20540
3,inf,0.05,1600,BAE,0.05391233702980922,0.0039123370298092194,0.07824674059618439,20540
3,inf,0.05,1600,BIQAE,0.050498975809832765,0.0004989758098327621,0.009979516196655241,20540
3,inf,0.05,1600,CABIQAE_latentt,0.0522855304139833,0.0022855304139833,0.045710608279666,20540
3,inf,0.05,3200,BAE,0.05391233702980922,0.0039123370298092194,0.07824674059618439,20540
3,inf,0.05,3200,BIQAE,0.05012841406810289,0.00012841406810288475,0.002568281362057695,20540
3,inf,0.05,3200,CABIQAE_latentt,0.050829749942971694,0.0008297499429716915,0.01659499885943383,20540
3,inf,0.05,6400,BAE,0.049669544804774535,0.00033045519522546807,0.006609103904509361,20540
3,inf,0.05,6400,BIQAE,0.050004518942073,4.518942072997967e-06,9.037884145995934e-05,20540
3,inf,0.05,6400,CABIQAE_latentt,0.0500383137236773,3.8313723677296796e-05,0.0007662744735459359,20540
3,inf,0.05,12800,BAE,0.04999370307417473,6.2969258252734694e-06,0.0001259385165054694,20540
3,inf,0.05,12800,BIQAE,0.050004518942073,4.518942072997967e-06,9.037884145995934e-05,20540
3,inf,0.05,12800,CABIQAE_latentt,0.0500383137236773,3.8313723677296796e-05,0.0007662744735459359,20540
4,inf,0.05,200,BAE,0.024529404702208164,0.02547059529779184,0.5094119059558367,22140
4,inf,0.05,200,BIQAE,0.0523902688058106,0.0023902688058105998,0.047805376116211995,22140
4,inf,0.05,200,CABIQAE_latentt,0.04656283238807739,0.0034371676119226147,0.0687433522384523,22140
4,inf,0.05,400,BAE,0.024529404702208164,0.02547059529779184,0.5094119059558367,22140
4,inf,0.05,400,BIQAE,0.04387340277252474,0.006126597227475265,0.1225319445495053,22140
4,inf,0.05,400,CABIQAE_latentt,0.03950747048804479,0.010492529511955215,0.2098505902391043,22140
4,inf,0.05,800,BAE,0.05124206998865595,0.0012420699886559472,0.024841399773118944,22140
4,inf,0.05,800,BIQAE,0.05076203190060702,0.0007620319006070159,0.015240638012140317,22140
4,inf,0.05,800,CABIQAE_latentt,0.04958962824144268,0.0004103717585573208,0.008207435171146416,22140
4,inf,0.05,1600,BAE,0.05124206998865595,0.0012420699886559472,0.024841399773118944,22140
4,inf,0.05,1600,BIQAE,0.05076203190060702,0.0007620319006070159,0.015240638012140317,22140
4,inf,0.05,1600,CABIQAE_latentt,0.04958962824144268,0.0004103717585573208,0.008207435171146416,22140
4,inf,0.05,3200,BAE,0.050769750571718064,0.0007697505717180614,0.015395011434361228,22140
4,inf,0.05,3200,BIQAE,0.04863679686317941,0.00136320313682059,0.027264062736411798,22140
4,inf,0.05,3200,CABIQAE_latentt,0.051252117478717024,0.0012521174787170214,0.025042349574340428,22140
4,inf,0.05,6400,BAE,0.049658596087446036,0.00034140391255396696,0.006828078251079339,22140
4,inf,0.05,6400,BIQAE,0.05011083686348422,0.00011083686348421773,0.0022167372696843546,22140
4,inf,0.05,6400,CABIQAE_latentt,0.05038862951839579,0.0003886295183957861,0.0077725903679157216,22140
4,inf,0.05,12800,BAE,0.04979295135393447,0.00020704864606553575,0.004140972921310715,22140
4,inf,0.05,12800,BIQAE,0.05011083686348422,0.00011083686348421773,0.0022167372696843546,22140
4,inf,0.05,12800,CABIQAE_latentt,0.05038862951839579,0.0003886295183957861,0.0077725903679157216,22140
1,inf,0.2,200,BAE,0.10408241867458365,0.09591758132541636,0.4795879066270818,23700
1,inf,0.2,200,BIQAE,0.20664740299554174,0.006647402995541729,0.033237014977708645,23700
1,inf,0.2,200,CABIQAE_latentt,0.23875151477865408,0.03875151477865407,0.19375757389327036,23700
1,inf,0.2,400,BAE,0.10408241867458365,0.09591758132541636,0.4795879066270818,23700
1,inf,0.2,400,BIQAE,0.21320355047365447,0.013203550473654457,0.06601775236827229,23700
1,inf,0.2,400,CABIQAE_latentt,0.2168709521370015,0.016870952137001488,0.08435476068500744,23700
1,inf,0.2,800,BAE,0.19487876411125687,0.005121235888743136,0.025606179443715682,23700
1,inf,0.2,800,BIQAE,0.21320355047365447,0.013203550473654457,0.06601775236827229,23700
1,inf,0.2,800,CABIQAE_latentt,0.2168709521370015,0.016870952137001488,0.08435476068500744,23700
1,inf,0.2,1600,BAE,0.19755720865194643,0.0024427913480535857,0.012213956740267928,23700
1,inf,0.2,1600,BIQAE,0.1996966610129467,0.0003033389870533143,0.0015166949352665715,23700
1,inf,0.2,1600,CABIQAE_latentt,0.20498524919514308,0.0049852491951430655,0.024926245975715328,23700
1,inf,0.2,3200,BAE,0.19755720865194643,0.0024427913480535857,0.012213956740267928,23700
1,inf,0.2,3200,BIQAE,0.20005587053736698,5.58705373669699e-05,0.0002793526868348495,23700
1,inf,0.2,3200,CABIQAE_latentt,0.20073367364118933,0.0007336736411893141,0.0036683682059465705,23700
1,inf,0.2,6400,BAE,0.19930503687535933,0.0006949631246406796,0.0034748156232033978,23700
1,inf,0.2,6400,BIQAE,0.20005587053736698,5.58705373669699e-05,0.0002793526868348495,23700
1,inf,0.2,6400,CABIQAE_latentt,0.20078775706658092,0.0007877570665809075,0.0039387853329045375,23700
1,inf,0.2,12800,BAE,0.19924910327334738,0.0007508967266526279,0.0037544836332631393,23700
1,inf,0.2,12800,BIQAE,0.19983878602717825,0.00016121397282176098,0.0008060698641088049,23700
1,inf,0.2,12800,CABIQAE_latentt,0.20031980834291127,0.0003198083429112597,0.0015990417145562985,23700
2,inf,0.2,200,BAE,0.25323124125102314,0.05323124125102313,0.26615620625511566,21820
2,inf,0.2,200,BIQAE,0.21457847610757835,0.014578476107578342,0.07289238053789171,21820
2,inf,0.2,200,CABIQAE_latentt,0.22163601225210053,0.021636012252100517,0.10818006126050259,21820
2,inf,0.2,400,BAE,0.1857562150971983,0.014243784902801704,0.07121892451400852,21820
2,inf,0.2,400,BIQAE,0.199764909983208,0.00023509001679200558,0.001175450083960028,21820
2,inf,0.2,400,CABIQAE_latentt,0.20069535982390613,0.0006953598239061165,0.0034767991195305825,21820
2,inf,0.2,800,BAE,0.1857562150971983,0.014243784902801704,0.07121892451400852,21820
2,inf,0.2,800,BIQAE,0.20083923072152643,0.0008392307215264183,0.0041961536076320916,21820
2,inf,0.2,800,CABIQAE_latentt,0.20069535982390613,0.0006953598239061165,0.0034767991195305825,21820
2,inf,0.2,1600,BAE,0.1857562150971983,0.014243784902801704,0.07121892451400852,21820
2,inf,0.2,1600,BIQAE,0.20536049974124698,0.005360499741246971,0.026802498706234856,21820
2,inf,0.2,1600,CABIQAE_latentt,0.200838773240267,0.0008387732402669879,0.004193866201334939,21820
2,inf,0.2,3200,BAE,0.20142004287548226,0.0014200428754822525,0.0071002143774112625,21820
2,inf,0.2,3200,BIQAE,0.20536049974124698,0.005360499741246971,0.026802498706234856,21820
2,inf,0.2,3200,CABIQAE_latentt,0.19873119605580114,0.0012688039441988708,0.006344019720994354,21820
2,inf,0.2,6400,BAE,0.19962097749962682,0.00037902250037319396,0.0018951125018659698,21820
2,inf,0.2,6400,BIQAE,0.1999437262243459,5.627377565411984e-05,0.0002813688782705992,21820
2,inf,0.2,6400,CABIQAE_latentt,0.19873119605580114,0.0012688039441988708,0.006344019720994354,21820
2,inf,0.2,12800,BAE,0.19957161096943793,0.0004283890305620819,0.0021419451528104094,21820
2,inf,0.2,12800,BIQAE,0.19973245132403683,0.00026754867596318066,0.0013377433798159033,21820
2,inf,0.2,12800,CABIQAE_latentt,0.1998406862293138,0.00015931377068620356,0.0007965688534310178,21820
3,inf,0.2,200,BAE,0.13734282716435614,0.06265717283564387,0.31328586417821935,20660
3,inf,0.2,200,BIQAE,0.19871591580769515,0.0012840841923048574,0.006420420961524287,20660
3,inf,0.2,200,CABIQAE_latentt,0.1949850126601654,0.005014987339834603,0.025074936699173017,20660
3,inf,0.2,400,BAE,0.18602337472816038,0.013976625271839627,0.06988312635919813,20660
3,inf,0.2,400,BIQAE,0.19805290643245424,0.0019470935675457712,0.009735467837728856,20660
3,inf,0.2,400,CABIQAE_latentt,0.19099423021726553,0.009005769782734485,0.045028848913672426,20660
3,inf,0.2,800,BAE,0.18602337472816038,0.013976625271839627,0.06988312635919813,20660
3,inf,0.2,800,BIQAE,0.20368560670993086,0.0036856067099308443,0.01842803354965422,20660
3,inf,0.2,800,CABIQAE_latentt,0.19054337697173274,0.009456623028267275,0.047283115141336374,20660
3,inf,0.2,1600,BAE,0.18602337472816038,0.013976625271839627,0.06988312635919813,20660
3,inf,0.2,1600,BIQAE,0.19914682372474007,0.000853176275259937,0.004265881376299685,20660
3,inf,0.2,1600,CABIQAE_latentt,0.20288791497523148,0.0028879149752314703,0.014439574876157352,20660
3,inf,0.2,3200,BAE,0.20216715300348864,0.002167153003488631,0.010835765017443155,20660
3,inf,0.2,3200,BIQAE,0.1978121595978963,0.002187840402103708,0.01093920201051854,20660
3,inf,0.2,3200,CABIQAE_latentt,0.20288791497523148,0.0028879149752314703,0.014439574876157352,20660
3,inf,0.2,6400,BAE,0.2016686082416467,0.0016686082416466907,0.008343041208233454,20660
3,inf,0.2,6400,BIQAE,0.1978121595978963,0.002187840402103708,0.01093920201051854,20660
3,inf,0.2,6400,CABIQAE_latentt,0.19952200107916487,0.0004779989208351376,0.002389994604175688,20660
3,inf,0.2,12800,BAE,0.20013060824927492,0.00013060824927491055,0.0006530412463745527,20660
3,inf,0.2,12800,BIQAE,0.19911056045965525,0.0008894395403447608,0.004447197701723804,20660
3,inf,0.2,12800,CABIQAE_latentt,0.19970309623952093,0.0002969037604790836,0.0014845188023954181,20660
4,inf,0.2,200,BAE,0.13885570729437402,0.06114429270562599,0.30572146352812996,19860
4,inf,0.2,200,BIQAE,0.1651621751809842,0.03483782481901582,0.17418912409507908,19860
4,inf,0.2,200,CABIQAE_latentt,0.24005731099754846,0.040057310997548445,0.20028655498774223,19860
4,inf,0.2,400,BAE,0.18498560738402087,0.015014392615979144,0.07507196307989572,19860
4,inf,0.2,400,BIQAE,0.18208282534994538,0.01791717465005463,0.08958587325027315,19860
4,inf,0.2,400,CABIQAE_latentt,0.20293821496246084,0.002938214962460828,0.014691074812304139,19860
4,inf,0.2,800,BAE,0.18498560738402087,0.015014392615979144,0.07507196307989572,19860
4,inf,0.2,800,BIQAE,0.2005509094463086,0.0005509094463085895,0.0027545472315429476,19860
4,inf,0.2,800,CABIQAE_latentt,0.20293821496246084,0.002938214962460828,0.014691074812304139,19860
4,inf,0.2,1600,BAE,0.18498560738402087,0.015014392615979144,0.07507196307989572,19860
4,inf,0.2,1600,BIQAE,0.2005509094463086,0.0005509094463085895,0.0027545472315429476,19860
4,inf,0.2,1600,CABIQAE_latentt,0.19989677547458495,0.00010322452541505767,0.0005161226270752883,19860
4,inf,0.2,3200,BAE,0.2018410402577785,0.0018410402577784812,0.009205201288892406,19860
4,inf,0.2,3200,BIQAE,0.20348504736218576,0.0034850473621857447,0.017425236810928724,19860
4,inf,0.2,3200,CABIQAE_latentt,0.19939147213564815,0.0006085278643518655,0.0030426393217593273,19860
4,inf,0.2,6400,BAE,0.20023825365543357,0.00023825365543356236,0.0011912682771678118,19860
4,inf,0.2,6400,BIQAE,0.20005291083790308,5.291083790306961e-05,0.00026455418951534804,19860
4,inf,0.2,6400,CABIQAE_latentt,0.19939147213564815,0.0006085278643518655,0.0030426393217593273,19860
4,inf,0.2,12800,BAE,0.2001471742254127,0.00014717422541268843,0.0007358711270634422,19860
4,inf,0.2,12800,BIQAE,0.20005291083790308,5.291083790306961e-05,0.00026455418951534804,19860
4,inf,0.2,12800,CABIQAE_latentt,0.20011427220304012,0.0001142722030401111,0.0005713610152005555,19860
1,inf,0.8,200,BAE,0.8270574610403931,0.027057461040393083,0.03382182630049135,18660
1,inf,0.8,200,BIQAE,0.7474799336549693,0.0525200663450307,0.06565008293128838,18660
1,inf,0.8,200,CABIQAE_latentt,0.771873457495742,0.028126542504258056,0.03515817813032257,18660
1,inf,0.8,400,BAE,0.8270574610403931,0.027057461040393083,0.03382182630049135,18660
1,inf,0.8,400,BIQAE,0.8069628425039512,0.006962842503951183,0.008703553129938979,18660
1,inf,0.8,400,CABIQAE_latentt,0.7993266669838857,0.0006733330161143858,0.0008416662701429822,18660
1,inf,0.8,800,BAE,0.791215412489684,0.008784587510316078,0.010980734387895097,18660
1,inf,0.8,800,BIQAE,0.8137314188570689,0.013731418857068856,0.01716427357133607,18660
1,inf,0.8,800,CABIQAE_latentt,0.7993266669838857,0.0006733330161143858,0.0008416662701429822,18660
1,inf,0.8,1600,BAE,0.791215412489684,0.008784587510316078,0.010980734387895097,18660
1,inf,0.8,1600,BIQAE,0.8018418286641933,0.0018418286641932458,0.002302285830241557,18660
1,inf,0.8,1600,CABIQAE_latentt,0.7979918820166075,0.00200811798339251,0.0025101474792406375,18660
1,inf,0.8,3200,BAE,0.7969314005120675,0.0030685994879325884,0.0038357493599157355,18660
1,inf,0.8,3200,BIQAE,0.8018418286641933,0.0018418286641932458,0.002302285830241557,18660
1,inf,0.8,3200,CABIQAE_latentt,0.8007964563390041,0.000796456339004048,0.00099557042375506,18660
1,inf,0.8,6400,BAE,0.7969314005120675,0.0030685994879325884,0.0038357493599157355,18660
1,inf,0.8,6400,BIQAE,0.799644021113357,0.0003559788866430713,0.00044497360830383914,18660
1,inf,0.8,6400,CABIQAE_latentt,0.8007964563390041,0.000796456339004048,0.00099557042375506,18660
1,inf,0.8,12800,BAE,0.799664316709493,0.0003356832905070384,0.000419604113133798,18660
1,inf,0.8,12800,BIQAE,0.799644021113357,0.0003559788866430713,0.00044497360830383914,18660
1,inf,0.8,12800,CABIQAE_latentt,0.8001699627550993,0.00016996275509928438,0.00021245344387410547,18660
2,inf,0.8,200,BAE,0.9109165405791382,0.11091654057913813,0.13864567572392267,20900
2,inf,0.8,200,BIQAE,0.8251304102070263,0.02513041020702622,0.03141301275878278,20900
2,inf,0.8,200,CABIQAE_latentt,0.8101398882251707,0.010139888225170646,0.012674860281463307,20900
2,inf,0.8,400,BAE,0.8284182694119742,0.028418269411974117,0.03552283676496765,20900
2,inf,0.8,400,BIQAE,0.7713970119825482,0.02860298801745187,0.035753735021814836,20900
2,inf,0.8,400,CABIQAE_latentt,0.802839288058363,0.0028392880583629765,0.0035491100729537206,20900
2,inf,0.8,800,BAE,0.8284182694119742,0.028418269411974117,0.03552283676496765,20900
2,inf,0.8,800,BIQAE,0.7713970119825482,0.02860298801745187,0.035753735021814836,20900
2,inf,0.8,800,CABIQAE_latentt,0.8078191283256781,0.007819128325678104,0.00977391040709763,20900
2,inf,0.8,1600,BAE,0.7981955724767928,0.0018044275232071971,0.0022555344040089964,20900
2,inf,0.8,1600,BIQAE,0.7871962783997721,0.012803721600227913,0.01600465200028489,20900
2,inf,0.8,1600,CABIQAE_latentt,0.7999103351840793,8.96648159207647e-05,0.00011208101990095587,20900
2,inf,0.8,3200,BAE,0.7981955724767928,0.0018044275232071971,0.0022555344040089964,20900
2,inf,0.8,3200,BIQAE,0.7978456888942176,0.002154311105782458,0.0026928888822280728,20900
2,inf,0.8,3200,CABIQAE_latentt,0.7999103351840793,8.96648159207647e-05,0.00011208101990095587,20900
2,inf,0.8,6400,BAE,0.8000912909393951,9.129093939508337e-05,0.00011411367424385421,20900
2,inf,0.8,6400,BIQAE,0.7978456888942176,0.002154311105782458,0.0026928888822280728,20900
2,inf,0.8,6400,CABIQAE_latentt,0.7991375247726723,0.0008624752273277414,0.0010780940341596768,20900
2,inf,0.8,12800,BAE,0.8003029366865888,0.0003029366865887617,0.00037867085823595215,20900
2,inf,0.8,12800,BIQAE,0.7993168349713804,0.0006831650286196478,0.0008539562857745597,20900
2,inf,0.8,12800,CABIQAE_latentt,0.7997824614616955,0.00021753853830452918,0.0002719231728806615,20900
3,inf,0.8,200,BAE,0.776616745449833,0.0233832545501671,0.029229068187708873,22460
3,inf,0.8,200,BIQAE,0.7854215238924216,0.014578476107578453,0.018223095134473066,22460
3,inf,0.8,200,CABIQAE_latentt,0.7736219542667975,0.02637804573320257,0.032972557166503214,22460
3,inf,0.8,400,BAE,0.776616745449833,0.0233832545501671,0.029229068187708873,22460
3,inf,0.8,400,BIQAE,0.8038223336079124,0.003822333607912398,0.004777917009890498,22460
3,inf,0.8,400,CABIQAE_latentt,0.796612472924153,0.0033875270758469966,0.004234408844808746,22460
3,inf,0.8,800,BAE,0.807662830052443,0.007662830052442948,0.009578537565553685,22460
3,inf,0.8,800,BIQAE,0.8141753184898823,0.014175318489882294,0.017719148112352867,22460
3,inf,0.8,800,CABIQAE_latentt,0.796612472924153,0.0033875270758469966,0.004234408844808746,22460
3,inf,0.8,1600,BAE,0.7968656188437482,0.003134381156251864,0.00391797644531483,22460
3,inf,0.8,1600,BIQAE,0.805834987064505,0.005834987064504915,0.007293733830631144,22460
3,inf,0.8,1600,CABIQAE_latentt,0.8011979477212865,0.001197947721286452,0.001497434651608065,22460
3,inf,0.8,3200,BAE,0.7968656188437482,0.003134381156251864,0.00391797644531483,22460
3,inf,0.8,3200,BIQAE,0.805834987064505,0.005834987064504915,0.007293733830631144,22460
3,inf,0.8,3200,CABIQAE_latentt,0.8013701895533206,0.0013701895533205777,0.001712736941650722,22460
3,inf,0.8,6400,BAE,0.8002856451770378,0.00028564517703777437,0.00035705647129721796,22460
3,inf,0.8,6400,BIQAE,0.8002769301637214,0.00027693016372132284,0.00034616270465165355,22460
3,inf,0.8,6400,CABIQAE_latentt,0.8013701895533206,0.0013701895533205777,0.001712736941650722,22460
3,inf,0.8,12800,BAE,0.8003531888722877,0.0003531888722876353,0.0004414860903595441,22460
3,inf,0.8,12800,BIQAE,0.7997970029060129,0.00020299709398718946,0.0002537463674839868,22460
3,inf,0.8,12800,CABIQAE_latentt,0.8000270557142946,2.705571429451048e-05,3.38196428681381e-05,22460
4,inf,0.8,200,BAE,0.7466356678109571,0.05336433218904291,0.06670541523630363,19460
4,inf,0.8,200,BIQAE,0.843193325230753,0.04319332523075292,0.05399165653844115,19460
4,inf,0.8,200,CABIQAE_latentt,0.838923972200939,0.038923972200938906,0.04865496525117363,19460
4,inf,0.8,400,BAE,0.8084015529635715,0.00840155296357148,0.010501941204464349,19460
4,inf,0.8,400,BIQAE,0.8145265326533826,0.014526532653382551,0.01815816581672819,19460
4,inf,0.8,400,CABIQAE_latentt,0.8265395023598892,0.02653950235988911,0.03317437794986139,19460
4,inf,0.8,800,BAE,0.8084015529635715,0.00840155296357148,0.010501941204464349,19460
4,inf,0.8,800,BIQAE,0.7983358300739147,0.0016641699260853127,0.002080212407606641,19460
4,inf,0.8,800,CABIQAE_latentt,0.79892154729685,0.0010784527031499902,0.0013480658789374877,19460
4,inf,0.8,1600,BAE,0.8084015529635715,0.00840155296357148,0.010501941204464349,19460
4,inf,0.8,1600,BIQAE,0.7983358300739147,0.0016641699260853127,0.002080212407606641,19460
4,inf,0.8,1600,CABIQAE_latentt,0.79892154729685,0.0010784527031499902,0.0013480658789374877,19460
4,inf,0.8,3200,BAE,0.8000514937781322,5.1493778132183365e-05,6.43672226652292e-05,19460
4,inf,0.8,3200,BIQAE,0.7964109631775342,0.0035890368224658076,0.0044862960280822595,19460
4,inf,0.8,3200,CABIQAE_latentt,0.8003221107649171,0.0003221107649170607,0.0004026384561463259,19460
4,inf,0.8,6400,BAE,0.8013853014408744,0.0013853014408743425,0.001731626801092928,19460
4,inf,0.8,6400,BIQAE,0.7988817703388272,0.0011182296611728093,0.0013977870764660116,19460
4,inf,0.8,6400,CABIQAE_latentt,0.8000152555878882,1.5255587888174382e-05,1.9069484860217978e-05,19460
4,inf,0.8,12800,BAE,0.8003039835577546,0.0003039835577545169,0.00037997944719314614,19460
4,inf,0.8,12800,BIQAE,0.7988817703388272,0.0011182296611728093,0.0013977870764660116,19460
4,inf,0.8,12800,CABIQAE_latentt,0.8000152555878882,1.5255587888174382e-05,1.9069484860217978e-05,19460
