abs_error_mean,abs_error_median,abs_error_se,abs_error_std,algorithm,amplification_factor_median,budget,estimate_mean,estimate_se,estimate_std,grover_power_max_median,mae_ci_high,mae_ci_low,n_points,n_runs,normalized_abs_error_ci_high,normalized_abs_error_ci_low,normalized_abs_error_mean,normalized_abs_error_median,normalized_abs_error_median_ci_high,normalized_abs_error_median_ci_low,normalized_abs_error_q25,normalized_abs_error_q75,normalized_abs_error_se,normalized_abs_error_std,query_budget_actual_mean,query_budget_actual_median,replay_extrapolated_fraction,run_kind,runtime_wall_seconds_ci_high,runtime_wall_seconds_ci_low,runtime_wall_seconds_mean,runtime_wall_seconds_median,runtime_wall_seconds_median_ci_high,runtime_wall_seconds_median_ci_low,runtime_wall_seconds_q25,runtime_wall_seconds_q75,runtime_wall_seconds_se,runtime_wall_seconds_std,success_rate,total_repetitions
0.023361747703686615,0.018255657999250496,0.0011134224710700285,0.017987890520037155,BAE,1.0,256,0.3607891839907388,0.0018269658586044383,0.029515536736778678,0.0,0.025483497560046732,0.021047562825490855,261,261,0.07073389160382322,0.05842118115517419,0.06484460486064475,0.05067176242322229,0.057723853811867495,0.04656213627439497,0.02606192151743013,0.09725242493274776,0.0030904982407675423,0.04992852708807739,256.0,256.0,0.0,hardware_replay,1.1649641133565183,0.27645954797271005,0.6505161291168613,0.24829211474281568,0.2641400180757498,0.21413333928901399,0.13570714913641108,0.36262705541829343,0.23414358670488097,3.7827054088181136,0.87,300
0.02572318455468401,0.024695894839684096,0.0011165629093376286,0.018038625852950133,BIQAE,1.0,256,0.3704097213845523,0.0018429391935353586,0.02977359386014637,0.0,0.027990002570795158,0.02345976595003688,261,261,0.0776911333763452,0.06511667159701798,0.0713991846570068,0.06854776290160183,0.0698117712237862,0.05790474773393116,0.027239519662349842,0.10047678815674499,0.0030992150748475394,0.050069351852429084,256.0,256.0,0.0,hardware_replay,0.006876048466404549,0.006702484599177714,0.006784935752212628,0.006676534615242138,0.00671723913030186,0.0065997574471782705,0.00636454406825794,0.007012429130871011,4.283822341596961e-05,0.0006920726794195343,0.87,300
0.022128764939149063,0.01774976583708804,0.0010035324572449703,0.016212563014718476,CABIQAE,1.0,256,0.3643037723283408,0.0016816585962253067,0.0271680260700232,0.0,0.02408304118394844,0.020079765624371686,261,261,0.06684668070314505,0.05573489124708194,0.061422246174962766,0.04926757050343947,0.0599424588263638,0.04903263978039881,0.02718725986432892,0.08203253426867008,0.0027854793434231376,0.045000795993607214,256.0,256.0,0.0,hardware_replay,0.006577276013744964,0.006434865509951307,0.006504890811192006,0.006363320754696,0.006450043879901048,0.00630388152933899,0.006112660774645412,0.006769914815125253,3.660422388488525e-05,0.0005913593347720688,0.87,300
0.023361747703686615,0.018255657999250496,0.0011134224710700285,0.017987890520037155,BAE,1.0,512,0.3607891839907388,0.0018269658586044383,0.029515536736778678,0.0,0.025483497560046732,0.021047562825490855,261,261,0.07073389160382322,0.05842118115517419,0.06484460486064475,0.05067176242322229,0.057723853811867495,0.04656213627439497,0.02606192151743013,0.09725242493274776,0.0030904982407675423,0.04992852708807739,256.0,256.0,0.0,hardware_replay,1.1649641133565183,0.27645954797271005,0.6505161291168613,0.24829211474281568,0.2641400180757498,0.21413333928901399,0.13570714913641108,0.36262705541829343,0.23414358670488097,3.7827054088181136,0.87,300
0.0249367829189269,0.021316873447812856,0.001116098156292797,0.018031117537727022,BIQAE,1.0,512,0.37130300215042955,0.0017802910576884567,0.028761482250960417,0.0,0.02713608569553661,0.022780243053835372,261,261,0.07532093817253178,0.0632305372950456,0.06921638977456794,0.05916869975312945,0.06854776290160183,0.04852563416473251,0.027239519662349842,0.0910979328476238,0.0030979250717222536,0.050048511214134936,266.7892720306513,256.0,0.0,hardware_replay,0.007259803565094374,0.006894653227580891,0.007061539090990226,0.006694419911147746,0.006741145322860877,0.006633037726648829,0.006381813739781901,0.0070744213040756145,9.060579344716946e-05,0.0014637813905825849,0.87,300
0.021525578517817123,0.01774976583708804,0.0010008895798954485,0.01616986602444182,CABIQAE,1.0,512,0.3649771479869886,0.0016427960194477615,0.026540181927692204,0.0,0.02345350925831514,0.019538863008740567,261,261,0.06509930505802537,0.05423352170814312,0.0597479970714848,0.04926757050343947,0.04926757050343947,0.03834909804948529,0.02718725986432892,0.08203253426867008,0.002778143576442063,0.04488228305106775,276.5977011494253,256.0,0.0,hardware_replay,0.00726748362542475,0.0068074452787774565,0.007034474908531058,0.006420386421981208,0.00650316432064164,0.006329264397932831,0.006133921445501503,0.0068553114653962435,0.00012019926129636155,0.0019418784953301918,0.87,300
0.023361747703686615,0.018255657999250496,0.0011134224710700285,0.017987890520037155,BAE,1.0,1024,0.3607891839907388,0.0018269658586044383,0.029515536736778678,0.0,0.025483497560046732,0.021047562825490855,261,261,0.07073389160382322,0.05842118115517419,0.06484460486064475,0.05067176242322229,0.057723853811867495,0.04656213627439497,0.02606192151743013,0.09725242493274776,0.0030904982407675423,0.04992852708807739,256.0,256.0,0.0,hardware_replay,1.1649641133565183,0.27645954797271005,0.6505161291168613,0.24829211474281568,0.2641400180757498,0.21413333928901399,0.13570714913641108,0.36262705541829343,0.23414358670488097,3.7827054088181136,0.87,300
0.018057874965997346,0.014577851866316438,0.0009888251957557925,0.01597495993377594,BIQAE,3.0,1024,0.36909169089505295,0.0013902623926430387,0.02246037632863171,1.0,0.0199751817398835,0.01621513800223293,261,261,0.05544460043706015,0.045007943320511584,0.05012278112258885,0.04046337012016996,0.04380741027802297,0.03778020433320993,0.022563912967523195,0.06102458361404269,0.002744656774326673,0.04434128720630192,908.2605363984675,1024.0,0.0,hardware_replay,0.02492879963475386,0.023127120162538744,0.024042315010483605,0.026342028800398112,0.026651388522787173,0.025819079999042593,0.02518745891518833,0.027477863154847893,0.0004602884061214635,0.0074361867773320165,0.87,300
0.013391437572681745,0.009451509225566757,0.0007970135731551009,0.012876148334890111,CABIQAE,3.0,1024,0.3534948384038749,0.0010715727655971742,0.01731178783673308,1.0,0.01493812157847481,0.011907600729503481,261,261,0.041463361534531534,0.03305162241869131,0.03717027034666191,0.026234312126052928,0.02997224355333044,0.023088013593033377,0.012850423865054014,0.047403645384557415,0.002212250165327202,0.0357399952046926,897.471264367816,1024.0,0.0,hardware_replay,0.023651606547033834,0.021934309634290203,0.022799360667068724,0.02491164398843685,0.025255265230169664,0.024631272854213043,0.023762417697570228,0.026640323332200448,0.00043887267981657476,0.007090205130483082,0.87,300
0.022722771479132334,0.017981563084642216,0.0010881033059303403,0.01757884688886833,BAE,1.0,2048,0.36126150014910424,0.0017793459422649812,0.028746213444008878,0.0,0.024769353352631415,0.02049810574325985,261,261,0.0687516598148866,0.056896067202354204,0.06307101491685684,0.04991096418768269,0.05547180553344184,0.046123639845268606,0.0258678340524358,0.09331158657687914,0.003020220482454734,0.04879315515570607,290.3295019157088,256.0,0.0,hardware_replay,1.2102237939531557,0.3123051424553141,0.6941774056921434,0.24829920067548084,0.26651067258821265,0.2146743374763576,0.13635526381963917,0.36398097583894595,0.2349087854975732,3.795067573644718,0.87,300
0.015399478760448743,0.014577851866316438,0.000590306722406874,0.009536696960761244,BIQAE,3.0,2048,0.3689674609806885,0.0009847823580551194,0.015909645891856075,1.0,0.016557979124175132,0.014281405850467551,261,261,0.04595955864331615,0.03964053250527696,0.04274393885024321,0.04046337012016996,0.04377562113124896,0.03740868390713834,0.022563912967523195,0.059277756615092575,0.001638499252991057,0.02647076554117084,1017.1340996168583,1024.0,0.0,hardware_replay,0.027952975460425505,0.025904892557154724,0.02693874432480851,0.02665781929860251,0.026870026445585834,0.026377952939384625,0.025432224998561043,0.028242518796228376,0.0005245834574305042,0.008474905120079076,0.87,300
0.011422500561965707,0.008760186935424408,0.0005803897372867278,0.00937648316297558,CABIQAE,3.0,2048,0.355476156855618,0.0008661303569408624,0.013992764149766334,1.0,0.012582157605559925,0.010352561270871469,261,261,0.03492397266571535,0.028735339214340485,0.03170514230595317,0.024315426548474225,0.026824430076342453,0.021224710024708965,0.011528530227852869,0.044516004288470634,0.0016109729313441839,0.026026064205363023,966.1302681992337,1024.0,0.0,hardware_replay,0.025513054182382724,0.023476148714939714,0.024539285125666693,0.025077282728373326,0.025358549782853106,0.024737538916650665,0.023925519999312726,0.02701464181723581,0.0005187665820356641,0.008380930622087737,0.87,300
0.011659049942408992,0.005021514957661177,0.000973632401084896,0.01572951282422474,BAE,11.0,4096,0.3576592637908656,0.0012018774733014372,0.019416924815131915,5.0,0.013550652615992491,0.00973539971709682,261,261,0.03761219946524949,0.027022299693612188,0.03236172636376554,0.013938090478563467,0.015566484350784318,0.010271074582797121,0.005623597752474646,0.03442392192186536,0.002702486523211097,0.043660005949655044,2709.088122605364,3072.0,0.0,hardware_replay,5.801051079454549,2.8009327489087643,4.087365386305548,2.5410861402123794,2.886290750659946,2.307003416698002,0.794631656106892,4.112539038673731,0.7948688560802268,12.841499370151494,0.87,300
0.013598416912688127,0.012851968292498961,0.0005505041874249209,0.008893667328902581,BIQAE,3.0,4096,0.3707685228284491,0.0007684928317305326,0.012415381655911207,1.0,0.014629928373325352,0.012558654598443278,261,261,0.04060791754711537,0.034858735970719465,0.03774477760045409,0.035672879280222614,0.03944947991217773,0.03193621347760956,0.017148407430457063,0.052171819914553524,0.0015280203758927717,0.024685924658526568,1234.88122605364,1024.0,0.0,hardware_replay,0.03473654660363047,0.031029424474165724,0.03278812327614662,0.027015033044406903,0.02735654782584828,0.026785131580637472,0.025669846955038933,0.02912728173820221,0.0009069687891000717,0.014652529212693305,0.87,300
0.004374949630284522,0.0028199681577706914,0.0003091898046452606,0.004995114164101349,CABIQAE,11.0,4096,0.36162514168208876,0.00040271643887562054,0.006506083181662575,5.0,0.004991002138576404,0.0037686099575647046,261,261,0.013853396827992788,0.010460434153803095,0.01214343565641091,0.007827313402643438,0.009119994147296615,0.006092281552000897,0.003296138068255577,0.013922779812860926,0.0008582102231160547,0.013864810471942884,3252.4750957854408,3840.0,0.0,hardware_replay,0.08534823475474455,0.07971957107227501,0.08253772089046356,0.09061969166699176,0.09226258315113786,0.08972069999742273,0.07216702935345952,0.09725555256944776,0.001512300506536865,0.024431962396842026,0.87,300
0.005047707331188017,0.003016102229002282,0.0003922151153882407,0.006336429108644856,BAE,13.0,8192,0.35937178868791547,0.0004987060929715818,0.008056843502922332,6.0,0.005849179153986252,0.00429813701640436,261,261,0.016235416793731795,0.011930228851057626,0.014010791979035639,0.008371717721619756,0.009696872992208321,0.006582427718116175,0.0038206414414814877,0.016114036597288633,0.0010886614520586222,0.017587864015530117,4380.444444444444,4096.0,0.0,hardware_replay,21.398517763841053,4.60078637849496,11.808234015770864,3.5755621680237404,4.040755712464992,3.1913057568072047,2.171314386182577,5.152378462166693,4.329135901667545,69.93933090888768,0.87,300
0.00854889235672025,0.00686615928353046,0.0004933222824644963,0.007969865382309217,BIQAE,23.0,8192,0.36606086970386115,0.0006289712561408502,0.010161341619806663,11.0,0.009468290239098726,0.007624280194439386,261,261,0.026280890755590553,0.02116251929547393,0.023728941597131927,0.019058222496792055,0.020151497198865463,0.017503857644773715,0.0073559620480492215,0.026399256307507318,0.0013693020265908252,0.022121751251804597,6310.743295019157,6912.0,0.0,hardware_replay,0.17384422249215523,0.16022634015827006,0.16735042628952496,0.1842209178134394,0.1860617131613636,0.18251745915813872,0.16845558841678138,0.19649423158612045,0.003433059360216305,0.05546277134232162,0.87,300
0.0024513032684898477,0.001785335509478514,0.00013258552288020957,0.0021419846752500932,CABIQAE,11.0,8192,0.3605688925494372,0.00020088017382134405,0.003245318527541291,5.0,0.0027373334730413108,0.0021872766157265675,261,261,0.007597946424323788,0.006071167691162744,0.006804019710124143,0.004955510055334733,0.005592908821764805,0.004255261641708895,0.002601039072867041,0.009981284771605902,0.00036801424064914623,0.0059454520118043305,5085.6704980842915,3840.0,0.0,hardware_replay,0.13478485953232575,0.12372771985384927,0.12938771244214586,0.10839669321427808,0.12588968531430497,0.10077194801111401,0.09062494386556527,0.17084457481417945,0.002887996326303685,0.04665700853863301,0.87,300
0.001738892996702442,0.0014263439627322239,8.82851365824845e-05,0.0014262900315511753,BAE,33.0,16384,0.3602596218296863,0.00013936785908647353,0.0022515566699944736,16.0,0.001909718981931361,0.001566421669244789,261,261,0.005300758074648243,0.004347876514876539,0.0048266007619078306,0.003959066411976605,0.0044444535774458074,0.003462026758285401,0.0017268662017135346,0.007136038957549187,0.00024505079283327133,0.003958916716578422,12011.402298850575,12032.0,0.0,hardware_replay,58.01140193039626,12.5404863963268,31.22528327767317,11.283410251007325,12.70327451582051,9.689690377215532,6.272996724088276,16.991143416507906,12.212476827801915,197.29860126307346,0.87,300
0.008395183297288476,0.006850823364685843,0.0004799992332247274,0.007754624934640046,BIQAE,25.0,16384,0.3659781632169273,0.0006134135341077454,0.009909998928291093,12.0,0.00931209072216506,0.0074657087787523635,261,261,0.025847331756347156,0.0207223766775997,0.023302295297001663,0.019015654979572565,0.020130493428885548,0.017393505763109676,0.0073559620480492215,0.02624928542902273,0.0013323215799885622,0.021524313853020727,6848.24521072797,7424.0,0.0,hardware_replay,0.18773606265363466,0.17432409571262708,0.18111572123858116,0.18570318965872457,0.18947283158348383,0.18395176799835267,0.17222114094103494,0.20127933537254908,0.0034121513089195874,0.05512499143623508,0.87,300
0.0012500236157526139,0.0010065687700105408,6.0506773592683306e-05,0.0009737643654932263,CABIQAE,23.0,16384,0.3601201216524583,9.811800173591263e-05,0.0015790597982799687,11.0,0.0013724108576177898,0.0011328123178508587,259,259,0.003809365673212904,0.0031443181419478364,0.0034696585400227314,0.0027939071590135645,0.003131364320547825,0.0024501824960766238,0.0014596767658452163,0.004840289784333673,0.0001679471020222895,0.0027028528134399954,14417.050193050192,15104.0,0.0,hardware_replay,0.3725349316138016,0.36074262289332787,0.36654904359788715,0.36420129626687603,0.3687315251715388,0.36019747808905606,0.33506916402774867,0.3879714622758712,0.0029974634769635027,0.04823960934329904,0.8633333333333333,300
0.00105283286224958,0.000845347536953589,5.253486990660207e-05,0.0008487267977052689,BAE,33.0,32768,0.3604667995837498,8.29365032858049e-05,0.001339880216164535,16.0,0.0011536321875499995,0.0009527409844332924,261,261,0.003202107321122898,0.0026444987529922388,0.002922321215124764,0.002346409510921328,0.002585941381576595,0.002024986129757593,0.0012240407394174732,0.004120230367307472,0.00014581969310290118,0.002355789238454692,27973.639846743295,28416.0,0.0,hardware_replay,112.45923396617768,30.147869960245696,65.0751293047048,25.27878995312592,28.872827109150037,23.296489630326707,14.664662986317655,39.23563622134908,21.503215411757477,347.3950766268859,0.87,300
0.008540633038227352,0.006900377577461175,0.0004990972491827202,0.007891420406710035,BIQAE,25.0,32768,0.3664531372880757,0.0006234098729656457,0.009856975572038344,12.0,0.009519004553421119,0.007597999569942294,250,250,0.026421657179178607,0.021089572839043537,0.0237060164182933,0.01915320133900395,0.020197160364485597,0.017998248262048842,0.0073266179320035036,0.02636176358788617,0.0013853314538270207,0.021904013541828853,8476.672,7424.0,0.016,hardware_replay,0.23827623095266537,0.21330108352321384,0.22538989676760066,0.191699482862212,0.1947057454521887,0.18838059643582838,0.18123350968946708,0.20832517116787805,0.006569251327155646,0.10386898357947888,0.8333333333333334,300
0.000974041031824026,0.0007644128272889794,4.6362456202444264e-05,0.0007446913152722269,CABIQAE,23.0,32768,0.3601568974960411,7.608455728475502e-05,0.0012220989498244524,11.0,0.001059539149102767,0.0008846855469838385,258,258,0.0029409356838106166,0.0024555990180065825,0.0027036207490896092,0.0021217611098565212,0.00242967030367904,0.0017888835416759183,0.0010148129805618241,0.004128814581168881,0.00012868708244554957,0.0020670206139740597,29220.713178294573,29696.0,0.0,hardware_replay,0.7534461217796724,0.7333835433884054,0.7430296093835017,0.7282230588713999,0.7438520585002837,0.7171625989850747,0.6812427447185277,0.7924602060457885,0.005243395827307889,0.08422140790126988,0.86,300
0.0006906837984457602,0.00059331581478822,3.331108631410313e-05,0.0005381570691183839,BAE,33.0,65536,0.3605253003486188,5.195389145813402e-05,0.0008393408036220877,16.0,0.000758669548110286,0.0006294225086409869,261,261,0.0021058196369123563,0.0017470719391760139,0.001917113332526782,0.0016468515136580434,0.001760396382406205,0.0013977867879563864,0.0007285356903038685,0.0028828866921091273,9.246072926196277e-05,0.0014937487957905398,60564.10727969349,60416.0,0.0,hardware_replay,270.4002824829658,65.37001694770095,152.08552036577888,57.23323449996696,61.81172673151999,50.973358693543915,32.657547283455095,84.58544616810109,54.18512197926412,875.3874358590701,0.87,300
0.013117163486211792,0.009766746994710085,0.0009282398318801417,0.008903363693850565,BIQAE,27.0,65536,0.36775986241900727,0.0014616421968458157,0.014019579446874436,13.0,0.015077141051261579,0.011388742632759841,92,92,0.0418492343251777,0.03161144128631916,0.03640897478837404,0.027109309529351845,0.03866916529954688,0.021662115345522724,0.018631633539592442,0.043915845667589756,0.0025764915312684665,0.02471283861041114,14747.826086956522,7936.0,0.10869565217391304,hardware_replay,0.47062993683330084,0.32028702166536,0.38893638366989847,0.21639003427674036,0.2751788536191201,0.2058799042670281,0.19440106114443234,0.45546161959101644,0.039081536505657336,0.3748569295066565,0.30666666666666664,300
0.0007779378264882521,0.0006328258262079112,3.6767777448363136e-05,0.0005813496061950074,CABIQAE,23.0,65536,0.3601392288564366,6.091537624307238e-05,0.0009631566672710969,11.0,0.0008503949344139433,0.0007088697635970799,250,250,0.0023604194427998258,0.0019675916502966753,0.002159302103789907,0.0017565184405954116,0.002032974525712767,0.0015636315618803294,0.0008789327544684337,0.0032004012246548484,0.00010205537832544069,0.0016136372148928665,62842.88,62720.0,0.0,hardware_replay,1.6155061943272762,1.5796673827421153,1.5975951928181757,1.5658380719036638,1.5867720942365602,1.5442212911372564,1.505469643622757,1.6565047283517247,0.009127167543915437,0.1443131901236884,0.8333333333333334,300
0.0005076230987753964,0.0004455748380362001,2.2740621383446778e-05,0.0003673859818995238,BAE,33.0,131072,0.36054960068510045,3.483592673956264e-05,0.0005627916201054257,16.0,0.0005533536167544496,0.000464616801206064,261,261,0.0015359294639154314,0.0012896249573429647,0.0014089964362140677,0.001236770667793133,0.0014881420992532927,0.0010489691916914419,0.0005350944547790821,0.0020276474108953803,6.312056043916756e-05,0.0010197438620508346,126107.9540229885,126208.0,0.0,hardware_replay,583.1569028654682,135.92693769980625,323.21823889385655,122.908104334363,132.6189539939684,105.57923839397009,67.69793847790969,176.50848612158583,117.67754692431356,1901.1389528601976,0.87,300
0.011370322464792703,0.007496047272728068,0.001829249577555193,0.008382674654112665,BIQAE,71.0,131072,0.3489024828656202,0.001829249577555193,0.008382674654112665,35.0,0.014895126812385376,0.008070804853173828,21,21,0.04134402206329388,0.02240192635625645,0.03156031289779079,0.0208065864584292,0.04611693512005702,0.013803317001515186,0.013025747938561389,0.048777448434215435,0.005077401209557168,0.023267575376456063,19699.809523809523,20992.0,0.19047619047619047,hardware_replay,0.5719261446732555,0.5045780578188311,0.5372121278414812,0.5250875569353495,0.5883030135305675,0.5058062893385007,0.46312879223842174,0.5913036242409637,0.01763293065564847,0.08080423945341643,0.07,300
0.0008209190585766746,0.0006581210389609571,0.0001561903417784117,0.0004685710253352351,CABIQAE,33.0,131072,0.36105875555209166,0.00017725466591048133,0.000531763997731444,16.0,0.001113713387662702,0.000537798318491372,9,9,0.003091305730504124,0.0014927530208619195,0.0022786040090475176,0.0018267297148819824,0.0037032762048938325,0.0011365832426739736,0.0012903134343616091,0.003558320524332907,0.00043353353199991493,0.0013006005959997448,129735.11111111111,131072.0,0.0,hardware_replay,3.5162459316354227,3.1695570278712286,3.3458831618065688,3.360174394849991,3.5760790000203997,2.9407071011010757,3.1937339000869542,3.574081667628857,0.09374723141005242,0.28124169423015727,0.03,300
0.00042131374361839503,0.0004161897984382157,1.7287122176774522e-05,0.0002792820058890017,BAE,33.0,262144,0.36059499162224884,2.4131120836522114e-05,0.00038985018805664704,16.0,0.00045452770249004474,0.00038654554025097874,261,261,0.001261620904395459,0.0010729245575348677,0.0011694297692883048,0.0011552073658640993,0.0012355449164838184,0.0010602198791963807,0.0005192790387962125,0.0016800608251086552,4.798342234274436e-05,0.000775195911978055,257331.9846743295,257536.0,0.0,hardware_replay,1157.376853413441,277.88749666991527,650.3063198321443,247.79553051333005,266.72233271565943,214.67047175501295,136.21890855581952,362.3657146171665,232.94703001667352,3763.374443916885,0.87,300
