a_true,abs_error,algorithm,algorithm_key,confidence_interval,elapsed_runtime_seconds,epsilon_target,final_estimate,max_queries_bae,n_shots,num_queries,objective_ry_offset,phase,rel_error,repetition
0.7041348196258655,3.798898841733678e-05,BIQAE,biqae,"[np.float64(0.7040844864983945), np.float64(0.7042611307301714)]",11.396239255000182,0.0001,0.7041728086142829,,,109820,0.67,1_iterative,5.395129932293622e-05,0
0.7041348196258655,8.8879265024433e-06,IQAE,iqae,"[np.float64(0.7040833896939698), np.float64(0.7042040254107661)]",14.324247827998988,0.0001,0.704143707552368,,,139910,0.67,1_iterative,1.2622478330450698e-05,0
0.7041348196258655,2.2683612650231666e-05,CABIQAE,cabiqae_latentt,"(0.7040912521613149, 0.7042237543157167)",12.668062877999546,0.0001,0.7041575032385158,,,122890,0.67,1_iterative,3.22148713825633e-05,0
0.7041348196258655,0.003351972490741706,BIQAE,biqae,"[np.float64(0.6966163758972175), np.float64(0.7049493183730303)]",0.4891041999999288,0.005,0.7007828471351238,,,2200,0.67,1_iterative,0.0047604129171211,0
0.7041348196258655,0.0007723039707309143,IQAE,iqae,"[np.float64(0.6999110421494282), np.float64(0.706813989160841)]",0.32353419099854364,0.005,0.7033625156551346,,,3100,0.67,1_iterative,0.0010968126404276807,0
0.7041348196258655,0.00258372276360308,CABIQAE,cabiqae_latentt,"(0.7031429014869811, 0.7102941832919563)",0.2702429860000848,0.005,0.7067185423894686,,,2090,0.67,1_iterative,0.003669358042790603,0
0.7041348196258655,0.00033539985586783505,BIQAE,biqae,"[np.float64(0.7036355690896392), np.float64(0.7053048698738275)]",1.4056204589996923,0.001,0.7044702194817334,,,10480,0.67,1_iterative,0.00047632903034967953,0
0.7041348196258655,6.0484947793981725e-05,IQAE,iqae,"[np.float64(0.703319009588655), np.float64(0.7050715995586642)]",1.113601158000165,0.001,0.7041953045736595,,,10780,0.67,1_iterative,8.589966879655199e-05,0
0.7041348196258655,0.00019298874865048,CABIQAE,cabiqae_latentt,"(0.7035370179481267, 0.7051185988009053)",1.266307568999764,0.001,0.704327808374516,,,10410,0.67,1_iterative,0.00027407925765270705,0
0.7041348196258655,0.0014197832859660364,BIQAE,biqae,"[np.float64(0.6589923731836226), np.float64(0.7464376994961763)]",0.08454870900095557,0.05,0.7027150363398995,,,260,0.67,1_iterative,0.0020163514804173764,0
0.7041348196258655,0.024687122301757958,IQAE,iqae,"[np.float64(0.6416082609162603), np.float64(0.7172871337319549)]",0.08652622500085272,0.05,0.6794476973241076,,,290,0.67,1_iterative,0.03506022087485348,0
0.7041348196258655,0.08252666558156041,CABIQAE,cabiqae_latentt,"(0.7631665130720484, 0.8101564573428035)",0.041279389000919764,0.05,0.786661485207426,,,210,0.67,1_iterative,0.11720293228136348,0
0.7041348196258655,0.00023749630744374084,BIQAE,biqae,"[np.float64(0.6952052667502931), np.float64(0.7125893798865504)]",0.2140057769993291,0.01,0.7038973233184218,,,1050,0.67,1_iterative,0.00033728811702556045,0
0.7041348196258655,0.00029200577612431555,IQAE,iqae,"[np.float64(0.6984053469858289), np.float64(0.7104483038181507)]",0.13983052399998996,0.01,0.7044268254019899,,,1290,0.67,1_iterative,0.0004147015145188668,0
0.7041348196258655,0.0003353602523548105,CABIQAE,cabiqae_latentt,"(0.6968229710306019, 0.7107759477164196)",0.14985562699985167,0.01,0.7037994593735107,,,990,0.67,1_iterative,0.00047627278613064547,0
0.7041348196258655,2.0393816715258417e-05,BIQAE,biqae,"[np.float64(0.7040567507015156), np.float64(0.704172100916785)]",16.21312993399988,0.0001,0.7041144258091503,,,156090,0.67,1_iterative,2.8962943099582053e-05,1
0.7041348196258655,1.289350221422847e-05,IQAE,iqae,"[np.float64(0.7040556394160515), np.float64(0.7042397868401081)]",10.812767559998974,0.0001,0.7041477131280798,,,108930,0.67,1_iterative,1.8311127151870282e-05,1
0.7041348196258655,4.416813146723708e-05,CABIQAE,cabiqae_latentt,"(0.7040889989096285, 0.7042689766050371)",8.652633472000161,0.0001,0.7041789877573328,,,84750,0.67,1_iterative,6.27268105995743e-05,1
0.7041348196258655,0.09215690097881513,BIQAE,biqae,"[np.float64(0.7912976420167595), np.float64(0.8012857991926018)]",0.3645410360004462,0.005,0.7962917206046807,,,1460,0.67,1_iterative,0.13087962476813986,1
0.7041348196258655,0.0006525419022519463,IQAE,iqae,"[np.float64(0.7008016140132214), np.float64(0.7087731090430135)]",0.2687002980001125,0.005,0.7047873615281175,,,2580,0.67,1_iterative,0.0009267286378461832,1
0.7041348196258655,0.0018795431556273279,CABIQAE,cabiqae_latentt,"(0.7025348734044604, 0.7094938521585253)",0.2287771880000946,0.005,0.7060143627814929,,,2110,0.67,1_iterative,0.002669294435156612,1
0.7041348196258655,1.3530211303569573e-05,BIQAE,biqae,"[np.float64(0.7033904862969774), np.float64(0.7049062133773608)]",1.3433541379999951,0.001,0.7041483498371691,,,11020,0.67,1_iterative,1.921537030473611e-05,1
0.7041348196258655,0.00016904374355430907,IQAE,iqae,"[np.float64(0.7034825466873298), np.float64(0.7051251800515099)]",1.140691987999162,0.001,0.7043038633694199,,,12240,0.67,1_iterative,0.0002400729787004833,1
0.7041348196258655,3.472088430378495e-05,CABIQAE,cabiqae_latentt,"(0.7034343110257125, 0.7047658864574111)",1.4559396160002507,0.001,0.7041000987415618,,,11240,0.67,1_iterative,4.930999481354085e-05,1
0.7041348196258655,0.0072053012128837635,BIQAE,biqae,"[np.float64(0.6524009084039093), np.float64(0.7414581284220542)]",0.049869137999849045,0.05,0.6969295184129818,,,210,0.67,1_iterative,0.010232843217030827,1
0.7041348196258655,0.004772722624826198,IQAE,iqae,"[np.float64(0.6741344646155494), np.float64(0.7436806198858341)]",0.04158292600004643,0.05,0.7089075422506917,,,210,0.67,1_iterative,0.006778137498387216,1
0.7041348196258655,0.0066210161371095255,CABIQAE,cabiqae_latentt,"(0.6630423217171127, 0.7319852852603992)",0.07921454999996058,0.05,0.697513803488756,,,240,0.67,1_iterative,0.009403051734648673,1
0.7041348196258655,0.0004343405790189214,BIQAE,biqae,"[np.float64(0.6950254937588775), np.float64(0.7123754643348158)]",0.22954539899910742,0.01,0.7037004790468466,,,970,0.67,1_iterative,0.0006168429211464129,1
0.7041348196258655,0.005917862238346117,IQAE,iqae,"[np.float64(0.7001555870788274), np.float64(0.719949776649596)]",0.15973507099988637,0.01,0.7100526818642117,,,1110,0.67,1_iterative,0.0084044448213632,1
0.7041348196258655,0.0020762168862792363,CABIQAE,cabiqae_latentt,"(0.6924170722624717, 0.7117001332167008)",0.11331205300120928,0.01,0.7020586027395863,,,820,0.67,1_iterative,0.00294860704003022,1
0.7041348196258655,1.8075487075552843e-05,BIQAE,biqae,"[np.float64(0.7040582467185283), np.float64(0.7041752415590516)]",15.338061401000232,0.0001,0.70411674413879,,,138960,0.67,1_iterative,2.5670491746391775e-05,2
0.7041348196258655,3.9823016119266974e-05,IQAE,iqae,"[np.float64(0.7040922144595539), np.float64(0.7042570708244156)]",12.941234386998985,0.0001,0.7041746426419848,,,129040,0.67,1_iterative,5.655595350394191e-05,2
0.7041348196258655,5.9378877391158547e-05,CABIQAE,cabiqae_latentt,"(0.7039793138731231, 0.7041715676238256)",9.885680318000595,0.0001,0.7040754407484744,,,98700,0.67,1_iterative,8.432884688575531e-05,2
0.7041348196258655,0.002083950647399302,BIQAE,biqae,"[np.float64(0.698864235083995), np.float64(0.7052375028729375)]",0.5649989969988383,0.005,0.7020508689784662,,,2540,0.67,1_iterative,0.0029595903927980534,2
0.7041348196258655,0.0023437023428333204,IQAE,iqae,"[np.float64(0.6979736127024517), np.float64(0.7056086218636127)]",0.31524240900034783,0.005,0.7017911172830322,,,2390,0.67,1_iterative,0.0033284852240067055,2
0.7041348196258655,0.00036476126062279235,CABIQAE,cabiqae_latentt,"(0.700797952262046, 0.7082012095109307)",0.22214799300127197,0.005,0.7044995808864883,,,1850,0.67,1_iterative,0.0005180275857066752,2
0.7041348196258655,0.00010097006805576125,BIQAE,biqae,"[np.float64(0.7034189172441081), np.float64(0.7050526621437346)]",1.4790062160009256,0.001,0.7042357896939213,,,10210,0.67,1_iterative,0.00014339593106531872,2
0.7041348196258655,0.00054284775057023,IQAE,iqae,"[np.float64(0.7027237488147364), np.float64(0.7044601949358542)]",0.9419380460003595,0.001,0.7035919718752953,,,10100,0.67,1_iterative,0.0007709429152483417,2
0.7041348196258655,0.00010957124306754107,CABIQAE,cabiqae_latentt,"(0.7030718332263507, 0.7049786635392454)",0.7564220169988403,0.001,0.704025248382798,,,7980,0.67,1_iterative,0.00015561116992589654,2
0.7041348196258655,0.0119982998547844,BIQAE,biqae,"[np.float64(0.671820577906601), np.float64(0.7604456610546988)]",0.04310505200010084,0.05,0.71613311948065,,,210,0.67,1_iterative,0.017039776361520608,2
0.7041348196258655,0.023617961098945428,IQAE,iqae,"[np.float64(0.6329165088866807), np.float64(0.7281172081671594)]",0.040530543999921065,0.05,0.6805168585269201,,,210,0.67,1_iterative,0.033541816766701836,2
0.7041348196258655,0.013789029755914561,CABIQAE,cabiqae_latentt,"(0.6733117723987455, 0.7625359263648147)",0.0392325359989627,0.05,0.7179238493817801,,,160,0.67,1_iterative,0.01958293976037318,2
0.7041348196258655,0.003969735724572598,BIQAE,biqae,"[np.float64(0.690705272983322), np.float64(0.7096248948192638)]",0.28147157399871503,0.01,0.700165083901293,,,970,0.67,1_iterative,0.00563774949615739,2
0.7041348196258655,0.0004877925139082917,IQAE,iqae,"[np.float64(0.6965384847214429), np.float64(0.7127067395581049)]",0.13156057900050655,0.01,0.7046226121397738,,,880,0.67,1_iterative,0.0006927544275789045,2
0.7041348196258655,0.006715914307340642,CABIQAE,cabiqae_latentt,"(0.7033044417431842, 0.7183970261232281)",0.12239189399952011,0.01,0.7108507339332062,,,1010,0.67,1_iterative,0.009537824462237318,2
0.5682384803402307,4.227217828001173e-07,BIQAE,biqae,"[np.float64(0.5681626120211587), np.float64(0.5683135032157371)]",13.448148247000063,0.0001,0.5682380576184479,,,122290,0.52,1_iterative,7.439161503934302e-07,3
0.5682384803402307,5.376230433351559e-05,IQAE,iqae,"[np.float64(0.5680880054368166), np.float64(0.5682814306349778)]",13.188713956000356,0.0001,0.5681847180358972,,,124610,0.52,1_iterative,9.461222038557755e-05,3
0.5682384803402307,1.4165490866857589e-05,CABIQAE,cabiqae_latentt,"(0.5681675774225818, 0.5683377142396133)",11.662483019999854,0.0001,0.5682526458310976,,,109190,0.52,1_iterative,2.4928777893352193e-05,3
0.5682384803402307,0.00012144827835336436,BIQAE,biqae,"[np.float64(0.5642733402647154), np.float64(0.5724465169724527)]",0.7082626949995756,0.005,0.5683599286185841,,,2480,0.52,1_iterative,0.00021372765582620813,3
0.5682384803402307,0.0004447166950021231,IQAE,iqae,"[np.float64(0.5633928663555114), np.float64(0.5721946609349458)]",0.35961227799998596,0.005,0.5677937636452286,,,2780,0.52,1_iterative,0.0007826233357794611,3
0.5682384803402307,0.0010320078499062024,CABIQAE,cabiqae_latentt,"(0.564361470733212, 0.574179505647062)",0.17337879600017914,0.005,0.5692704881901369,,,1570,0.52,1_iterative,0.0018161526992826877,3
0.5682384803402307,0.0003526007121502639,BIQAE,biqae,"[np.float64(0.5680312495339702), np.float64(0.5691509125707918)]",1.7901141129987082,0.001,0.568591081052381,,,15370,0.52,1_iterative,0.0006205153722415024,3
0.5682384803402307,0.0003837876979968513,IQAE,iqae,"[np.float64(0.567641025979024), np.float64(0.5696035100974312)]",1.1623728440008563,0.001,0.5686222680382276,,,12150,0.52,1_iterative,0.0006753989940404244,3
0.5682384803402307,0.0003900405130041751,CABIQAE,cabiqae_latentt,"(0.5676955251617116, 0.5695615165447582)",1.0124490189991775,0.001,0.5686285208532349,,,9060,0.52,1_iterative,0.0006864028510892816,3
0.5682384803402307,0.001490367061135256,BIQAE,biqae,"[np.float64(0.5222508104304066), np.float64(0.6172068843723255)]",0.058546849999402184,0.05,0.569728847401366,,,250,0.52,1_iterative,0.0026227844693708603,3
0.5682384803402307,0.015032034038102271,IQAE,iqae,"[np.float64(0.5042800489790353), np.float64(0.6021328436252215)]",0.05096634300025471,0.05,0.5532064463021285,,,280,0.52,1_iterative,0.026453741797109367,3
0.5682384803402307,0.026239417899854844,CABIQAE,cabiqae_latentt,"(0.5153034414079023, 0.5686946834728496)",0.03452220699909958,0.05,0.5419990624403759,,,200,0.52,1_iterative,0.04617677050689015,3
0.5682384803402307,0.003591279463505015,BIQAE,biqae,"[np.float64(0.5648861707263905), np.float64(0.578773348881081)]",0.4040281550005602,0.01,0.5718297598037357,,,1550,0.52,1_iterative,0.006320021589095391,3
0.5682384803402307,0.0005798154429046409,IQAE,iqae,"[np.float64(0.5598875709751115), np.float64(0.5777490205911592)]",0.15680063999934646,0.01,0.5688182957831354,,,1210,0.52,1_iterative,0.0010203734223656914,3
0.5682384803402307,0.005921220169206487,CABIQAE,cabiqae_latentt,"(0.5548567037487444, 0.569777816593304)",0.19804862399905687,0.01,0.5623172601710242,,,1090,0.52,1_iterative,0.010420308328399686,3
0.49216902723816036,1.727539252505128e-05,BIQAE,biqae,"[np.float64(0.49209576085232803), np.float64(0.49227684440904285)]",11.387408571999913,0.0001,0.4921863026306854,,,109990,0.44,1_iterative,3.510052760124567e-05,4
0.49216902723816036,1.4798106509339437e-05,IQAE,iqae,"[np.float64(0.4920636628609559), np.float64(0.49224479540234617)]",12.14579755199884,0.0001,0.492154229131651,,,118350,0.44,1_iterative,3.0067122655767286e-05,4
0.49216902723816036,1.1922044226675421e-05,CABIQAE,cabiqae_latentt,"(0.4920967740840621, 0.49226512448071197)",10.352015448999737,0.0001,0.49218094928238704,,,101450,0.44,1_iterative,2.422347520236447e-05,4
0.49216902723816036,0.0014679199065493753,BIQAE,biqae,"[np.float64(0.4857038138703561), np.float64(0.49569840079286587)]",0.5335180239999318,0.005,0.490701107331611,,,2510,0.44,1_iterative,0.0029825523860912313,4
0.49216902723816036,0.000695164946383553,IQAE,iqae,"[np.float64(0.4879809905718192), np.float64(0.4977473937972686)]",0.260728430999734,0.005,0.4928641921845439,,,2450,0.44,1_iterative,0.001412451633302725,4
0.49216902723816036,0.0024776003335140184,CABIQAE,cabiqae_latentt,"(0.4899749665811825, 0.49931828856216626)",0.212463765999928,0.005,0.4946466275716744,,,1850,0.44,1_iterative,0.005034043583394997,4
0.49216902723816036,1.9921432942771045e-05,BIQAE,biqae,"[np.float64(0.4912950501974887), np.float64(0.49308284714471756)]",1.7069345019990578,0.001,0.49218894867110313,,,11690,0.44,1_iterative,4.0476811502262764e-05,4
0.49216902723816036,0.00012877132388078305,IQAE,iqae,"[np.float64(0.4913471700466072), np.float64(0.492733341781952)]",1.5700216009990982,0.001,0.4920402559142796,,,16650,0.44,1_iterative,0.00026164044617637156,4
0.49216902723816036,0.00014309967949877045,CABIQAE,cabiqae_latentt,"(0.491459138522253, 0.4931651153130652)",0.9193062749982346,0.001,0.49231212691765913,,,9410,0.44,1_iterative,0.00029075311850033296,4
0.49216902723816036,0.0029345297191173403,BIQAE,biqae,"[np.float64(0.44019194847940096), np.float64(0.538277046558685)]",0.10044046499933756,0.05,0.489234497519043,,,150,0.44,1_iterative,0.0059624428940290115,4
0.49216902723816036,0.010201138458590109,IQAE,iqae,"[np.float64(0.45811191519428285), np.float64(0.5058238623648577)]",0.08356991500113509,0.05,0.48196788877957025,,,410,0.44,1_iterative,0.020726900503744587,4
0.49216902723816036,0.019347405032217213,CABIQAE,cabiqae_latentt,"(0.4825594136254727, 0.5404734509152824)",0.0405324869989272,0.05,0.5115164322703776,,,210,0.44,1_iterative,0.03931048879850583,4
0.49216902723816036,0.006278333926946655,BIQAE,biqae,"[np.float64(0.475966576375829), np.float64(0.49581481024659846)]",0.27594890899854363,0.01,0.4858906933112137,,,1270,0.44,1_iterative,0.01275645881695959,4
0.49216902723816036,0.004161368549430278,IQAE,iqae,"[np.float64(0.4880813470600986), np.float64(0.5045794445150826)]",0.127011313001276,0.01,0.49633039578759064,,,1240,0.44,1_iterative,0.008455161375721014,4
0.49216902723816036,0.0002492516398678868,CABIQAE,cabiqae_latentt,"(0.48406466160565864, 0.4997748895909263)",0.12994582499959506,0.01,0.4919197755982925,,,960,0.44,1_iterative,0.000506435037707633,4
0.7041348196258655,1.8367476205205513e-05,BIQAE,biqae,"[np.float64(0.7040204262584392), np.float64(0.7042124780408816)]",10.461884066000493,0.0001,0.7041164521496603,,,97310,0.67,1_iterative,2.6085169619881707e-05,5
0.7041348196258655,2.178918568707111e-05,IQAE,iqae,"[np.float64(0.7040352546977376), np.float64(0.7041908061826193)]",11.903495073000158,0.0001,0.7041130304401785,,,119140,0.67,1_iterative,3.0944621796502776e-05,5
0.7041348196258655,1.5391637532280456e-06,CABIQAE,cabiqae_latentt,"(0.7040678120793665, 0.7041987488448581)",11.974357097000393,0.0001,0.7041332804621123,,,116540,0.67,1_iterative,2.185893539600646e-06,5
0.7041348196258655,0.0006030032910476768,BIQAE,biqae,"[np.float64(0.6998450498014435), np.float64(0.7072185828681923)]",0.41774045700003626,0.005,0.7035318163348179,,,2300,0.67,1_iterative,0.0008563747655144737,5
0.7041348196258655,0.002375581167269991,IQAE,iqae,"[np.float64(0.703289526185966), np.float64(0.709731275400305)]",0.2937395379994996,0.005,0.7065104007931355,,,2690,0.67,1_iterative,0.0033737589749250445,5
0.7041348196258655,0.0009277600800919883,CABIQAE,cabiqae_latentt,"(0.6985339960779183, 0.7078801230136287)",0.18498034700132848,0.005,0.7032070595457736,,,1580,0.67,1_iterative,0.0013175886978362234,5
0.7041348196258655,4.452094496076864e-05,BIQAE,biqae,"[np.float64(0.7032244344772148), np.float64(0.7049561628845946)]",1.1923320619989681,0.001,0.7040902986809048,,,9660,0.67,1_iterative,6.322787017466962e-05,5
0.7041348196258655,8.133508235597109e-05,IQAE,iqae,"[np.float64(0.7033117301765371), np.float64(0.7047952389104821)]",1.4369373659992561,0.001,0.7040534845435096,,,12390,0.67,1_iterative,0.00011551066654989113,5
0.7041348196258655,0.00034052760762059986,CABIQAE,cabiqae_latentt,"(0.703546899774199, 0.7054037946927734)",0.8430874910009152,0.001,0.7044753472334861,,,8450,0.67,1_iterative,0.0004836113740285355,5
0.7041348196258655,0.016403736265740654,BIQAE,biqae,"[np.float64(0.6441428513731768), np.float64(0.7313193153470728)]",0.05116431199894578,0.05,0.6877310833601249,,,220,0.67,1_iterative,0.023296300379601457,5
0.7041348196258655,0.0043261470466692264,IQAE,iqae,"[np.float64(0.663222188930254), np.float64(0.7536997444148157)]",0.05593071499970392,0.05,0.7084609666725348,,,280,0.67,1_iterative,0.006143918644682105,5
0.7041348196258655,0.00827631090448222,CABIQAE,cabiqae_latentt,"(0.6684797298977957, 0.723237287544971)",0.04616886199983128,0.05,0.6958585087213833,,,210,0.67,1_iterative,0.011753872516742958,5
0.7041348196258655,0.0014196533439820858,BIQAE,biqae,"[np.float64(0.6962003389995056), np.float64(0.7092299935642613)]",0.28682552899954317,0.01,0.7027151662818835,,,1210,0.67,1_iterative,0.002016166939076246,5
0.7041348196258655,0.0036855682605042572,IQAE,iqae,"[np.float64(0.701530762836746), np.float64(0.7141100129359937)]",0.21495234399844776,0.01,0.7078203878863698,,,1560,0.67,1_iterative,0.0052341798158235435,5
0.7041348196258655,0.003435207589125522,CABIQAE,cabiqae_latentt,"(0.7001217711945767, 0.7150182832354054)",0.11294896599974891,0.01,0.7075700272149911,,,970,0.67,1_iterative,0.0048786219533224935,5
0.3602728053304129,8.415822798146788e-06,BIQAE,biqae,"[np.float64(0.3601670862663806), np.float64(0.3603616927488489)]",10.726522598999509,0.0001,0.36026438950761475,,,100190,0.3,1_iterative,2.3359583831004064e-05,6
0.3602728053304129,3.1210308673035314e-06,IQAE,iqae,"[np.float64(0.36019498522507054), np.float64(0.36035686749748985)]",16.38717136500054,0.0001,0.3602759263612802,,,155670,0.3,1_iterative,8.662965455972109e-06,6
0.3602728053304129,1.845371743552926e-05,CABIQAE,cabiqae_latentt,"(0.36023215640531403, 0.3603503616903828)",14.789859500999228,0.0001,0.3602912590478484,,,143270,0.3,1_iterative,5.122151092865589e-05,6
0.3602728053304129,0.0014108425193397056,BIQAE,biqae,"[np.float64(0.357312851659988), np.float64(0.3660544440395172)]",0.45397494899953017,0.005,0.3616836478497526,,,2000,0.3,1_iterative,0.003916039452508206,6
0.3602728053304129,0.00157382721075644,IQAE,iqae,"[np.float64(0.3576487546796217), np.float64(0.3660445104027169)]",0.2804627419991448,0.005,0.36184663254116933,,,2660,0.3,1_iterative,0.004368431886811589,6
0.3602728053304129,0.00014583635696313602,CABIQAE,cabiqae_latentt,"(0.3561996657088539, 0.3640542722380456)",0.23748847200113232,0.005,0.36012696897344976,,,2030,0.3,1_iterative,0.0004047942414898254,6
0.3602728053304129,2.6615693385412253e-05,BIQAE,biqae,"[np.float64(0.35966063529035325), np.float64(0.3609382067572433)]",1.9865319179989456,0.001,0.3602994210237983,,,14410,0.3,1_iterative,7.387649856336646e-05,6
0.3602728053304129,0.00022700977676631817,IQAE,iqae,"[np.float64(0.35975841848533563), np.float64(0.3612412117290228)]",1.5455525310007943,0.001,0.3604998151071792,,,15210,0.3,1_iterative,0.0006301052241734518,6
0.3602728053304129,0.0004920536341134207,CABIQAE,cabiqae_latentt,"(0.36007339054679893, 0.3614563273822537)",1.3810969299993303,0.001,0.3607648589645263,,,11200,0.3,1_iterative,0.0013657806718499032,6
0.3602728053304129,0.002543948199988766,BIQAE,biqae,"[np.float64(0.3283333859350494), np.float64(0.3973001211257539)]",0.09230046500124445,0.05,0.36281675353040166,,,260,0.3,1_iterative,0.007061171874062667,6
0.3602728053304129,0.01456363225780527,IQAE,iqae,"[np.float64(0.3428911876036445), np.float64(0.40678168757279176)]",0.08241147599983378,0.05,0.37483643758821816,,,320,0.3,1_iterative,0.040423901116956894,6
0.3602728053304129,0.021141692479998364,CABIQAE,cabiqae_latentt,"(0.3029335085447675, 0.37532871715606153)",0.04828616399936436,0.05,0.33913111285041453,,,230,0.3,1_iterative,0.05868245442674732,6
0.3602728053304129,0.0014617891782595094,BIQAE,biqae,"[np.float64(0.3508311242389906), np.float64(0.36679090806531617)]",0.44788779500049714,0.01,0.3588110161521534,,,1230,0.3,1_iterative,0.004057450789045472,6
0.3602728053304129,0.0036882692900725433,IQAE,iqae,"[np.float64(0.3573595655610668), np.float64(0.3705625836799041)]",0.17351601700102037,0.01,0.36396107462048544,,,1540,0.3,1_iterative,0.010237434620384303,6
0.3602728053304129,0.0010571605516434546,CABIQAE,cabiqae_latentt,"(0.35616356732263976, 0.366496364441473)",0.19179274299858662,0.01,0.36132996588205635,,,1490,0.3,1_iterative,0.002934333471753198,6
0.530324472540106,9.162565132947442e-06,BIQAE,biqae,"[np.float64(0.5302472695973794), np.float64(0.5304200006130984)]",10.592219410000325,0.0001,0.5303336351052389,,,102320,0.48,1_iterative,1.7277281376552955e-05,7
0.530324472540106,8.049015857936048e-06,IQAE,iqae,"[np.float64(0.5302381163424532), np.float64(0.5304269267694746)]",12.526411888000439,0.0001,0.5303325215559639,,,125750,0.48,1_iterative,1.5177530502002882e-05,7
0.530324472540106,0.04032979414849325,CABIQAE,cabiqae_latentt,"(0.5705656267309098, 0.5707429066462886)",9.969929790000606,0.0001,0.5706542666885992,,,90840,0.48,1_iterative,0.07604739407051085,7
0.530324472540106,0.0007205892276225256,BIQAE,biqae,"[np.float64(0.5262415383882753), np.float64(0.5329662282366915)]",0.5232783619994734,0.005,0.5296038833124834,,,2700,0.48,1_iterative,0.0013587704602261795,7
0.530324472540106,0.00012460289543458902,IQAE,iqae,"[np.float64(0.5259167791562319), np.float64(0.5349813717148492)]",0.333332595999309,0.005,0.5304490754355405,,,3050,0.48,1_iterative,0.00023495595976888637,7
0.530324472540106,0.0036043398228595702,CABIQAE,cabiqae_latentt,"(0.5304586880758032, 0.537398936650128)",0.18640254400088452,0.005,0.5339288123629655,,,1610,0.48,1_iterative,0.00679648028610822,7
0.530324472540106,7.275035658804718e-05,BIQAE,biqae,"[np.float64(0.5298105544768441), np.float64(0.5309838913165438)]",1.859670924999591,0.001,0.530397222896694,,,15060,0.48,1_iterative,0.000137180839948029,7
0.530324472540106,0.000269637178732407,IQAE,iqae,"[np.float64(0.5293110129720271), np.float64(0.53079865775072)]",1.6636953109991737,0.001,0.5300548353613735,,,13750,0.48,1_iterative,0.0005084381217425632,7
0.530324472540106,0.0012582940953145272,CABIQAE,cabiqae_latentt,"(0.5309918763250828, 0.5321736569457582)",0.8745125819987152,0.001,0.5315827666354205,,,9000,0.48,1_iterative,0.0023726872140892355,7
0.530324472540106,0.024528926667834572,BIQAE,biqae,"[np.float64(0.46869360499817936), np.float64(0.5428974867463635)]",0.11531364300026326,0.05,0.5057955458722714,,,210,0.48,1_iterative,0.04625267725313122,7
0.530324472540106,0.0228819737620225,IQAE,iqae,"[np.float64(0.5042800489790353), np.float64(0.6021328436252215)]",0.029422532999888062,0.05,0.5532064463021285,,,170,0.48,1_iterative,0.043147120200627824,7
0.530324472540106,0.007035436758016322,CABIQAE,cabiqae_latentt,"(0.492542482004604, 0.5821773365916405)",0.03553771999941091,0.05,0.5373599092981223,,,160,0.48,1_iterative,0.013266287192666308,7
0.530324472540106,0.002394130824305729,BIQAE,biqae,"[np.float64(0.5270182310777405), np.float64(0.5384189756510829)]",0.5316730269987602,0.01,0.5327186033644117,,,1400,0.48,1_iterative,0.0045144641597219,7
0.530324472540106,0.001782953064191739,IQAE,iqae,"[np.float64(0.5214432992489729), np.float64(0.5356397397028554)]",0.22425760500118486,0.01,0.5285415194759142,,,2020,0.48,1_iterative,0.003362004124855661,7
0.530324472540106,0.0010075494239651928,CABIQAE,cabiqae_latentt,"(0.5228759696780094, 0.535757876554272)",0.13298163999934332,0.01,0.5293169231161408,,,1220,0.48,1_iterative,0.0018998735229760616,7
0.49216902723816036,5.315166515601488e-05,BIQAE,biqae,"[np.float64(0.4920323581237262), np.float64(0.4921993930222825)]",11.706302450000294,0.0001,0.49211587557300435,,,111750,0.44,1_iterative,0.00010799473801567529,8
0.49216902723816036,9.032630329808278e-06,IQAE,iqae,"[np.float64(0.49210297761681154), np.float64(0.4922531421201688)]",16.576206749999983,0.0001,0.49217805986849017,,,158190,0.44,1_iterative,1.8352699641615994e-05,8
0.49216902723816036,1.59957646990172e-05,CABIQAE,cabiqae_latentt,"(0.4920937056064266, 0.49227634039929213)",11.084278557000289,0.0001,0.4921850230028594,,,102540,0.44,1_iterative,3.2500551261379674e-05,8
0.49216902723816036,0.0015522613583235922,BIQAE,biqae,"[np.float64(0.48963188605584945), np.float64(0.49781069113711846)]",0.5479263640008867,0.005,0.49372128859648395,,,2900,0.44,1_iterative,0.0031539192277787397,8
0.49216902723816036,0.0017012614934368009,IQAE,iqae,"[np.float64(0.4896754773364838), np.float64(0.4980651001267105)]",0.29163067400077125,0.005,0.49387028873159716,,,2600,0.44,1_iterative,0.0034566610235177626,8
0.49216902723816036,0.005336930719501087,CABIQAE,cabiqae_latentt,"(0.48317933882725306, 0.4904848542100655)",0.19684339500054193,0.005,0.4868320965186593,,,1580,0.44,1_iterative,0.010843694796175276,8
0.49216902723816036,0.0006376648538002905,BIQAE,biqae,"[np.float64(0.49053387875336923), np.float64(0.4925288460153509)]",1.5497800900011498,0.001,0.49153136238436007,,,9760,0.44,1_iterative,0.0012956216635138333,8
0.49216902723816036,0.0005343000897023442,IQAE,iqae,"[np.float64(0.49182851191298754), np.float64(0.49357814274273787)]",1.030844431999867,0.001,0.4927033273278627,,,10000,0.44,1_iterative,0.0010856028318169575,8
0.49216902723816036,0.0002220182551289085,CABIQAE,cabiqae_latentt,"(0.4911888814920925, 0.4927051364739704)",1.1330907019982988,0.001,0.49194700898303145,,,11580,0.44,1_iterative,0.00045110163956228386,8
0.49216902723816036,0.01385800795283526,BIQAE,biqae,"[np.float64(0.4297492008645114), np.float64(0.5268728377061388)]",0.07002282699977513,0.05,0.4783110192853251,,,150,0.44,1_iterative,0.028157009453846384,8
0.49216902723816036,0.007830972761839639,IQAE,iqae,"[np.float64(0.46164198682374175), np.float64(0.5383580131762583)]",0.03629413900125655,0.05,0.5,,,230,0.44,1_iterative,0.01591114501004598,8
0.49216902723816036,0.010691282725246665,CABIQAE,cabiqae_latentt,"(0.4343009932137656, 0.5286544958120618)",0.027222552998864558,0.05,0.4814777445129137,,,130,0.44,1_iterative,0.021722786550062927,8
0.49216902723816036,0.005041263420882625,BIQAE,biqae,"[np.float64(0.48724751060359156), np.float64(0.5071730707144945)]",0.3927846199985652,0.01,0.497210290659043,,,900,0.44,1_iterative,0.010242951388412257,8
0.49216902723816036,0.003448800756402859,IQAE,iqae,"[np.float64(0.4796302539628699), np.float64(0.4978101990006451)]",0.1764111070006038,0.01,0.4887202264817575,,,1320,0.44,1_iterative,0.007007350250697482,8
0.49216902723816036,0.02256028630151341,CABIQAE,cabiqae_latentt,"(0.508314891277461, 0.5211437358018866)",0.08334502499928931,0.01,0.5147293135396738,,,600,0.44,1_iterative,0.04583849257664989,8
0.530324472540106,9.596596167948945e-06,BIQAE,biqae,"[np.float64(0.5302358258848), np.float64(0.5304323123877477)]",11.45901760400011,0.0001,0.5303340691362739,,,108270,0.48,1_iterative,1.8095706807539792e-05,9
0.530324472540106,1.3027539538246202e-05,IQAE,iqae,"[np.float64(0.5302376619951155), np.float64(0.53038522800602)]",14.268321736000871,0.0001,0.5303114450005677,,,144270,0.48,1_iterative,2.4565224146356908e-05,9
0.530324472540106,7.871740409060024e-06,CABIQAE,cabiqae_latentt,"(0.5302527227318657, 0.5304119658291643)",12.73654324600102,0.0001,0.530332344280515,,,106470,0.48,1_iterative,1.4843253171698051e-05,9
0.530324472540106,0.00059792662858138,BIQAE,biqae,"[np.float64(0.5277661161430944), np.float64(0.5340786821942803)]",0.6786767989997315,0.005,0.5309223991686873,,,2980,0.48,1_iterative,0.0011274731971494332,9
0.530324472540106,0.0016155943852662613,IQAE,iqae,"[np.float64(0.5241082177169071), np.float64(0.5333095385927722)]",0.30694323100033216,0.005,0.5287088781548397,,,2450,0.48,1_iterative,0.0030464262332228717,9
0.530324472540106,0.0020395687123393458,CABIQAE,cabiqae_latentt,"(0.5275666053302435, 0.5371614771746472)",0.2641878340000403,0.005,0.5323640412524453,,,1940,0.48,1_iterative,0.0038458883531630773,9
0.530324472540106,1.3256117868287731e-05,BIQAE,biqae,"[np.float64(0.5297234520512624), np.float64(0.530898980793213)]",1.9041507250003633,0.001,0.5303112164222377,,,13880,0.48,1_iterative,2.4996240141049182e-05,9
0.530324472540106,0.0001653068664354551,IQAE,iqae,"[np.float64(0.5292408081244363), np.float64(0.5310775232229047)]",0.7114375460005249,0.001,0.5301591656736705,,,7590,0.48,1_iterative,0.0003117089159466495,9
0.530324472540106,6.495163028019668e-05,CABIQAE,cabiqae_latentt,"(0.5293402751467758, 0.5311787666728756)",1.1983751650004706,0.001,0.5302595209098258,,,9640,0.48,1_iterative,0.0001224752649431706,9
0.530324472540106,0.011502817492919704,BIQAE,biqae,"[np.float64(0.4706161064654713), np.float64(0.5670272036289011)]",0.060734056000001146,0.05,0.5188216550471862,,,170,0.48,1_iterative,0.02169015025428569,9
0.530324472540106,0.010827736864597148,IQAE,iqae,"[np.float64(0.4792079954329166), np.float64(0.559785475918101)]",0.047438978999707615,0.05,0.5194967356755088,,,270,0.48,1_iterative,0.020417192540135506,9
0.530324472540106,0.008379745939374073,CABIQAE,cabiqae_latentt,"(0.47582154892947076, 0.5680679042719929)",0.06089584199980891,0.05,0.5219447266007319,,,150,0.48,1_iterative,0.01580116772518046,9
0.530324472540106,0.0038229716619524456,BIQAE,biqae,"[np.float64(0.5268094951304066), np.float64(0.5414853932737101)]",0.2975435139996989,0.01,0.5341474442020584,,,1110,0.48,1_iterative,0.0072087407990837765,9
0.530324472540106,0.0018068014381125153,IQAE,iqae,"[np.float64(0.5206179600380209), np.float64(0.5364173821659659)]",0.23364758500065363,0.01,0.5285176711019934,,,1720,0.48,1_iterative,0.003406973525959384,9
0.530324472540106,0.008320879945421966,CABIQAE,cabiqae_latentt,"(0.5343607322851128, 0.5429299726859431)",0.1885670810006559,0.01,0.5386453524855279,,,1280,0.48,1_iterative,0.015690167767607024,9
0.6056665183230261,4.105625006389779e-05,BIQAE,biqae,"[np.float64(0.6056205406519342), np.float64(0.6057946084942458)]",11.708005748998403,0.0001,0.60570757457309,,,105010,0.56,1_iterative,6.778689067636533e-05,10
0.6056665183230261,1.3969647481681946e-05,IQAE,iqae,"[np.float64(0.6055958669738535), np.float64(0.605765108967162)]",13.478013570000257,0.0001,0.6056804879705078,,,129820,0.56,1_iterative,2.30649161858265e-05,10
0.6056665183230261,3.383785144162044e-05,CABIQAE,cabiqae_latentt,"(0.6056123911495972, 0.6057883211993382)",12.733791009000925,0.0001,0.6057003561744677,,,114010,0.56,1_iterative,5.586878326262929e-05,10
0.6056665183230261,0.0029127155263675153,BIQAE,biqae,"[np.float64(0.6051541012130988), np.float64(0.6120043664856883)]",0.5920255600012752,0.005,0.6085792338493936,,,2380,0.56,1_iterative,0.004809107715632463,10
0.6056665183230261,0.002450221335731806,IQAE,iqae,"[np.float64(0.5988929134107879), np.float64(0.6075396805638007)]",0.3571574180004973,0.005,0.6032162969872943,,,2220,0.56,1_iterative,0.004045495766409536,10
0.6056665183230261,0.0015426746567142047,CABIQAE,cabiqae_latentt,"(0.6039093689497117, 0.610509017009769)",0.29395761999876413,0.005,0.6072091929797403,,,2510,0.56,1_iterative,0.002547069402128375,10
0.6056665183230261,0.00017551947171712268,BIQAE,biqae,"[np.float64(0.6045731733177452), np.float64(0.6064088243848728)]",1.2565355829992768,0.001,0.605490998851309,,,10310,0.56,1_iterative,0.0002897955663837953,10
0.6056665183230261,7.583206170103107e-05,IQAE,iqae,"[np.float64(0.6049479227505806), np.float64(0.6065367780188736)]",1.1997335859996383,0.001,0.6057423503847271,,,12120,0.56,1_iterative,0.00012520431525750415,10
0.6056665183230261,0.0003439986378566129,CABIQAE,cabiqae_latentt,"(0.6043653673149796, 0.6062796720553595)",1.138376648999838,0.001,0.6053225196851695,,,9740,0.56,1_iterative,0.0005679670700785622,10
0.6056665183230261,0.014618157424524547,BIQAE,biqae,"[np.float64(0.5946523185403135), np.float64(0.6459170329547879)]",0.08485143199868617,0.05,0.6202846757475506,,,310,0.56,1_iterative,0.024135653833068746,10
0.6056665183230261,0.0035414808984843837,IQAE,iqae,"[np.float64(0.5614735148519269), np.float64(0.656942483591094)]",0.04324531400015985,0.05,0.6092079992215105,,,240,0.56,1_iterative,0.005847245623367232,10
0.6056665183230261,0.01633008220807608,CABIQAE,cabiqae_latentt,"(0.5924510073113074, 0.6515421937508971)",0.0459992060004879,0.05,0.6219966005311022,,,210,0.56,1_iterative,0.026962167651748244,10
0.6056665183230261,0.0021404197719108176,BIQAE,biqae,"[np.float64(0.5980182975249205), np.float64(0.6175955786649534)]",0.27480319399910513,0.01,0.6078069380949369,,,1050,0.56,1_iterative,0.0035339905825357947,10
0.6056665183230261,0.0006083971791162046,IQAE,iqae,"[np.float64(0.5959889146128668), np.float64(0.614127327674953)]",0.1502124319995346,0.01,0.6050581211439099,,,1250,0.56,1_iterative,0.0010045085219515504,10
0.6056665183230261,0.02247717325376164,CABIQAE,cabiqae_latentt,"(0.5768989176025215, 0.5894797725360075)",0.13596895699993183,0.01,0.5831893450692645,,,1130,0.56,1_iterative,0.037111467406183526,10
0.3602728053304129,3.179396731184392e-05,BIQAE,biqae,"[np.float64(0.36024346998337103), np.float64(0.3603657286120784)]",15.920349443000305,0.0001,0.36030459929772474,,,150930,0.3,1_iterative,8.824970089731053e-05,11
0.3602728053304129,8.65901104624145e-06,IQAE,iqae,"[np.float64(0.36017400744501205), np.float64(0.3603542851937213)]",12.370639757999015,0.0001,0.36026414631936665,,,116700,0.3,1_iterative,2.403459522375026e-05,11
0.3602728053304129,4.380744996829167e-05,CABIQAE,cabiqae_latentt,"(0.3601384476886062, 0.36031954807228306)",10.608774281001388,0.0001,0.3602289978804446,,,104380,0.3,1_iterative,0.00012159521706922908,11
0.3602728053304129,0.0017382915202724947,BIQAE,biqae,"[np.float64(0.35404689993361965), np.float64(0.36302212768666114)]",1.0308960380007193,0.005,0.3585345138101404,,,1900,0.3,1_iterative,0.004824931259183649,11
0.3602728053304129,2.650202933079937e-05,IQAE,iqae,"[np.float64(0.35626566685047395), np.float64(0.3642269397516902)]",0.3858987870007695,0.005,0.3602463033010821,,,2590,0.3,1_iterative,7.356100415765177e-05,11
0.3602728053304129,0.0001242615672867875,CABIQAE,cabiqae_latentt,"(0.35632871106013503, 0.3639683764661172)",0.26611956800115877,0.005,0.3601485437631261,,,2290,0.3,1_iterative,0.0003449096502657893,11
0.3602728053304129,0.00036299295384883967,BIQAE,biqae,"[np.float64(0.3599184353320134), np.float64(0.36135316123651007)]",1.5982327109995822,0.001,0.36063579828426173,,,11810,0.3,1_iterative,0.0010075502465858672,11
0.3602728053304129,0.00011830658413131134,IQAE,iqae,"[np.float64(0.3595331755817763), np.float64(0.3612490482473122)]",1.1483864580004592,0.001,0.3603911119145442,,,11480,0.3,1_iterative,0.0003283805560145184,11
0.3602728053304129,0.0002896550455570024,CABIQAE,cabiqae_latentt,"(0.3598495472506112, 0.3612753735013286)",1.3447017990001768,0.001,0.3605624603759699,,,11660,0.3,1_iterative,0.0008039880925549026,11
0.3602728053304129,0.008692003970902473,BIQAE,biqae,"[np.float64(0.3158311083826646), np.float64(0.3873304943363563)]",0.13536311800089607,0.05,0.3515808013595104,,,190,0.3,1_iterative,0.02412617283985916,11
0.3602728053304129,0.036201196095585864,IQAE,iqae,"[np.float64(0.34858959963357505), np.float64(0.4443584032184225)]",0.04270348399950308,0.05,0.39647400142599876,,,240,0.3,1_iterative,0.10048273297337854,11
0.3602728053304129,0.06247183819731422,CABIQAE,cabiqae_latentt,"(0.25825835674730335, 0.33734357751889404)",0.053630316999260685,0.05,0.29780096713309867,,,190,0.3,1_iterative,0.17340148152459117,11
0.3602728053304129,0.0017559060648681402,BIQAE,biqae,"[np.float64(0.3566183308804042), np.float64(0.36743909191015794)]",0.37066066499937733,0.01,0.36202871139528103,,,1500,0.3,1_iterative,0.004873823499549921,11
0.3602728053304129,0.005617206221684545,IQAE,iqae,"[np.float64(0.3575899427483353), np.float64(0.37419008035585966)]",0.22222822299954714,0.01,0.36589001155209744,,,1080,0.3,1_iterative,0.015591535465833735,11
0.3602728053304129,0.00495484624979603,CABIQAE,cabiqae_latentt,"(0.3578974600755065, 0.37255784308491136)",0.1485741100004816,0.01,0.3652276515802089,,,1020,0.3,1_iterative,0.013753039853374024,11
0.6692728078979026,6.210405020390386e-05,BIQAE,biqae,"[np.float64(0.6692421344318968), np.float64(0.669427689464316)]",10.596686357999715,0.0001,0.6693349119481065,,,97880,0.63,1_iterative,9.27933265344583e-05,12
0.6692728078979026,1.7826504734030912e-05,IQAE,iqae,"[np.float64(0.6691914523168426), np.float64(0.6693898164884305)]",10.988619829000527,0.0001,0.6692906344026366,,,105010,0.63,1_iterative,2.6635632769873928e-05,12
0.6692728078979026,4.3892165793368854e-05,CABIQAE,cabiqae_latentt,"(0.6692600611869717, 0.6693733389404203)",10.143566414999441,0.0001,0.6693167000636959,,,94790,0.63,1_iterative,6.558187524640116e-05,12
0.6692728078979026,0.0002197429502382997,BIQAE,biqae,"[np.float64(0.6666703607457601), np.float64(0.6723147409505217)]",0.623811729999943,0.005,0.6694925508481409,,,2930,0.63,1_iterative,0.0003283309102733208,12
0.6692728078979026,0.0018801640884552606,IQAE,iqae,"[np.float64(0.6669492415542978), np.float64(0.6753567024184179)]",0.22399261099963041,0.005,0.6711529719863578,,,2120,0.63,1_iterative,0.0028092641240880646,12
0.6692728078979026,0.005865755599801625,CABIQAE,cabiqae_latentt,"(0.6702728284826392, 0.6800042985127691)",0.19549435099906987,0.005,0.6751385634977042,,,1510,0.63,1_iterative,0.008764371614357364,12
0.6692728078979026,0.00014900358003933079,BIQAE,biqae,"[np.float64(0.6688944594708248), np.float64(0.669949163485059)]",1.8373710730011226,0.001,0.6694218114779419,,,14960,0.63,1_iterative,0.00022263504251327846,12
0.6692728078979026,0.00011226541497943998,IQAE,iqae,"[np.float64(0.6683652865522146), np.float64(0.6699557984136316)]",1.346559352999975,0.001,0.6691605424829231,,,12150,0.63,1_iterative,0.00016774238196237318,12
0.6692728078979026,0.0003936855298974917,CABIQAE,cabiqae_latentt,"(0.6679974967240854, 0.6697607480119249)",1.013952789000541,0.001,0.6688791223680051,,,9600,0.63,1_iterative,0.0005882287839154947,12
0.6692728078979026,0.017832969422417078,BIQAE,biqae,"[np.float64(0.6521058424769401), np.float64(0.7221057121636991)]",0.08490711600097711,0.05,0.6871057773203196,,,330,0.63,1_iterative,0.026645292042310934,12
0.6692728078979026,0.013417871599566866,IQAE,iqae,"[np.float64(0.6345318520493904), np.float64(0.677178020547281)]",0.10639640400040662,0.05,0.6558549362983357,,,490,0.63,1_iterative,0.02004843382433335,12
0.6692728078979026,0.001062832984188855,CABIQAE,cabiqae_latentt,"(0.6347467411681934, 0.701673208659234)",0.04105464100030076,0.05,0.6682099749137137,,,220,0.63,1_iterative,0.0015880414856941118,12
0.6692728078979026,0.0015990765836381149,BIQAE,biqae,"[np.float64(0.6604478294485249), np.float64(0.6748996331800039)]",0.3335521000008157,0.01,0.6676737313142644,,,1210,0.63,1_iterative,0.0023892746945159823,12
0.6692728078979026,0.0005269662417625165,IQAE,iqae,"[np.float64(0.662320803245099), np.float64(0.6772787450342311)]",0.13312566800050263,0.01,0.6697997741396651,,,1080,0.63,1_iterative,0.0007873713611907345,12
0.6692728078979026,0.004518210293115943,CABIQAE,cabiqae_latentt,"(0.6573551723224937, 0.6721540228870795)",0.14291953400061175,0.01,0.6647545976047866,,,1010,0.63,1_iterative,0.006750924645074173,12
0.49216902723816036,1.6552023538285443e-05,BIQAE,biqae,"[np.float64(0.492102729799911), np.float64(0.4922684287234863)]",12.624234402999718,0.0001,0.49218557926169865,,,120530,0.44,1_iterative,3.363077037002559e-05,13
0.49216902723816036,5.418275545676643e-06,IQAE,iqae,"[np.float64(0.49207602199778444), np.float64(0.4922728690296276)]",13.348765320999519,0.0001,0.49217444551370604,,,124740,0.44,1_iterative,1.100897302717658e-05,13
0.49216902723816036,3.7067727424178187e-06,CABIQAE,cabiqae_latentt,"(0.4921041748367062, 0.4922412931850994)",13.638374310001382,0.0001,0.4921727340109028,,,134240,0.44,1_iterative,7.531503482083429e-06,13
0.49216902723816036,0.001200103635025651,BIQAE,biqae,"[np.float64(0.4863464711131984), np.float64(0.49559137609307097)]",0.5292035929996928,0.005,0.4909689236031347,,,2820,0.44,1_iterative,0.002438397315979255,13
0.49216902723816036,0.0007309390712109121,IQAE,iqae,"[np.float64(0.486579375632115), np.float64(0.4962968007017839)]",0.28471932399952493,0.005,0.49143808816694945,,,2600,0.44,1_iterative,0.0014851382975329143,13
0.49216902723816036,0.0009867032391719377,CABIQAE,cabiqae_latentt,"(0.4863826661506439, 0.495981981847333)",0.25914578400079336,0.005,0.4911823239989884,,,2310,0.44,1_iterative,0.002004805634984569,13
0.49216902723816036,2.315840287925308e-05,BIQAE,biqae,"[np.float64(0.49122394342732706), np.float64(0.4930677942432352)]",1.6350252160009404,0.001,0.4921458688352811,,,11220,0.44,1_iterative,4.705375917133189e-05,13
0.49216902723816036,9.966225866098188e-05,IQAE,iqae,"[np.float64(0.4911471381212848), np.float64(0.492991591837714)]",1.0380100309994305,0.001,0.4920693649794994,,,11040,0.44,1_iterative,0.00020249599862113096,13
0.49216902723816036,4.6178134404106785e-06,CABIQAE,cabiqae_latentt,"(0.4911719821676449, 0.49315683668179505)",1.027128792999065,0.001,0.49216440942471995,,,10370,0.44,1_iterative,9.382576279380785e-06,13
0.49216902723816036,0.012959415973018584,BIQAE,biqae,"[np.float64(0.4382142977867176), np.float64(0.5202049247435659)]",0.06029733200011833,0.05,0.4792096112651418,,,220,0.44,1_iterative,0.026331230239621577,13
0.49216902723816036,0.021172569762101356,IQAE,iqae,"[np.float64(0.4750321574009474), np.float64(0.551651036599576)]",0.041915165000318666,0.05,0.5133415970002617,,,230,0.44,1_iterative,0.04301889917964293,13
0.49216902723816036,0.02508481318137057,CABIQAE,cabiqae_latentt,"(0.42901237106379136, 0.5051560570497882)",0.049473311000838294,0.05,0.4670842140567898,,,220,0.44,1_iterative,0.05096788256289854,13
0.49216902723816036,0.006130072043568191,BIQAE,biqae,"[np.float64(0.4763353720964848), np.float64(0.4957425382926996)]",0.2659770150003169,0.01,0.48603895519459217,,,1350,0.44,1_iterative,0.012455217017550866,13
0.49216902723816036,0.009244465203150254,IQAE,iqae,"[np.float64(0.4730326810160394), np.float64(0.4928164430539808)]",0.16608969200024148,0.01,0.4829245620350101,,,1510,0.44,1_iterative,0.018783110459075804,13
0.49216902723816036,0.008080150851041634,CABIQAE,cabiqae_latentt,"(0.47515929524824174, 0.4930184575259957)",0.11083875300028012,0.01,0.4840888763871187,,,870,0.44,1_iterative,0.016417430605871208,13
0.6692728078979026,1.8945043410711904e-06,BIQAE,biqae,"[np.float64(0.6692168092504721), np.float64(0.6693325955540151)]",16.34376191299998,0.0001,0.6692747024022436,,,155940,0.63,1_iterative,2.8306907418240674e-06,14
0.6692728078979026,2.6079798661649e-05,IQAE,iqae,"[np.float64(0.6692267738700899), np.float64(0.6693710015230384)]",16.981409021000218,0.0001,0.6692988876965642,,,169340,0.63,1_iterative,3.896736630248314e-05,14
0.6692728078979026,2.8599106624671577e-05,CABIQAE,cabiqae_latentt,"(0.6691465228697974, 0.6693418947127584)",10.838109099000576,0.0001,0.6692442087912779,,,96400,0.63,1_iterative,4.273161300919664e-05,14
0.6692728078979026,0.009314756044008665,BIQAE,biqae,"[np.float64(0.6746175984489678), np.float64(0.6825575294348547)]",0.6028183020007418,0.005,0.6785875639419112,,,1940,0.63,1_iterative,0.013917726723822955,14
0.6692728078979026,3.844790105389517e-05,IQAE,iqae,"[np.float64(0.6644895071684286), np.float64(0.6741330044294842)]",0.2946217530006834,0.005,0.6693112557989565,,,2300,0.63,1_iterative,5.744727800111131e-05,14
0.6692728078979026,0.0006074948587826423,CABIQAE,cabiqae_latentt,"(0.6658076209923182, 0.6739529845210522)",0.23204384800010303,0.005,0.6698803027566852,,,1650,0.63,1_iterative,0.0009076939203472249,14
0.6692728078979026,3.6572269571433225e-05,BIQAE,biqae,"[np.float64(0.6685302884104722), np.float64(0.6700884719244757)]",1.5307118769997032,0.001,0.669309380167474,,,10550,0.63,1_iterative,5.4644786311133556e-05,14
0.6692728078979026,9.296018198357014e-05,IQAE,iqae,"[np.float64(0.6686092079355592), np.float64(0.6701223282242131)]",1.3574008449995745,0.001,0.6693657680798861,,,12400,0.63,1_iterative,0.00013889729402804485,14
0.6692728078979026,0.0003697878606435667,CABIQAE,cabiqae_latentt,"(0.6682806699907126, 0.6695253700838053)",1.2138287650013808,0.001,0.668903020037259,,,12960,0.63,1_iterative,0.0005525218659413663,14
0.6692728078979026,0.01804154341773645,BIQAE,biqae,"[np.float64(0.6526650261051142), np.float64(0.7219636765261637)]",0.18603113500103063,0.05,0.687314351315639,,,280,0.63,1_iterative,0.02695693475789425,14
0.6692728078979026,0.019370799135132732,IQAE,iqae,"[np.float64(0.6513240565670696), np.float64(0.7259631574990011)]",0.04533900600108609,0.05,0.6886436070330353,,,270,0.63,1_iterative,0.028943054172444048,14
0.6692728078979026,0.002724248385975403,CABIQAE,cabiqae_latentt,"(0.6408442265363642, 0.6922528924874902)",0.05098942599943257,0.05,0.6665485595119272,,,260,0.63,1_iterative,0.004070460287385509,14
0.6692728078979026,0.0006825632951718008,BIQAE,biqae,"[np.float64(0.6612377829402191), np.float64(0.6759427062652423)]",0.6792322809997131,0.01,0.6685902446027308,,,1170,0.63,1_iterative,0.0010198581013856547,14
0.6692728078979026,0.006568721844512848,IQAE,iqae,"[np.float64(0.6658717671562091), np.float64(0.6858112923286218)]",0.13800405899928592,0.01,0.6758415297424154,,,1060,0.63,1_iterative,0.009814714966747767,14
0.6692728078979026,0.0033355467577415032,CABIQAE,cabiqae_latentt,"(0.6638745294435802, 0.6813421798677078)",0.1041827689987258,0.01,0.6726083546556441,,,800,0.63,1_iterative,0.004983837260948962,14
0.530324472540106,6.344303874139534e-05,BIQAE,biqae,"[np.float64(0.5301905508925716), np.float64(0.5303315081101575)]",11.347193141000389,0.0001,0.5302610295013646,,,108990,0.48,1_iterative,0.0001196306073478392,15
0.530324472540106,2.183045764403424e-05,IQAE,iqae,"[np.float64(0.5302168069981203), np.float64(0.5303884771668034)]",14.553537575999144,0.0001,0.5303026420824619,,,142940,0.48,1_iterative,4.116434140682298e-05,15
0.530324472540106,0.0033072677134119433,CABIQAE,cabiqae_latentt,"(0.5335735181477911, 0.5336899623592447)",14.711384748001365,0.0001,0.5336317402535179,,,147850,0.48,1_iterative,0.006236309815330708,15
0.530324472540106,1.7261343665531115e-05,BIQAE,biqae,"[np.float64(0.5272467638572352), np.float64(0.5334367039103078)]",0.6448769799990259,0.005,0.5303417338837715,,,2880,0.48,1_iterative,3.25486462709407e-05,15
0.530324472540106,0.0004940712908885203,IQAE,iqae,"[np.float64(0.5262938838925959), np.float64(0.533366918605839)]",0.3044528709997394,0.005,0.5298304012492174,,,2960,0.48,1_iterative,0.000931639621535957,15
0.530324472540106,0.0023253346477116743,CABIQAE,cabiqae_latentt,"(0.5279179522894569, 0.5373816620861783)",0.23046136700031639,0.005,0.5326498071878176,,,1960,0.48,1_iterative,0.0043847394719952705,15
0.530324472540106,0.0003520020959599801,BIQAE,biqae,"[np.float64(0.5293988252280143), np.float64(0.5305461156602775)]",1.9342722139990656,0.001,0.529972470444146,,,15920,0.48,1_iterative,0.0006637485429891411,15
0.530324472540106,0.0001653068664354551,IQAE,iqae,"[np.float64(0.5292408081244363), np.float64(0.5310775232229047)]",0.8256541249993461,0.001,0.5301591656736705,,,9320,0.48,1_iterative,0.0003117089159466495,15
0.530324472540106,5.84978700006733e-05,CABIQAE,cabiqae_latentt,"(0.52938218883711, 0.5311497605031005)",1.2715491990002192,0.001,0.5302659746701053,,,9910,0.48,1_iterative,0.00011030580904645954,15
0.530324472540106,0.005431197218607964,BIQAE,biqae,"[np.float64(0.4895295603619187), np.float64(0.5602569902810772)]",0.08820294799988915,0.05,0.524893275321498,,,240,0.48,1_iterative,0.010241272088753603,15
0.530324472540106,0.016982875539844233,IQAE,iqae,"[np.float64(0.4750321574009474), np.float64(0.551651036599576)]",0.04815393200078688,0.05,0.5133415970002617,,,230,0.48,1_iterative,0.03202355617967432,15
0.530324472540106,0.00257143006696392,CABIQAE,cabiqae_latentt,"(0.496997865060511, 0.5687939401536286)",0.044234945000425796,0.05,0.5328959026070699,,,160,0.48,1_iterative,0.004848786356487546,15
0.530324472540106,0.007040756100176182,BIQAE,biqae,"[np.float64(0.5286029251542962), np.float64(0.5461275321262682)]",0.3735045769990393,0.01,0.5373652286402821,,,1220,0.48,1_iterative,0.0132763175466011,15
0.530324472540106,2.7032855259734312e-05,IQAE,iqae,"[np.float64(0.5223468773602619), np.float64(0.5382480020094306)]",0.24276602099962474,0.01,0.5302974396848462,,,1870,0.48,1_iterative,5.097418026034984e-05,15
0.530324472540106,0.006915602101820961,CABIQAE,cabiqae_latentt,"(0.5294786367709156, 0.5450015125129383)",0.1305735679998179,0.01,0.5372400746419269,,,990,0.48,1_iterative,0.013040322406200039,15
0.6692728078979026,1.7058019258886503e-05,BIQAE,biqae,"[np.float64(0.6692045218277113), np.float64(0.6693752100066116)]",10.75036201200055,0.0001,0.6692898659171614,,,100910,0.63,1_iterative,2.5487393268618647e-05,16
0.6692728078979026,6.172522526315394e-05,IQAE,iqae,"[np.float64(0.6692406751659088), np.float64(0.6694283910804227)]",12.138347955999052,0.0001,0.6693345331231657,,,125110,0.63,1_iterative,9.222730183379885e-05,16
0.6692728078979026,1.850402608283286e-05,CABIQAE,cabiqae_latentt,"(0.6691680715678318, 0.6693405361758078)",9.911956007001208,0.0001,0.6692543038718197,,,99800,0.63,1_iterative,2.7647957401633512e-05,16
0.6692728078979026,0.0012851270521399005,BIQAE,biqae,"[np.float64(0.6644259054723982), np.float64(0.6715494562191271)]",0.4921224419995269,0.005,0.6679876808457627,,,2230,0.63,1_iterative,0.0019201841714984876,16
0.6692728078979026,7.269925830388768e-05,IQAE,iqae,"[np.float64(0.6650979782557676), np.float64(0.6733022390234297)]",0.5013279890008562,0.005,0.6692001086395987,,,2360,0.63,1_iterative,0.00010862425224211102,16
0.6692728078979026,0.0006887095712476698,CABIQAE,cabiqae_latentt,"(0.6656923145265558, 0.6742307204117446)",0.21487831800004642,0.005,0.6699615174691502,,,1680,0.63,1_iterative,0.0010290416151984654,16
0.6692728078979026,0.00017247196814473842,BIQAE,biqae,"[np.float64(0.6681920168367478), np.float64(0.6700086550227679)]",1.3262670299991441,0.001,0.6691003359297578,,,10320,0.63,1_iterative,0.00025770054618900486,16
0.6692728078979026,5.358748710881933e-06,IQAE,iqae,"[np.float64(0.6687405598096237), np.float64(0.6698157734836033)]",1.7114616190010565,0.001,0.6692781666466134,,,18720,0.63,1_iterative,8.006822700167745e-06,16
0.6692728078979026,0.00016018947267915085,CABIQAE,cabiqae_latentt,"(0.6685959085103163, 0.6702700862308472)",1.1744256880010653,0.001,0.6694329973705817,,,10040,0.63,1_iterative,0.0002393485448516649,16
0.6692728078979026,0.00720028557872554,BIQAE,biqae,"[np.float64(0.6425197462248513), np.float64(0.7104264407284049)]",0.07970987999942736,0.05,0.6764730934766281,,,230,0.63,1_iterative,0.010758371614320751,16
0.6692728078979026,0.0011717442572442005,IQAE,iqae,"[np.float64(0.6322655629547583), np.float64(0.7086235413555351)]",0.038429338001151336,0.05,0.6704445521551468,,,230,0.63,1_iterative,0.001750772246260078,16
0.6692728078979026,0.01367960656804057,CABIQAE,cabiqae_latentt,"(0.621405747841041, 0.689780654818683)",0.05304739099847211,0.05,0.655593201329862,,,230,0.63,1_iterative,0.02043950748724785,16
0.6692728078979026,0.003952346829201092,BIQAE,biqae,"[np.float64(0.6564283177260436), np.float64(0.6742126044113593)]",0.2905629910001153,0.01,0.6653204610687015,,,1020,0.63,1_iterative,0.005905434648712072,16
0.6692728078979026,0.005922966133536378,IQAE,iqae,"[np.float64(0.6556521807983765), np.float64(0.6710475027303557)]",0.17284061600003042,0.01,0.6633498417643662,,,1020,0.63,1_iterative,0.00884985324914011,16
0.6692728078979026,0.0031341339495748466,CABIQAE,cabiqae_latentt,"(0.6638100516930914, 0.6810038320018634)",0.13209811299930152,0.01,0.6724069418474774,,,920,0.63,1_iterative,0.004682894497714239,16
0.7041348196258655,2.1761718316581913e-05,BIQAE,biqae,"[np.float64(0.7040169283166008), np.float64(0.7042091874984973)]",10.941375345000779,0.0001,0.704113057907549,,,105610,0.67,1_iterative,3.0905613115603016e-05,17
0.7041348196258655,1.8005302624080066e-05,IQAE,iqae,"[np.float64(0.7040846541046311), np.float64(0.7042209957523481)]",16.189870771999267,0.0001,0.7041528249284896,,,164090,0.67,1_iterative,2.557081701150213e-05,17
0.7041348196258655,3.379063941821858e-05,CABIQAE,cabiqae_latentt,"(0.7041133441599126, 0.704223876370655)",14.188184980001097,0.0001,0.7041686102652838,,,139210,0.67,1_iterative,4.798887723827217e-05,17
0.7041348196258655,0.002365344910554179,BIQAE,biqae,"[np.float64(0.6970886200839314), np.float64(0.7064503293466913)]",0.4999215810003079,0.005,0.7017694747153114,,,1980,0.67,1_iterative,0.0033592216215226787,17
0.7041348196258655,0.0007778775662062865,IQAE,iqae,"[np.float64(0.698524923295504), np.float64(0.7081889608238146)]",0.19557662499937578,0.005,0.7033569420596593,,,1860,0.67,1_iterative,0.0011047281635917442,17
0.7041348196258655,8.977825116074367e-05,CABIQAE,cabiqae_latentt,"(0.6999309397625576, 0.708518255991495)",0.4105318959991564,0.005,0.7042245978770263,,,1790,0.67,1_iterative,0.0001275015077488234,17
0.7041348196258655,0.00020631277223437383,BIQAE,biqae,"[np.float64(0.7034083713833588), np.float64(0.7052738934128411)]",1.120010225000442,0.001,0.7043411323980999,,,8560,0.67,1_iterative,0.0002930018037511565,17
0.7041348196258655,0.00031301858726118237,IQAE,iqae,"[np.float64(0.7031335794805063), np.float64(0.7045100225967026)]",1.4458532580010797,0.001,0.7038218010386044,,,15950,0.67,1_iterative,0.0004445435427089111,17
0.7041348196258655,0.0002717761988716427,CABIQAE,cabiqae_latentt,"(0.7029818700526387, 0.7047442168013492)",1.0298629600001732,0.001,0.7038630434269939,,,9580,0.67,1_iterative,0.00038597182144187685,17
0.7041348196258655,0.029990133919266082,BIQAE,biqae,"[np.float64(0.6918441629610171), np.float64(0.7764057441292461)]",0.060246958000789164,0.05,0.7341249535451316,,,260,0.67,1_iterative,0.04259146555939531,17
0.7041348196258655,0.011621549299309253,IQAE,iqae,"[np.float64(0.6687258393248338), np.float64(0.7627868985255158)]",0.04783274300098128,0.05,0.7157563689251748,,,220,0.67,1_iterative,0.016504721788199932,17
0.7041348196258655,0.003783445877124758,CABIQAE,cabiqae_latentt,"(0.6713260505080538, 0.7293766969894276)",0.04147249999914493,0.05,0.7003513737487408,,,200,0.67,1_iterative,0.005373183901252109,17
0.7041348196258655,0.0005685038218249394,BIQAE,biqae,"[np.float64(0.6974350418895118), np.float64(0.7096975897185694)]",0.5310627890012256,0.01,0.7035663158040406,,,1320,0.67,1_iterative,0.0008073792205404752,17
0.7041348196258655,0.0017539089221141335,IQAE,iqae,"[np.float64(0.6933647387365977), np.float64(0.7113970826709052)]",0.13266562100034207,0.01,0.7023809107037514,,,1090,0.67,1_iterative,0.0024908708861266855,17
0.7041348196258655,0.0012640395154231987,CABIQAE,cabiqae_latentt,"(0.6949835324222798, 0.710758027798605)",0.13186930600022606,0.01,0.7028707801104424,,,1050,0.67,1_iterative,0.0017951668916115133,17
0.7041348196258655,5.353146629272221e-05,BIQAE,biqae,"[np.float64(0.7040963168491047), np.float64(0.704280385335212)]",9.048658243000318,0.0001,0.7041883510921583,,,88800,0.67,1_iterative,7.602445554555245e-05,18
0.7041348196258655,3.9433865501092846e-05,IQAE,iqae,"[np.float64(0.704029233797516), np.float64(0.7041615377232129)]",14.484214014000827,0.0001,0.7040953857603645,,,143830,0.67,1_iterative,5.6003288577669836e-05,18
0.7041348196258655,2.4804669934375134e-05,CABIQAE,cabiqae_latentt,"(0.70408576520756, 0.7042334833840397)",11.280602328999521,0.0001,0.7041596242957999,,,112450,0.67,1_iterative,3.5227159974214634e-05,18
0.7041348196258655,0.0006779323831499484,BIQAE,biqae,"[np.float64(0.6992782306291387), np.float64(0.7076355438562923)]",0.5689747269989311,0.005,0.7034568872427156,,,2020,0.67,1_iterative,0.0009627877563421171,18
0.7041348196258655,0.001361832168602084,IQAE,iqae,"[np.float64(0.7013455567472844), np.float64(0.7096477468416508)]",0.2764905389994965,0.005,0.7054966517944676,,,2420,0.67,1_iterative,0.0019340503134409387,18
0.7041348196258655,0.0014273993001302498,CABIQAE,cabiqae_latentt,"(0.6980864153694286, 0.7073284252820421)",0.23187241699997685,0.005,0.7027074203257353,,,1950,0.67,1_iterative,0.002027167611010464,18
0.7041348196258655,0.000122570127347843,BIQAE,biqae,"[np.float64(0.7033095413183319), np.float64(0.7052052381880949)]",1.6413406430001487,0.001,0.7042573897532134,,,9750,0.67,1_iterative,0.00017407195885152976,18
0.7041348196258655,0.00016241627504054446,IQAE,iqae,"[np.float64(0.7030685369712871), np.float64(0.704876269730363)]",1.2460387569990417,0.001,0.703972403350825,,,9570,0.67,1_iterative,0.0002306607634129535,18
0.7041348196258655,7.984570882568764e-05,CABIQAE,cabiqae_latentt,"(0.7032191665244112, 0.7048907813096684)",1.3021805680000398,0.001,0.7040549739170399,,,9710,0.67,1_iterative,0.00011339548421723102,18
0.7041348196258655,0.03443080921307773,BIQAE,biqae,"[np.float64(0.6342382240292138), np.float64(0.7051697967963618)]",0.16943372999958228,0.05,0.6697040104127878,,,340,0.67,1_iterative,0.048898035224805625,18
0.7041348196258655,0.011166347212420491,IQAE,iqae,"[np.float64(0.6452245630421394), np.float64(0.7407123817847506)]",0.09262527999999293,0.05,0.6929684724134451,,,210,0.67,1_iterative,0.01585825171712657,18
0.7041348196258655,0.009501787309149523,CABIQAE,cabiqae_latentt,"(0.6679573637108515, 0.7213087009225805)",0.04600135700093233,0.05,0.694633032316716,,,210,0.67,1_iterative,0.01349427275049144,18
0.7041348196258655,0.003868764923023904,BIQAE,biqae,"[np.float64(0.7025227544456383), np.float64(0.7134844146521405)]",0.4515788729986525,0.01,0.7080035845488895,,,1420,0.67,1_iterative,0.00549435252339819,18
0.7041348196258655,0.00016078998290058877,IQAE,iqae,"[np.float64(0.6949410287253941), np.float64(0.7130070305605358)]",0.14285707199996978,0.01,0.703974029642965,,,1160,0.67,1_iterative,0.0002283511316568932,18
0.7041348196258655,0.0003279080065262674,CABIQAE,cabiqae_latentt,"(0.6990436229775963, 0.7098818322871874)",0.17049381799915864,0.01,0.7044627276323918,,,1410,0.67,1_iterative,0.0004656892364739153,18
0.530324472540106,1.408291368187875e-05,BIQAE,biqae,"[np.float64(0.5302376434608487), np.float64(0.5303831357919994)]",15.631883537000249,0.0001,0.5303103896264241,,,149260,0.48,1_iterative,2.655527778008345e-05,19
0.530324472540106,1.6913287699260593e-06,IQAE,iqae,"[np.float64(0.5302402746529683), np.float64(0.5304052877697037)]",14.294921345001057,0.0001,0.530322781211336,,,145630,0.48,1_iterative,3.1892338700212484e-06,19
0.530324472540106,3.341589200855921e-05,CABIQAE,cabiqae_latentt,"(0.530260476673503, 0.5304553001907262)",9.593285045000812,0.0001,0.5303578884321145,,,95460,0.48,1_iterative,6.301027717711467e-05,19
0.530324472540106,0.002291168413730782,BIQAE,biqae,"[np.float64(0.5292217046073686), np.float64(0.5360095773003049)]",0.5888174569990952,0.005,0.5326156409538367,,,2750,0.48,1_iterative,0.00432031432145065,19
0.530324472540106,0.0005324362158096729,IQAE,iqae,"[np.float64(0.5268652361075348), np.float64(0.5348485814042966)]",0.3119499280001037,0.005,0.5308569087559156,,,2860,0.48,1_iterative,0.0010039819834439326,19
0.530324472540106,0.0006433072871416812,CABIQAE,cabiqae_latentt,"(0.5255013849986789, 0.5338609455072495)",0.2578476149992639,0.005,0.5296811652529643,,,2220,0.48,1_iterative,0.0012130446932995928,19
0.530324472540106,0.00016721145516651603,BIQAE,biqae,"[np.float64(0.5291866409504838), np.float64(0.5311278812193949)]",1.5206398369991803,0.001,0.5301572610849394,,,9870,0.48,1_iterative,0.0003153002809122119,19
0.530324472540106,5.4858163263782345e-05,IQAE,iqae,"[np.float64(0.5297749409965936), np.float64(0.5309837204101457)]",1.8087662609996187,0.001,0.5303793307033697,,,16970,0.48,1_iterative,0.00010344263956182728,19
0.530324472540106,0.0005918973757013113,CABIQAE,cabiqae_latentt,"(0.529069602599937, 0.5303955477288724)",0.725149877000149,0.001,0.5297325751644046,,,7380,0.48,1_iterative,0.0011161042085542242,19
0.530324472540106,0.04046094744258544,BIQAE,biqae,"[np.float64(0.5213447501517554), np.float64(0.6202260898136273)]",0.06378703600057634,0.05,0.5707854199826914,,,260,0.48,1_iterative,0.07629470171117847,19
0.530324472540106,0.0031646558922252543,IQAE,iqae,"[np.float64(0.4890165767807057), np.float64(0.5653030565150556)]",0.06989741299912566,0.05,0.5271598166478807,,,390,0.48,1_iterative,0.005967395540068965,19
0.530324472540106,0.014064216504427796,CABIQAE,cabiqae_latentt,"(0.47584817461249584, 0.5566723374588605)",0.03790659500009497,0.05,0.5162602560356782,,,170,0.48,1_iterative,0.02652002167100479,19
0.530324472540106,0.0015408464677043598,BIQAE,biqae,"[np.float64(0.5232057627070641), np.float64(0.5343614894377391)]",0.3696809419998317,0.01,0.5287836260724016,,,1830,0.48,1_iterative,0.0029054787163114238,19
0.530324472540106,0.0007968828450681809,IQAE,iqae,"[np.float64(0.5229674988054257), np.float64(0.5360876805846497)]",0.46193052099988563,0.01,0.5295275896950378,,,1580,0.48,1_iterative,0.0015026326076398753,19
0.530324472540106,0.0019078412210736806,CABIQAE,cabiqae_latentt,"(0.5231968090685952, 0.541267818453764)",0.14928616499855707,0.01,0.5322323137611796,,,1020,0.48,1_iterative,0.003597497984461578,19
0.3602728053304129,9.768848415087072e-05,BAE,bae,"(0.36029416896712024, 0.3604468186620073)",46.31158836299983,0.0001,0.36037049381456376,109405.0,,117680,0.3,2_bae,0.00027115142388079724,0
0.3602728053304129,0.00018387210008724564,BAE,bae,"(0.3566580272398086, 0.3635198392208427)",1.1027219549996516,0.005,0.36008893323032565,2430.0,,2700,0.3,2_bae,0.0005103690796717591,0
0.3602728053304129,0.0002307997876647705,BAE,bae,"(0.35980787554441723, 0.3611993346917381)",5.844964144000187,0.001,0.36050360511807766,10785.0,,14320,0.3,2_bae,0.0006406250603708479,0
0.3602728053304129,0.02801535311419906,BAE,bae,"(0.3521840141993809, 0.424392302689843)",0.14389408100032597,0.05,0.38828815844461195,235.0,,280,0.3,2_bae,0.07776149823050246,0
0.3602728053304129,0.0015189792042637484,BAE,bae,"(0.34630516563536334, 0.37120248661693495)",0.5342738130002544,0.01,0.35875382612614914,1215.0,,2520,0.3,2_bae,0.004216191679720773,0
0.7041348196258655,5.126573342839613e-06,BAE,bae,"(0.7040817710495968, 0.70419812134882)",31.174933734999286,0.0001,0.7041399461992084,109405.0,,132000,0.67,2_bae,7.280670121616145e-06,1
0.7041348196258655,0.0016987418803289245,BAE,bae,"(0.6962854304372582, 0.7153816925751307)",0.5069759810012329,0.005,0.7058335615061945,2430.0,,2640,0.67,2_bae,0.0024125236147695874,1
0.7041348196258655,0.0005261260342717122,BAE,bae,"(0.7037734801458349, 0.7055484111744397)",4.973708086001352,0.001,0.7046609456601373,10785.0,,11180,0.67,2_bae,0.0007471950251675718,1
0.7041348196258655,0.007813211508155393,BAE,bae,"(0.6621704472751113, 0.730472768960309)",0.12164678599947365,0.05,0.6963216081177102,235.0,,240,0.67,2_bae,0.011096186824430667,1
0.7041348196258655,0.0002403044262662135,BAE,bae,"(0.6929982460121803, 0.7157520020920832)",0.504954734000421,0.01,0.7043751240521318,1215.0,,2360,0.67,2_bae,0.0003412761584406473,1
0.5682384803402307,2.9105446342048147e-05,BAE,bae,"(0.568197592159347, 0.5683375794137986)",34.68572864199996,0.0001,0.5682675857865728,109405.0,,133520,0.52,2_bae,5.122047757945109e-05,2
0.5682384803402307,0.0018428570450095272,BAE,bae,"(0.5676555339795069, 0.5725071407909736)",0.822539966999102,0.005,0.5700813373852402,2430.0,,2900,0.52,2_bae,0.003243104979279339,2
0.5682384803402307,4.990248419078913e-05,BAE,bae,"(0.5674387112705804, 0.5689384444414994)",5.784764468999128,0.001,0.5681885778560399,10785.0,,14100,0.52,2_bae,8.781961432972684e-05,2
0.5682384803402307,0.0026585145397295395,BAE,bae,"(0.4960648689653206, 0.6457291207946)",0.13240049900014128,0.05,0.5708969948799603,235.0,,360,0.52,2_bae,0.004678519022748624,2
0.5682384803402307,0.0015279564704320237,BAE,bae,"(0.5565924462520441, 0.5768286014875533)",0.8189739890003693,0.01,0.5667105238697987,1215.0,,2080,0.52,2_bae,0.002688935232821905,2
0.6423672082866361,6.127301425085108e-05,BAE,bae,"(0.6423700200173342, 0.6424869425844396)",32.32920468699922,0.0001,0.6424284813008869,109405.0,,130540,0.6,2_bae,9.538627355260316e-05,3
0.6423672082866361,0.00043602048513191605,BAE,bae,"(0.63992500372912, 0.645681453814416)",0.7350348760010093,0.005,0.642803228771768,2430.0,,2900,0.6,2_bae,0.0006787713935381267,3
0.6423672082866361,0.0001951178598539327,BAE,bae,"(0.6418088363577118, 0.6433158159352682)",4.193886478000422,0.001,0.64256232614649,10785.0,,12540,0.6,2_bae,0.00030374816356887807,3
0.6423672082866361,0.014336272020274765,BAE,bae,"(0.5556563271906861, 0.7004055453420365)",0.11865806499918108,0.05,0.6280309362663613,235.0,,440,0.6,2_bae,0.02231787649701704,3
0.6423672082866361,0.001806733901711377,BAE,bae,"(0.6366845175018465, 0.6516633668748484)",0.44588238399956026,0.01,0.6441739421883474,1215.0,,1600,0.6,2_bae,0.0028126185122842994,3
0.49216902723816036,4.114123255177793e-05,BAE,bae,"(0.4920761443496485, 0.49234419259177575)",101.037586466,0.0001,0.49221016847071214,109405.0,,117220,0.44,2_bae,8.359167333760259e-05,4
0.49216902723816036,0.0007069864081044597,BAE,bae,"(0.48968190845478776, 0.4960701188377419)",0.5747362580004847,0.005,0.4928760136462648,2430.0,,2680,0.44,2_bae,0.0014364707427278825,4
0.49216902723816036,0.00013301587391378877,BAE,bae,"(0.4910578082207579, 0.4935462780033904)",5.274920667001425,0.001,0.49230204311207415,10785.0,,11380,0.44,2_bae,0.0002702646175445381,4
0.49216902723816036,0.03780628521048163,BAE,bae,"(0.3939254581799351, 0.5148000258754224)",0.133527777999916,0.05,0.45436274202767873,235.0,,280,0.44,2_bae,0.07681565299351352,4
0.49216902723816036,0.00020400653351981823,BAE,bae,"(0.4849231665548419, 0.4990068748544392)",0.5902846009994391,0.01,0.49196502070464054,1215.0,,2440,0.44,2_bae,0.00041450502211529773,4
0.6423672082866361,3.06213283420842e-05,BAE,bae,"(0.6422786115194903, 0.6423945623970977)",30.37410300600095,0.0001,0.642336586958294,109405.0,,129300,0.6,2_bae,4.766950732706206e-05,5
0.6423672082866361,0.00028379005288703407,BAE,bae,"(0.638415142765427, 0.6457516937020711)",0.5470526989993232,0.005,0.642083418233749,2430.0,,2880,0.6,2_bae,0.0004417878889614828,5
0.6423672082866361,0.0004737694318950325,BAE,bae,"(0.641891445800235, 0.6437905096368272)",6.148103137000362,0.001,0.6428409777185311,10785.0,,11620,0.6,2_bae,0.000737536763681791,5
0.6423672082866361,0.00748083134647648,BAE,bae,"(0.591327255193782, 0.6784454986865371)",0.1162166829999478,0.05,0.6348863769401596,235.0,,320,0.6,2_bae,0.011645724205676444,5
0.6423672082866361,0.0019455639690559856,BAE,bae,"(0.597035211169398, 0.6838080774657622)",0.30043754700091085,0.01,0.6404216443175801,1215.0,,1260,0.6,2_bae,0.003028741106267428,5
0.530324472540106,2.268681486583546e-05,BAE,bae,"(0.5302378758664564, 0.5303656955840238)",40.99802457899932,0.0001,0.5303017857252401,109405.0,,144560,0.48,2_bae,4.2779121161752084e-05,6
0.530324472540106,0.0017132955860735821,BAE,bae,"(0.5293167840068714, 0.5347587522454876)",1.1892578870010766,0.005,0.5320377681261795,2430.0,,3420,0.48,2_bae,0.003230655334209593,6
0.530324472540106,0.0003234235627553872,BAE,bae,"(0.528916194335622, 0.5310859036190791)",4.425786647998393,0.001,0.5300010489773506,10785.0,,11380,0.48,2_bae,0.000609859773595359,6
0.530324472540106,0.008537097486821965,BAE,bae,"(0.44837028633365095, 0.6293528537202049)",0.12461019800139184,0.05,0.5388615700269279,235.0,,280,0.48,2_bae,0.016097875789008294,6
0.530324472540106,0.0008916950679338509,BAE,bae,"(0.5273759975047319, 0.5350563377113478)",0.5167578319997119,0.01,0.5312161676080398,1215.0,,2200,0.48,2_bae,0.0016814141419174583,6
0.6056665183230261,3.7657859977668906e-05,BAE,bae,"(0.6055644766925167, 0.6056932442335802)",47.7870479180001,0.0001,0.6056288604630484,109405.0,,147000,0.56,2_bae,6.217589851579755e-05,7
0.6056665183230261,0.00015112798179162112,BAE,bae,"(0.6025662393222956, 0.6084645413601734)",0.5943125840003631,0.005,0.6055153903412345,2430.0,,2960,0.56,2_bae,0.00024952342125509166,7
0.6056665183230261,0.00035319623877749784,BAE,bae,"(0.604304000549104, 0.6063226436193931)",4.836752289000287,0.001,0.6053133220842486,10785.0,,10940,0.56,2_bae,0.0005831529861604868,7
0.6056665183230261,0.009424005243535483,BAE,bae,"(0.563744589219842, 0.6287404369391392)",0.11750589799885347,0.05,0.5962425130794906,235.0,,280,0.56,2_bae,0.015559726282424753,7
0.6056665183230261,0.014286932274246045,BAE,bae,"(0.612068696257966, 0.6278382049365783)",0.5417255939992174,0.01,0.6199534505972721,1215.0,,2200,0.56,2_bae,0.02358877673113549,7
0.49216902723816036,2.0927255694580538e-05,BAE,bae,"(0.49212914876570435, 0.49225076022200553)",53.593859602999146,0.0001,0.49218995449385494,109405.0,,140200,0.44,2_bae,4.252046458919864e-05,8
0.49216902723816036,0.0023296279851788837,BAE,bae,"(0.4826115425845491, 0.4970672559214139)",0.5182155670008797,0.005,0.4898393992529815,2430.0,,2480,0.44,2_bae,0.004733390067741052,8
0.49216902723816036,0.0006429340761532898,BAE,bae,"(0.49171147797776354, 0.49391244465086376)",6.503662749999421,0.001,0.49281196131431365,10785.0,,10980,0.44,2_bae,0.0013063277869417294,8
0.49216902723816036,0.0011890020697718495,BAE,bae,"(0.449985610934949, 0.531974439401828)",0.1330789020012162,0.05,0.4909800251683885,235.0,,320,0.44,2_bae,0.0024158409082424685,8
0.49216902723816036,0.0043832062078207334,BAE,bae,"(0.4832255683670392, 0.49234607369364003)",0.48441914199975145,0.01,0.48778582103033963,1215.0,,1920,0.44,2_bae,0.008905896074804605,8
0.6692728078979026,4.0254047976140406e-05,BAE,bae,"(0.6692573437314074, 0.66936878016035)",31.233242083999357,0.0001,0.6693130619458787,109405.0,,132760,0.63,2_bae,6.014594870897721e-05,9
0.6692728078979026,0.00010346095726099236,BAE,bae,"(0.6668924286850714, 0.6718601090252557)",1.5842846519990417,0.005,0.6693762688551635,2430.0,,3160,0.63,2_bae,0.0001545871220824727,9
0.6692728078979026,1.619563618537878e-05,BAE,bae,"(0.6685514534263765, 0.6700265536417994)",6.1623988280007325,0.001,0.6692890035340879,10785.0,,13920,0.63,2_bae,2.41988558241999e-05,9
0.6692728078979026,0.004566590667391512,BAE,bae,"(0.6461609820846386, 0.7015178150459496)",0.1227023730007204,0.05,0.6738393985652941,235.0,,240,0.63,2_bae,0.006823212617489377,9
0.6692728078979026,0.0006926990436241232,BAE,bae,"(0.6670485256994207, 0.6728824881836326)",0.5415311979995749,0.01,0.6699655069415267,1215.0,,2400,0.63,2_bae,0.0010350025213183235,9
0.6423672082866361,4.515279939720784e-06,BAE,bae,"(0.6423159074160388, 0.6424275397171127)",36.990277229999265,0.0001,0.6423717235665758,109405.0,,140860,0.6,2_bae,7.029125835617037e-06,10
0.6423672082866361,0.00015325424784906616,BAE,bae,"(0.6405061084659985, 0.6445348166029717)",1.1128133089987386,0.005,0.6425204625344851,2430.0,,3380,0.6,2_bae,0.00023857732130791036,10
0.6423672082866361,6.646970014489995e-05,BAE,bae,"(0.6415635726482782, 0.6433037833252837)",6.135604474000502,0.001,0.642433677986781,10785.0,,12040,0.6,2_bae,0.00010347617264304679,10
0.6423672082866361,0.011066865472257326,BAE,bae,"(0.5716589288333715, 0.6909417567953859)",0.12951102199986053,0.05,0.6313003428143787,235.0,,320,0.6,2_bae,0.017228254072581935,10
0.6423672082866361,0.001592999110587856,BAE,bae,"(0.6388413341633518, 0.6427070841887447)",0.7436352540007647,0.01,0.6407742091760482,1215.0,,3020,0.6,2_bae,0.002479888590261025,10
0.6692728078979026,3.426116229610088e-05,BAE,bae,"(0.6692518636280117, 0.6693622744923856)",37.49841997600015,0.0001,0.6693070690601987,109405.0,,140740,0.63,2_bae,5.1191624539043594e-05,11
0.6692728078979026,0.001819361968204647,BAE,bae,"(0.6650743799758922, 0.6698325118835036)",1.0962518050000654,0.005,0.6674534459296979,2430.0,,3540,0.63,2_bae,0.002718416087931351,11
0.6692728078979026,0.00024731675757694305,BAE,bae,"(0.6686621792964319, 0.6703780700145271)",4.317280731998835,0.001,0.6695201246554795,10785.0,,12460,0.63,2_bae,0.0003695305631103291,11
0.6692728078979026,0.0015918619095384168,BAE,bae,"(0.5938510187449061, 0.7478783208699759)",0.11996148500111303,0.05,0.670864669807441,235.0,,280,0.63,2_bae,0.0023784948241633254,11
0.6692728078979026,0.000525046577441679,BAE,bae,"(0.663256997657, 0.6763387112936885)",0.5465980720000516,0.01,0.6697978544753442,1215.0,,1880,0.63,2_bae,0.0007845030774383035,11
0.6056665183230261,1.0435824364440904e-05,BAE,bae,"(0.6055994980632496, 0.6057126669340737)",58.888922283000284,0.0001,0.6056560824986617,109405.0,,156280,0.56,2_bae,1.7230314122919807e-05,12
0.6056665183230261,0.004352461856341749,BAE,bae,"(0.6047662598005829, 0.6152717005581528)",0.6276534370008449,0.005,0.6100189801793678,2430.0,,2520,0.56,2_bae,0.007186234874585569,12
0.6056665183230261,8.260064337628492e-05,BAE,bae,"(0.6049859962383549, 0.6065122416944498)",7.176685021000594,0.001,0.6057491189664024,10785.0,,14180,0.56,2_bae,0.0001363797417842911,12
0.6056665183230261,0.023938767742348488,BAE,bae,"(0.5283202837153852, 0.63513521744597)",0.15164389299934555,0.05,0.5817277505806776,235.0,,360,0.56,2_bae,0.03952466748307357,12
0.6056665183230261,0.0004955897581241375,BAE,bae,"(0.5994078697738788, 0.6129163463884216)",0.6596090000002732,0.01,0.6061621080811502,1215.0,,1640,0.56,2_bae,0.0008182551670452745,12
0.49216902723816036,0.00012706494703862425,BAE,bae,"(0.4918465020342217, 0.4922374225480218)",128.96422927399908,0.0001,0.49204196229112174,109405.0,,120200,0.44,2_bae,0.00025817339167329926,13
0.49216902723816036,0.00025818143700712115,BAE,bae,"(0.48890506096230546, 0.494916630640001)",0.8457768450007279,0.005,0.49191084580115324,2430.0,,3260,0.44,2_bae,0.000524578798580487,13
0.49216902723816036,0.0006233171333333565,BAE,bae,"(0.49157070506475975, 0.4940139836782277)",5.113495207999222,0.001,0.4927923443714937,10785.0,,11580,0.44,2_bae,0.0012664696452581393,13
0.49216902723816036,0.003569054447815523,BAE,bae,"(0.45448733089583904, 0.5369888324761127)",0.27297867400011455,0.05,0.4957380816859759,235.0,,240,0.44,2_bae,0.007251684381366931,13
0.49216902723816036,0.0015913708835073592,BAE,bae,"(0.4832503721499139, 0.5042704240934216)",0.537485626000489,0.01,0.4937603981216677,1215.0,,2440,0.44,2_bae,0.0032333828327992197,13
0.7041348196258655,3.065086281861529e-05,BAE,bae,"(0.7040520890583579, 0.704156248467736)",29.060866419000376,0.0001,0.7041041687630469,109405.0,,133660,0.67,2_bae,4.352982122784568e-05,14
0.7041348196258655,0.0008893365260135289,BAE,bae,"(0.7005972625599374, 0.7058937036397667)",0.7931463709992386,0.005,0.703245483099852,2430.0,,3300,0.67,2_bae,0.0012630202359344596,14
0.7041348196258655,0.0004817937722957355,BAE,bae,"(0.7038989710005253, 0.7053342557957972)",3.8054420400003437,0.001,0.7046166133981613,10785.0,,12780,0.67,2_bae,0.0006842351192797588,14
0.7041348196258655,0.014847127328898035,BAE,bae,"(0.6826748729103074, 0.7552890209992198)",0.12707950100048038,0.05,0.7189819469547636,235.0,,280,0.67,2_bae,0.021085631494245513,14
0.7041348196258655,0.002684159841811251,BAE,bae,"(0.6961531091826726, 0.717484849752681)",0.5562418440003967,0.01,0.7068189794676768,1215.0,,2560,0.67,2_bae,0.0038119970309626935,14
0.6056665183230261,3.1605332307726997e-05,BAE,bae,"(0.6056379416008514, 0.6057583057098163)",36.694992873000956,0.0001,0.6056981236553338,109405.0,,143380,0.56,2_bae,5.2182729854765745e-05,15
0.6056665183230261,0.001165629035678406,BAE,bae,"(0.6023096534791221, 0.6113546412382869)",0.5083547530011856,0.005,0.6068321473587045,2430.0,,2640,0.56,2_bae,0.0019245393304979253,15
0.6056665183230261,0.0003484492726977262,BAE,bae,"(0.6050868253226156, 0.606943109868832)",4.844842025999242,0.001,0.6060149675957238,10785.0,,11820,0.56,2_bae,0.0005753153957767306,15
0.6056665183230261,0.011249220548138705,BAE,bae,"(0.5646294750175965, 0.6242051205321782)",0.1136972809999861,0.05,0.5944172977748874,235.0,,280,0.56,2_bae,0.018573291089766082,15
0.6056665183230261,0.0018985753594633614,BAE,bae,"(0.5978344414626822, 0.6097014444644433)",0.5929768210007751,0.01,0.6037679429635627,1215.0,,2160,0.56,2_bae,0.0031346876573599457,15
0.7041348196258655,1.7588308022231658e-05,BAE,bae,"(0.7040959389399801, 0.7042088769277954)",26.765680585000155,0.0001,0.7041524079338878,109405.0,,131140,0.67,2_bae,2.497860854484801e-05,16
0.7041348196258655,0.0009879363067855085,BAE,bae,"(0.7030277068753522, 0.7072178049899499)",0.9740685319993645,0.005,0.7051227559326511,2430.0,,3940,0.67,2_bae,0.001403049926305928,16
0.7041348196258655,7.1602204574361394e-06,BAE,bae,"(0.7031606771337706, 0.7050946416770456)",4.299183168999662,0.001,0.7041276594054081,10785.0,,11420,0.67,2_bae,1.0168820313758444e-05,16
0.7041348196258655,0.08181066952523541,BAE,bae,"(0.7219255659732525, 0.8499654123289494)",0.1307729529999051,0.05,0.785945489151101,235.0,,280,0.67,2_bae,0.11618608715970705,16
0.7041348196258655,0.00443630851848853,BAE,bae,"(0.7028562169800923, 0.7142860393086159)",0.5499253930011037,0.01,0.7085711281443541,1215.0,,1400,0.67,2_bae,0.006300368047195443,16
0.6423672082866361,9.112596369598158e-06,BAE,bae,"(0.6422963707290391, 0.6424198206514938)",30.455389246000777,0.0001,0.6423580956902665,109405.0,,133560,0.6,2_bae,1.4185961319389064e-05,17
0.6423672082866361,7.132065235948559e-05,BAE,bae,"(0.640539040001005, 0.6443380178769861)",1.25425184300002,0.005,0.6424385289389956,2430.0,,3720,0.6,2_bae,0.00011102785360061687,17
0.6423672082866361,0.00041014772443914715,BAE,bae,"(0.6411978941692084, 0.6427162269551855)",5.542963408001015,0.001,0.6419570605621969,10785.0,,14540,0.6,2_bae,0.0006384941808177289,17
0.6423672082866361,0.007543272477647078,BAE,bae,"(0.5917254982529401, 0.6779223733650379)",0.13540023699897574,0.05,0.634823935808989,235.0,,280,0.6,2_bae,0.011742928935876085,17
0.6423672082866361,0.0030675957545240884,BAE,bae,"(0.6276996751408438, 0.6631699329414765)",0.36077281999860134,0.01,0.6454348040411602,1215.0,,1460,0.6,2_bae,0.004775455090097424,17
0.530324472540106,1.4918421873399978e-06,BAE,bae,"(0.5302670539856457, 0.5303789074101916)",48.21320140500029,0.0001,0.5303229806979186,109405.0,,164300,0.48,2_bae,2.8130743810378784e-06,18
0.530324472540106,0.0010716560410035658,BAE,bae,"(0.5256377255336352, 0.5328679074645696)",0.7940189049986657,0.005,0.5292528164991024,2430.0,,2440,0.48,2_bae,0.002020755398804496,18
0.530324472540106,0.0004042994444743986,BAE,bae,"(0.5288855500473311, 0.530954796143932)",5.2390294060005544,0.001,0.5299201730956316,10785.0,,12060,0.48,2_bae,0.0007623624128411749,18
0.530324472540106,0.01390291956055345,BAE,bae,"(0.42322539006561893, 0.609617715893486)",0.14873730599902046,0.05,0.5164215529795525,235.0,,320,0.48,2_bae,0.026215874017584656,18
0.530324472540106,0.00033435077171539707,BAE,bae,"(0.5268899618145308, 0.5344276848091118)",0.6225866730001144,0.01,0.5306588233118213,1215.0,,2280,0.48,2_bae,0.0006304645345027174,18
0.6056665183230261,3.7947603075405567e-06,BAE,bae,"(0.6056162661595068, 0.6057243600071605)",35.86478679799984,0.0001,0.6056703130833336,109405.0,,137960,0.56,2_bae,6.265428569582345e-06,19
0.6056665183230261,0.0012006076040694813,BAE,bae,"(0.600901727696686, 0.6080300937412272)",0.8778770959997928,0.005,0.6044659107189566,2430.0,,4020,0.56,2_bae,0.0019822915214031188,19
0.6056665183230261,0.0002209060067825952,BAE,bae,"(0.6044091364957556, 0.6064820881367314)",4.947302397000385,0.001,0.6054456123162435,10785.0,,11140,0.56,2_bae,0.0003647320763152657,19
0.6056665183230261,0.01204204904667705,BAE,bae,"(0.5625314302948939, 0.6247175082578041)",0.14617981700030214,0.05,0.593624469276349,235.0,,280,0.56,2_bae,0.019882309294591956,19
0.6056665183230261,0.00023054766234453794,BAE,bae,"(0.6014960418838428, 0.6093758994375204)",0.5246162660005211,0.01,0.6054359706606816,1215.0,,1840,0.56,2_bae,0.0003806511592928729,19
